<?xml version="1.0" encoding="UTF-8"?><rss version="2.0"
	xmlns:content="http://purl.org/rss/1.0/modules/content/"
	xmlns:dc="http://purl.org/dc/elements/1.1/"
	xmlns:atom="http://www.w3.org/2005/Atom"
	xmlns:sy="http://purl.org/rss/1.0/modules/syndication/"
	
	>
<channel>
	<title>Comments on: Installing FFTW on Mac OS X Snow Leopard</title>
	<atom:link href="./index.html" rel="self" type="application/rss+xml" />
	<link>./../index.html</link>
	<description>Taro Sato&#039;s Memorandum</description>
	<lastBuildDate>Mon, 07 Jan 2019 10:59:38 +0000</lastBuildDate>
	<sy:updatePeriod>hourly</sy:updatePeriod>
	<sy:updateFrequency>1</sy:updateFrequency>
	<generator>https://wordpress.org/?v=4.4.17</generator>
	<item>
		<title>By: Taro</title>
		<link>./../index.html#comment-1060</link>
		<dc:creator><![CDATA[Taro]]></dc:creator>
		<pubDate>Sat, 16 Jul 2011 20:43:25 +0000</pubDate>
		<guid isPermaLink="false">http://nomo17k.wordpress.com/?p=719#comment-1060</guid>
		<description><![CDATA[I think the problem is this... When you compile your program, you have to tell your compiler where your header and library files are located under your system, if they are not installed in a standard location.  So if you installed your fftw under &lt;em&gt;/usr/local/fftw&lt;/em&gt;, then most likely you need to do something like this:

&lt;code&gt;$ gcc -I/usr/local/fftw/include -l/usr/local/fftw/lib ... whatever you need...&lt;/code&gt;

in order to tell gcc where to look for the include/library files.  HTH.]]></description>
		<content:encoded><![CDATA[<p>I think the problem is this&#8230; When you compile your program, you have to tell your compiler where your header and library files are located under your system, if they are not installed in a standard location.  So if you installed your fftw under <em>/usr/local/fftw</em>, then most likely you need to do something like this:</p>
<p><code>$ gcc -I/usr/local/fftw/include -l/usr/local/fftw/lib ... whatever you need...</code></p>
<p>in order to tell gcc where to look for the include/library files.  HTH.</p>
]]></content:encoded>
	</item>
	<item>
		<title>By: blake</title>
		<link>./../index.html#comment-1059</link>
		<dc:creator><![CDATA[blake]]></dc:creator>
		<pubDate>Sat, 16 Jul 2011 20:28:34 +0000</pubDate>
		<guid isPermaLink="false">http://nomo17k.wordpress.com/?p=719#comment-1059</guid>
		<description><![CDATA[Hello, 

Thanks for the post, the arguments in the configure script were definitely useful. 

Had a quick question that I thought you might be able to answer - I believe the installation completed successfully, but I&#039;m having trouble referencing the fftw.h header file. GCC throws an exception that says 

error: fftw.h: No such file or directory

I&#039;m simply importing the reference using - 

#include 

Do you know what I could be missing? 

Thanks!
blake]]></description>
		<content:encoded><![CDATA[<p>Hello, </p>
<p>Thanks for the post, the arguments in the configure script were definitely useful. </p>
<p>Had a quick question that I thought you might be able to answer &#8211; I believe the installation completed successfully, but I&#8217;m having trouble referencing the fftw.h header file. GCC throws an exception that says </p>
<p>error: fftw.h: No such file or directory</p>
<p>I&#8217;m simply importing the reference using &#8211; </p>
<p>#include </p>
<p>Do you know what I could be missing? </p>
<p>Thanks!<br />
blake</p>
]]></content:encoded>
	</item>
	<item>
		<title>By: Installing SExtractor on Mac OS X Snow Leopard &#124; Biboroku</title>
		<link>./../index.html#comment-141</link>
		<dc:creator><![CDATA[Installing SExtractor on Mac OS X Snow Leopard &#124; Biboroku]]></dc:creator>
		<pubDate>Sun, 09 Jan 2011 19:34:32 +0000</pubDate>
		<guid isPermaLink="false">http://nomo17k.wordpress.com/?p=719#comment-141</guid>
		<description><![CDATA[[...] I need FFTW and ATLAS installed already, and assume that FFTW was installed at /usr/local/fftw, and ATLAS at [...]]]></description>
		<content:encoded><![CDATA[<p>[&#8230;] I need FFTW and ATLAS installed already, and assume that FFTW was installed at /usr/local/fftw, and ATLAS at [&#8230;]</p>
]]></content:encoded>
	</item>
	<item>
		<title>By: Installing SExtractor on Mac OS X Snow Leopard &#171; Biboroku</title>
		<link>./../index.html#comment-47</link>
		<dc:creator><![CDATA[Installing SExtractor on Mac OS X Snow Leopard &#171; Biboroku]]></dc:creator>
		<pubDate>Tue, 23 Mar 2010 00:14:46 +0000</pubDate>
		<guid isPermaLink="false">http://nomo17k.wordpress.com/?p=719#comment-47</guid>
		<description><![CDATA[[...] on Mac OS X Snow&#160;Leopard Filed under: Mac OS X, Snow Leopard &#8212; nomo17k @ 20:14   We need FFTW and ATLAS installed already, and assume that FFTW was installed at /usr/local, and ATLAS at [...]]]></description>
		<content:encoded><![CDATA[<p>[&#8230;] on Mac OS X Snow&nbsp;Leopard Filed under: Mac OS X, Snow Leopard &#8212; nomo17k @ 20:14   We need FFTW and ATLAS installed already, and assume that FFTW was installed at /usr/local, and ATLAS at [&#8230;]</p>
]]></content:encoded>
	</item>
</channel>
</rss>
