<?xml version="1.0" encoding="UTF-8"?><rss version="2.0"
	xmlns:content="http://purl.org/rss/1.0/modules/content/"
	xmlns:dc="http://purl.org/dc/elements/1.1/"
	xmlns:atom="http://www.w3.org/2005/Atom"
	xmlns:sy="http://purl.org/rss/1.0/modules/syndication/"
	
	>
<channel>
	<title>Comments on: Automounting a USB Hard Drive in Debian Squeeze</title>
	<atom:link href="./index.html" rel="self" type="application/rss+xml" />
	<link>./../index.html</link>
	<description>Taro Sato&#039;s Memorandum</description>
	<lastBuildDate>Mon, 07 Jan 2019 10:59:38 +0000</lastBuildDate>
	<sy:updatePeriod>hourly</sy:updatePeriod>
	<sy:updateFrequency>1</sy:updateFrequency>
	<generator>https://wordpress.org/?v=4.4.17</generator>
	<item>
		<title>By: Michelle Konzack</title>
		<link>./../index.html#comment-97361</link>
		<dc:creator><![CDATA[Michelle Konzack]]></dc:creator>
		<pubDate>Wed, 29 Jul 2015 00:18:51 +0000</pubDate>
		<guid isPermaLink="false">http://nomo17k.wordpress.com/?p=1402#comment-97361</guid>
		<description><![CDATA[I am under Debian and it mount as ROOT, and user access does not work for writing.
The solution is to add

&lt;code&gt;        umask=7000&lt;/code&gt;

to the mount options and you are done.]]></description>
		<content:encoded><![CDATA[<p>I am under Debian and it mount as ROOT, and user access does not work for writing.<br />
The solution is to add</p>
<p><code>        umask=7000</code></p>
<p>to the mount options and you are done.</p>
]]></content:encoded>
	</item>
	<item>
		<title>By: Taro</title>
		<link>./../index.html#comment-5596</link>
		<dc:creator><![CDATA[Taro]]></dc:creator>
		<pubDate>Wed, 18 Apr 2012 13:42:48 +0000</pubDate>
		<guid isPermaLink="false">http://nomo17k.wordpress.com/?p=1402#comment-5596</guid>
		<description><![CDATA[darvein -- I don&#039;t have the same problem.  You may need to set proper permissions for regular users (as root) before you write to the disk.]]></description>
		<content:encoded><![CDATA[<p>darvein &#8212; I don&#8217;t have the same problem.  You may need to set proper permissions for regular users (as root) before you write to the disk.</p>
]]></content:encoded>
	</item>
	<item>
		<title>By: Taro</title>
		<link>./../index.html#comment-5595</link>
		<dc:creator><![CDATA[Taro]]></dc:creator>
		<pubDate>Wed, 18 Apr 2012 13:41:24 +0000</pubDate>
		<guid isPermaLink="false">http://nomo17k.wordpress.com/?p=1402#comment-5595</guid>
		<description><![CDATA[laur -- It must be your setting.  The system may mount but the access restrictions should depending on permissions on the filesystem.  I read and write all the time.]]></description>
		<content:encoded><![CDATA[<p>laur &#8212; It must be your setting.  The system may mount but the access restrictions should depending on permissions on the filesystem.  I read and write all the time.</p>
]]></content:encoded>
	</item>
	<item>
		<title>By: marco</title>
		<link>./../index.html#comment-5594</link>
		<dc:creator><![CDATA[marco]]></dc:creator>
		<pubDate>Wed, 18 Apr 2012 13:17:56 +0000</pubDate>
		<guid isPermaLink="false">http://nomo17k.wordpress.com/?p=1402#comment-5594</guid>
		<description><![CDATA[Hi, It works on Debian testing as well. I also tried it on a Ubuntu install (testing), and then my device spit out some other information. Hence the diffulculty of programming!
Thanks, Marco]]></description>
		<content:encoded><![CDATA[<p>Hi, It works on Debian testing as well. I also tried it on a Ubuntu install (testing), and then my device spit out some other information. Hence the diffulculty of programming!<br />
Thanks, Marco</p>
]]></content:encoded>
	</item>
	<item>
		<title>By: darvein</title>
		<link>./../index.html#comment-5491</link>
		<dc:creator><![CDATA[darvein]]></dc:creator>
		<pubDate>Wed, 11 Apr 2012 02:19:01 +0000</pubDate>
		<guid isPermaLink="false">http://nomo17k.wordpress.com/?p=1402#comment-5491</guid>
		<description><![CDATA[It works, but I can&#039;t create/modify any file/folder into /media/wd
I get: permission denied]]></description>
		<content:encoded><![CDATA[<p>It works, but I can&#8217;t create/modify any file/folder into /media/wd<br />
I get: permission denied</p>
]]></content:encoded>
	</item>
	<item>
		<title>By: laur</title>
		<link>./../index.html#comment-5119</link>
		<dc:creator><![CDATA[laur]]></dc:creator>
		<pubDate>Fri, 16 Mar 2012 12:44:09 +0000</pubDate>
		<guid isPermaLink="false">http://nomo17k.wordpress.com/?p=1402#comment-5119</guid>
		<description><![CDATA[It works, but in reality is rather useless, since it mounts drive as root, so the drive will be read-only.]]></description>
		<content:encoded><![CDATA[<p>It works, but in reality is rather useless, since it mounts drive as root, so the drive will be read-only.</p>
]]></content:encoded>
	</item>
</channel>
</rss>
