<?xml version="1.0" encoding="UTF-8"?><rss version="2.0"
	xmlns:content="http://purl.org/rss/1.0/modules/content/"
	xmlns:dc="http://purl.org/dc/elements/1.1/"
	xmlns:atom="http://www.w3.org/2005/Atom"
	xmlns:sy="http://purl.org/rss/1.0/modules/syndication/"
	
	>
<channel>
	<title>Comments on: Install Google Chrome on Debian Jessie</title>
	<atom:link href="./index.html" rel="self" type="application/rss+xml" />
	<link>./../index.html</link>
	<description>Taro Sato&#039;s Memorandum</description>
	<lastBuildDate>Mon, 07 Jan 2019 10:59:38 +0000</lastBuildDate>
	<sy:updatePeriod>hourly</sy:updatePeriod>
	<sy:updateFrequency>1</sy:updateFrequency>
	<generator>https://wordpress.org/?v=4.4.17</generator>
	<item>
		<title>By: Installer Google Chrome sur Debian 8 Jessie &#8211; Blog technophile tfrichet.fr</title>
		<link>./../index.html#comment-112686</link>
		<dc:creator><![CDATA[Installer Google Chrome sur Debian 8 Jessie &#8211; Blog technophile tfrichet.fr]]></dc:creator>
		<pubDate>Sat, 10 Sep 2016 14:08:19 +0000</pubDate>
		<guid isPermaLink="false">./../../../../index.html?p=2583#comment-112686</guid>
		<description><![CDATA[[&#8230;] [source] &#038; [image] [&#8230;]]]></description>
		<content:encoded><![CDATA[<p>[&#8230;] [source] &amp; [image] [&#8230;]</p>
]]></content:encoded>
	</item>
	<item>
		<title>By: Peter</title>
		<link>./../index.html#comment-108138</link>
		<dc:creator><![CDATA[Peter]]></dc:creator>
		<pubDate>Mon, 16 May 2016 15:31:24 +0000</pubDate>
		<guid isPermaLink="false">./../../../../index.html?p=2583#comment-108138</guid>
		<description><![CDATA[Thanks, I never get round to keeping a record myself]]></description>
		<content:encoded><![CDATA[<p>Thanks, I never get round to keeping a record myself</p>
]]></content:encoded>
	</item>
	<item>
		<title>By: ransur0t</title>
		<link>./../index.html#comment-106866</link>
		<dc:creator><![CDATA[ransur0t]]></dc:creator>
		<pubDate>Tue, 05 Apr 2016 00:50:56 +0000</pubDate>
		<guid isPermaLink="false">./../../../../index.html?p=2583#comment-106866</guid>
		<description><![CDATA[Thank you kindly!]]></description>
		<content:encoded><![CDATA[<p>Thank you kindly!</p>
]]></content:encoded>
	</item>
	<item>
		<title>By: meka</title>
		<link>./../index.html#comment-105503</link>
		<dc:creator><![CDATA[meka]]></dc:creator>
		<pubDate>Thu, 25 Feb 2016 17:44:06 +0000</pubDate>
		<guid isPermaLink="false">./../../../../index.html?p=2583#comment-105503</guid>
		<description><![CDATA[thanks man]]></description>
		<content:encoded><![CDATA[<p>thanks man</p>
]]></content:encoded>
	</item>
	<item>
		<title>By: fnln</title>
		<link>./../index.html#comment-101501</link>
		<dc:creator><![CDATA[fnln]]></dc:creator>
		<pubDate>Fri, 30 Oct 2015 12:25:10 +0000</pubDate>
		<guid isPermaLink="false">./../../../../index.html?p=2583#comment-101501</guid>
		<description><![CDATA[After install the &quot;libappindicator1&quot; I was enable to install Google Chrome.]]></description>
		<content:encoded><![CDATA[<p>After install the &#8220;libappindicator1&#8221; I was enable to install Google Chrome.</p>
]]></content:encoded>
	</item>
	<item>
		<title>By: fnln</title>
		<link>./../index.html#comment-101500</link>
		<dc:creator><![CDATA[fnln]]></dc:creator>
		<pubDate>Fri, 30 Oct 2015 12:23:01 +0000</pubDate>
		<guid isPermaLink="false">./../../../../index.html?p=2583#comment-101500</guid>
		<description><![CDATA[Hi!
This output I got on Debian Jessy:
Selecting previously unselected package google-chrome-stable.
(Reading database ... 271497 files and directories currently installed.)
Preparing to unpack google-chrome-stable_current_amd64.deb ...
Unpacking google-chrome-stable (46.0.2490.80-1) ...
dpkg: dependency problems prevent configuration of google-chrome-stable:
 google-chrome-stable depends on libappindicator1; however:
  Package libappindicator1 is not installed.

dpkg: error processing package google-chrome-stable (--install):
 dependency problems - leaving unconfigured
Processing triggers for man-db (2.7.0.2-5) ...
Processing triggers for gnome-menus (3.13.3-6) ...
Processing triggers for desktop-file-utils (0.22-1) ...
Processing triggers for mime-support (3.58) ...
Processing triggers for menu (2.1.47) ...
Errors were encountered while processing:
 google-chrome-stable]]></description>
		<content:encoded><![CDATA[<p>Hi!<br />
This output I got on Debian Jessy:<br />
Selecting previously unselected package google-chrome-stable.<br />
(Reading database &#8230; 271497 files and directories currently installed.)<br />
Preparing to unpack google-chrome-stable_current_amd64.deb &#8230;<br />
Unpacking google-chrome-stable (46.0.2490.80-1) &#8230;<br />
dpkg: dependency problems prevent configuration of google-chrome-stable:<br />
 google-chrome-stable depends on libappindicator1; however:<br />
  Package libappindicator1 is not installed.</p>
<p>dpkg: error processing package google-chrome-stable (&#8211;install):<br />
 dependency problems &#8211; leaving unconfigured<br />
Processing triggers for man-db (2.7.0.2-5) &#8230;<br />
Processing triggers for gnome-menus (3.13.3-6) &#8230;<br />
Processing triggers for desktop-file-utils (0.22-1) &#8230;<br />
Processing triggers for mime-support (3.58) &#8230;<br />
Processing triggers for menu (2.1.47) &#8230;<br />
Errors were encountered while processing:<br />
 google-chrome-stable</p>
]]></content:encoded>
	</item>
	<item>
		<title>By: Installer Google Chrome sur Debian 8 Jessie &#124; Blog technophile tfrichet.fr</title>
		<link>./../index.html#comment-97384</link>
		<dc:creator><![CDATA[Installer Google Chrome sur Debian 8 Jessie &#124; Blog technophile tfrichet.fr]]></dc:creator>
		<pubDate>Wed, 29 Jul 2015 07:11:43 +0000</pubDate>
		<guid isPermaLink="false">./../../../../index.html?p=2583#comment-97384</guid>
		<description><![CDATA[[&#8230;] [source][/source] &#038; [image] [&#8230;]]]></description>
		<content:encoded><![CDATA[<p>[&#8230;]  &amp; [image] [&#8230;]</p>
]]></content:encoded>
	</item>
	<item>
		<title>By: Eddie</title>
		<link>./../index.html#comment-94054</link>
		<dc:creator><![CDATA[Eddie]]></dc:creator>
		<pubDate>Mon, 11 May 2015 15:56:01 +0000</pubDate>
		<guid isPermaLink="false">./../../../../index.html?p=2583#comment-94054</guid>
		<description><![CDATA[Muito obrigado pela dica, vlw!]]></description>
		<content:encoded><![CDATA[<p>Muito obrigado pela dica, vlw!</p>
]]></content:encoded>
	</item>
</channel>
</rss>
