<?xml version="1.0" encoding="UTF-8"?><rss version="2.0"
	xmlns:content="http://purl.org/rss/1.0/modules/content/"
	xmlns:dc="http://purl.org/dc/elements/1.1/"
	xmlns:atom="http://www.w3.org/2005/Atom"
	xmlns:sy="http://purl.org/rss/1.0/modules/syndication/"
	
	>
<channel>
	<title>Comments on: Using DNS Servers in Debian/Jessie</title>
	<atom:link href="./index.html" rel="self" type="application/rss+xml" />
	<link>./../index.html</link>
	<description>Taro Sato&#039;s Memorandum</description>
	<lastBuildDate>Mon, 07 Jan 2019 10:59:38 +0000</lastBuildDate>
	<sy:updatePeriod>hourly</sy:updatePeriod>
	<sy:updateFrequency>1</sy:updateFrequency>
	<generator>https://wordpress.org/?v=4.4.17</generator>
	<item>
		<title>By: Taro</title>
		<link>./../index.html#comment-101944</link>
		<dc:creator><![CDATA[Taro]]></dc:creator>
		<pubDate>Sat, 07 Nov 2015 20:59:29 +0000</pubDate>
		<guid isPermaLink="false">./../../../../index.html?p=2696#comment-101944</guid>
		<description><![CDATA[c -- That could be true, as I have seen /etc/resolv.conf sometimes getting overwritten by some process.

But on my Jessie box it still works with the config that I outlined in this point. Will see.]]></description>
		<content:encoded><![CDATA[<p>c &#8212; That could be true, as I have seen /etc/resolv.conf sometimes getting overwritten by some process.</p>
<p>But on my Jessie box it still works with the config that I outlined in this point. Will see.</p>
]]></content:encoded>
	</item>
	<item>
		<title>By: c</title>
		<link>./../index.html#comment-101929</link>
		<dc:creator><![CDATA[c]]></dc:creator>
		<pubDate>Sat, 07 Nov 2015 16:48:58 +0000</pubDate>
		<guid isPermaLink="false">./../../../../index.html?p=2696#comment-101929</guid>
		<description><![CDATA[this does not apply to the latest copies of jessie.
resolveconf.conf comes into play.]]></description>
		<content:encoded><![CDATA[<p>this does not apply to the latest copies of jessie.<br />
resolveconf.conf comes into play.</p>
]]></content:encoded>
	</item>
</channel>
</rss>
