<?xml version="1.0" encoding="UTF-8"?><rss version="2.0"
	xmlns:content="http://purl.org/rss/1.0/modules/content/"
	xmlns:dc="http://purl.org/dc/elements/1.1/"
	xmlns:atom="http://www.w3.org/2005/Atom"
	xmlns:sy="http://purl.org/rss/1.0/modules/syndication/"
	
	>
<channel>
	<title>Comments on: Installing SExtractor 2.8.6 on Mac OS X Leopard</title>
	<atom:link href="./index.html" rel="self" type="application/rss+xml" />
	<link>./../index.html</link>
	<description>Taro Sato&#039;s Memorandum</description>
	<lastBuildDate>Mon, 07 Jan 2019 10:59:38 +0000</lastBuildDate>
	<sy:updatePeriod>hourly</sy:updatePeriod>
	<sy:updateFrequency>1</sy:updateFrequency>
	<generator>https://wordpress.org/?v=4.4.17</generator>
	<item>
		<title>By: nomo17k</title>
		<link>./../index.html#comment-39</link>
		<dc:creator><![CDATA[nomo17k]]></dc:creator>
		<pubDate>Tue, 06 Apr 2010 03:28:17 +0000</pubDate>
		<guid isPermaLink="false">http://nomo17k.wordpress.com/?p=631#comment-39</guid>
		<description><![CDATA[Dear Kurt Vonnegut,

Dude long time no see...

If you don&#039;t want to mess with mac port, I found it was easy enough to install FFTW and ATLAS from source:

http://nomo17k.wordpress.com/2010/03/22/installing-sextractor-on-mac-os-x-snow-leopard/

That instruction is for snow leopard, but if your CPU is 64-bit capable I think there isn&#039;t really much difference in leopard.]]></description>
		<content:encoded><![CDATA[<p>Dear Kurt Vonnegut,</p>
<p>Dude long time no see&#8230;</p>
<p>If you don&#8217;t want to mess with mac port, I found it was easy enough to install FFTW and ATLAS from source:</p>
<p><a href="http://nomo17k.wordpress.com/2010/03/22/installing-sextractor-on-mac-os-x-snow-leopard/" rel="nofollow">http://nomo17k.wordpress.com/2010/03/22/installing-sextractor-on-mac-os-x-snow-leopard/</a></p>
<p>That instruction is for snow leopard, but if your CPU is 64-bit capable I think there isn&#8217;t really much difference in leopard.</p>
]]></content:encoded>
	</item>
	<item>
		<title>By: Kurt</title>
		<link>./../index.html#comment-38</link>
		<dc:creator><![CDATA[Kurt]]></dc:creator>
		<pubDate>Mon, 05 Apr 2010 23:56:59 +0000</pubDate>
		<guid isPermaLink="false">http://nomo17k.wordpress.com/?p=631#comment-38</guid>
		<description><![CDATA[Hey Taro,

Thanks for posting, I was just recently trying to figure out how to do this.  I&#039;ve not done it yet, since I haven&#039;t messed with mac ports, but I will probably do it soon.]]></description>
		<content:encoded><![CDATA[<p>Hey Taro,</p>
<p>Thanks for posting, I was just recently trying to figure out how to do this.  I&#8217;ve not done it yet, since I haven&#8217;t messed with mac ports, but I will probably do it soon.</p>
]]></content:encoded>
	</item>
</channel>
</rss>
