<?xml version="1.0" encoding="UTF-8"?><rss version="2.0"
	xmlns:content="http://purl.org/rss/1.0/modules/content/"
	xmlns:dc="http://purl.org/dc/elements/1.1/"
	xmlns:atom="http://www.w3.org/2005/Atom"
	xmlns:sy="http://purl.org/rss/1.0/modules/syndication/"
	
	>
<channel>
	<title>Comments on: Customizing &#038; Installing Linux Kernel on Debian Squeeze</title>
	<atom:link href="./index.html" rel="self" type="application/rss+xml" />
	<link>./../index.html</link>
	<description>Taro Sato&#039;s Memorandum</description>
	<lastBuildDate>Mon, 07 Jan 2019 10:59:38 +0000</lastBuildDate>
	<sy:updatePeriod>hourly</sy:updatePeriod>
	<sy:updateFrequency>1</sy:updateFrequency>
	<generator>https://wordpress.org/?v=4.4.17</generator>
	<item>
		<title>By: Setting up a Quantum LTO5 Tape Drive on Debian &#171; Stream #0</title>
		<link>./../index.html#comment-1186</link>
		<dc:creator><![CDATA[Setting up a Quantum LTO5 Tape Drive on Debian &#171; Stream #0]]></dc:creator>
		<pubDate>Thu, 04 Aug 2011 16:58:22 +0000</pubDate>
		<guid isPermaLink="false">http://nomo17k.wordpress.com/?p=754#comment-1186</guid>
		<description><![CDATA[[...] help from the Interwebs, and using a very helpful tutorial page, I was able to build my own custom Linux kernel (2.6.39 if you&#8217;re interested). It [...]]]></description>
		<content:encoded><![CDATA[<p>[&#8230;] help from the Interwebs, and using a very helpful tutorial page, I was able to build my own custom Linux kernel (2.6.39 if you&#8217;re interested). It [&#8230;]</p>
]]></content:encoded>
	</item>
	<item>
		<title>By: Taro</title>
		<link>./../index.html#comment-892</link>
		<dc:creator><![CDATA[Taro]]></dc:creator>
		<pubDate>Sat, 18 Jun 2011 02:53:47 +0000</pubDate>
		<guid isPermaLink="false">http://nomo17k.wordpress.com/?p=754#comment-892</guid>
		<description><![CDATA[The procedure is for Debian, so it may well be different for Ubuntu, yes...]]></description>
		<content:encoded><![CDATA[<p>The procedure is for Debian, so it may well be different for Ubuntu, yes&#8230;</p>
]]></content:encoded>
	</item>
	<item>
		<title>By: shawn bai</title>
		<link>./../index.html#comment-891</link>
		<dc:creator><![CDATA[shawn bai]]></dc:creator>
		<pubDate>Sat, 18 Jun 2011 00:06:54 +0000</pubDate>
		<guid isPermaLink="false">http://nomo17k.wordpress.com/?p=754#comment-891</guid>
		<description><![CDATA[Hi,  so great, I have the same problem that initrd is not produced, 
image is ok

I follow your guide, it actually works out. Thanks.
&quot;&quot;&quot;&quot;&quot;&quot;&quot;&quot;&quot;&quot;&quot;&quot;&quot;&quot;&quot;&quot;&quot;&quot;&quot;&quot;&quot;&quot;&quot;&quot;&quot;&quot;&quot;&quot;&quot;&quot;&quot;&quot;&quot;&quot;&quot;&quot;&quot;&quot;&#039;
Well, it turns out make-kpkg --initrd does not automatically create a /boot/inird.img-* file for my current configuration. I wondered for a while why my new custom kernel keeps panicking upon reboot but finally realized that was the cause.

Fortunately, I can create the image myself easily:

$ sudo update-initramfs -c -k 2.6.32.20100321.1
$ sudo update-grub
&quot;&quot;&quot;&quot;&quot;&quot;&quot;&quot;&quot;&quot;&quot;&quot;&quot;&quot;&quot;&quot;&quot;&quot;&quot;&quot;&quot;&quot;&quot;&quot;&quot;&quot;&quot;&quot;&quot;&quot;&quot;&quot;&quot;&quot;&quot;&quot;&#039;
BTW, wubi is the tool used to install Xubuntu.]]></description>
		<content:encoded><![CDATA[<p>Hi,  so great, I have the same problem that initrd is not produced,<br />
image is ok</p>
<p>I follow your guide, it actually works out. Thanks.<br />
&#8220;&#8221;&#8221;&#8221;&#8221;&#8221;&#8221;&#8221;&#8221;&#8221;&#8221;&#8221;&#8221;&#8221;&#8221;&#8221;&#8221;&#8221;&#8221;&#8221;&#8221;&#8221;&#8221;&#8221;&#8221;&#8221;&#8221;&#8221;&#8221;&#8221;&#8221;&#8221;&#8221;&#8221;&#8221;&#8221;&#8221;&#8221;&#8216;<br />
Well, it turns out make-kpkg &#8211;initrd does not automatically create a /boot/inird.img-* file for my current configuration. I wondered for a while why my new custom kernel keeps panicking upon reboot but finally realized that was the cause.</p>
<p>Fortunately, I can create the image myself easily:</p>
<p>$ sudo update-initramfs -c -k 2.6.32.20100321.1<br />
$ sudo update-grub<br />
&#8220;&#8221;&#8221;&#8221;&#8221;&#8221;&#8221;&#8221;&#8221;&#8221;&#8221;&#8221;&#8221;&#8221;&#8221;&#8221;&#8221;&#8221;&#8221;&#8221;&#8221;&#8221;&#8221;&#8221;&#8221;&#8221;&#8221;&#8221;&#8221;&#8221;&#8221;&#8221;&#8221;&#8221;&#8221;&#8221;&#8216;<br />
BTW, wubi is the tool used to install Xubuntu.</p>
]]></content:encoded>
	</item>
	<item>
		<title>By: Taro</title>
		<link>./../index.html#comment-795</link>
		<dc:creator><![CDATA[Taro]]></dc:creator>
		<pubDate>Sat, 28 May 2011 13:14:53 +0000</pubDate>
		<guid isPermaLink="false">http://nomo17k.wordpress.com/?p=754#comment-795</guid>
		<description><![CDATA[I personally don&#039;t use Synaptic (just using apt-get or aptitude command-line), so if there&#039;s any specific difference I don&#039;t know how to go about it.  If it&#039;s a security update, I tend to apply all package updates including kernel related stuff (via aptitude update, upgrade, dist-upgrade sequence, for example).  

Even after you do that, the custom kernel doesn&#039;t get overwritten.  The version you custom installed should continue to be available during the boot menu with grub or lilo.  You just need to choose one, if not set as default.  We actually have an option to keep kernel builds with different kernel options (after all customization is where Linux shines....).  My older desktop still has 2.4.X kernel builds, and I sometimes run it when I have problems with the box....

If you really need to keep your package to an older version, there is a way to do it (with apt pinning and such), but I don&#039;t know why you need to bother with it in the kernel updates.  I can imagine a few instances in which conflicts between the custom kernel and prepackaged versions need to be resolved (e.g., building a kernel module against a source), but unless you have that type of problem, I don&#039;t see why you wish to bother with not applying security updates and all.]]></description>
		<content:encoded><![CDATA[<p>I personally don&#8217;t use Synaptic (just using apt-get or aptitude command-line), so if there&#8217;s any specific difference I don&#8217;t know how to go about it.  If it&#8217;s a security update, I tend to apply all package updates including kernel related stuff (via aptitude update, upgrade, dist-upgrade sequence, for example).  </p>
<p>Even after you do that, the custom kernel doesn&#8217;t get overwritten.  The version you custom installed should continue to be available during the boot menu with grub or lilo.  You just need to choose one, if not set as default.  We actually have an option to keep kernel builds with different kernel options (after all customization is where Linux shines&#8230;.).  My older desktop still has 2.4.X kernel builds, and I sometimes run it when I have problems with the box&#8230;.</p>
<p>If you really need to keep your package to an older version, there is a way to do it (with apt pinning and such), but I don&#8217;t know why you need to bother with it in the kernel updates.  I can imagine a few instances in which conflicts between the custom kernel and prepackaged versions need to be resolved (e.g., building a kernel module against a source), but unless you have that type of problem, I don&#8217;t see why you wish to bother with not applying security updates and all.</p>
]]></content:encoded>
	</item>
	<item>
		<title>By: jim woodward</title>
		<link>./../index.html#comment-794</link>
		<dc:creator><![CDATA[jim woodward]]></dc:creator>
		<pubDate>Sat, 28 May 2011 08:26:49 +0000</pubDate>
		<guid isPermaLink="false">http://nomo17k.wordpress.com/?p=754#comment-794</guid>
		<description><![CDATA[My problem is: (and maybe it&#039;s just ignorance)
How do I get synaptic to not want to install a kernel which
is older than the one I compiled and am using?
My present kernel is 2.6.38.6
Thanks]]></description>
		<content:encoded><![CDATA[<p>My problem is: (and maybe it&#8217;s just ignorance)<br />
How do I get synaptic to not want to install a kernel which<br />
is older than the one I compiled and am using?<br />
My present kernel is 2.6.38.6<br />
Thanks</p>
]]></content:encoded>
	</item>
	<item>
		<title>By: Taro</title>
		<link>./../index.html#comment-791</link>
		<dc:creator><![CDATA[Taro]]></dc:creator>
		<pubDate>Fri, 27 May 2011 14:45:57 +0000</pubDate>
		<guid isPermaLink="false">http://nomo17k.wordpress.com/?p=754#comment-791</guid>
		<description><![CDATA[Jim -- If you have problem reverting to the custom kernel, you can try reinstalling it.  But usually at boot (with grub/lilo) you should continue to have an option to choose whatever kernel installed on your system.]]></description>
		<content:encoded><![CDATA[<p>Jim &#8212; If you have problem reverting to the custom kernel, you can try reinstalling it.  But usually at boot (with grub/lilo) you should continue to have an option to choose whatever kernel installed on your system.</p>
]]></content:encoded>
	</item>
	<item>
		<title>By: jim woodward</title>
		<link>./../index.html#comment-790</link>
		<dc:creator><![CDATA[jim woodward]]></dc:creator>
		<pubDate>Fri, 27 May 2011 14:18:01 +0000</pubDate>
		<guid isPermaLink="false">http://nomo17k.wordpress.com/?p=754#comment-790</guid>
		<description><![CDATA[does this method create headers?
what should i do when sysnapsis wants to install a kernel that is older than the one I installed?
thanks for post,
jim]]></description>
		<content:encoded><![CDATA[<p>does this method create headers?<br />
what should i do when sysnapsis wants to install a kernel that is older than the one I installed?<br />
thanks for post,<br />
jim</p>
]]></content:encoded>
	</item>
	<item>
		<title>By: Debian Linux - Squeeze - Build audio driver snd-cs46xx</title>
		<link>./../index.html#comment-544</link>
		<dc:creator><![CDATA[Debian Linux - Squeeze - Build audio driver snd-cs46xx]]></dc:creator>
		<pubDate>Tue, 12 Apr 2011 01:41:47 +0000</pubDate>
		<guid isPermaLink="false">http://nomo17k.wordpress.com/?p=754#comment-544</guid>
		<description><![CDATA[[...] 2 links along with link from reed9 should get you going. ./../../../../index.html?p=754 [...]]]></description>
		<content:encoded><![CDATA[<p>[&#8230;] 2 links along with link from reed9 should get you going. <a href="./../../../../index.html?p=754" rel="nofollow">./../../../../index.html?p=754</a> [&#8230;]</p>
]]></content:encoded>
	</item>
	<item>
		<title>By: Carlo Pires</title>
		<link>./../index.html#comment-292</link>
		<dc:creator><![CDATA[Carlo Pires]]></dc:creator>
		<pubDate>Thu, 24 Feb 2011 19:29:19 +0000</pubDate>
		<guid isPermaLink="false">http://nomo17k.wordpress.com/?p=754#comment-292</guid>
		<description><![CDATA[Thanks for posting. This helped me a lot.]]></description>
		<content:encoded><![CDATA[<p>Thanks for posting. This helped me a lot.</p>
]]></content:encoded>
	</item>
	<item>
		<title>By: USB 3.0 ExpressCard Adapter on Debian Squeeze &#124; Biboroku</title>
		<link>./../index.html#comment-132</link>
		<dc:creator><![CDATA[USB 3.0 ExpressCard Adapter on Debian Squeeze &#124; Biboroku]]></dc:creator>
		<pubDate>Sun, 02 Jan 2011 05:34:18 +0000</pubDate>
		<guid isPermaLink="false">http://nomo17k.wordpress.com/?p=754#comment-132</guid>
		<description><![CDATA[[...] have to make sure relevant kernel options are enabled.  If not, build a kernel from source, making sure the following options are [...]]]></description>
		<content:encoded><![CDATA[<p>[&#8230;] have to make sure relevant kernel options are enabled.  If not, build a kernel from source, making sure the following options are [&#8230;]</p>
]]></content:encoded>
	</item>
	<item>
		<title>By: Installing Debian Squeeze on Dell XPS 630i &#171; Biboroku</title>
		<link>./../index.html#comment-50</link>
		<dc:creator><![CDATA[Installing Debian Squeeze on Dell XPS 630i &#171; Biboroku]]></dc:creator>
		<pubDate>Tue, 14 Dec 2010 11:27:59 +0000</pubDate>
		<guid isPermaLink="false">http://nomo17k.wordpress.com/?p=754#comment-50</guid>
		<description><![CDATA[[...] this page, here is the summary.  I assume the custom kernel has been compiled and installed following this procedure, and this procedure is done after reboot, while the system is running on that custom [...]]]></description>
		<content:encoded><![CDATA[<p>[&#8230;] this page, here is the summary.  I assume the custom kernel has been compiled and installed following this procedure, and this procedure is done after reboot, while the system is running on that custom [&#8230;]</p>
]]></content:encoded>
	</item>
	<item>
		<title>By: Installing Debian Squeeze (AMD64) on Lenovo T410s &#171; Biboroku</title>
		<link>./../index.html#comment-49</link>
		<dc:creator><![CDATA[Installing Debian Squeeze (AMD64) on Lenovo T410s &#171; Biboroku]]></dc:creator>
		<pubDate>Tue, 01 Jun 2010 14:22:41 +0000</pubDate>
		<guid isPermaLink="false">http://nomo17k.wordpress.com/?p=754#comment-49</guid>
		<description><![CDATA[[...] 2.26.34 from kernel.org. (The Debian kernel is at 2.26.32 on Squeeze.) The procedure is outlined in this article, with the only change that you download a kernel source directly from kernel.org rather than [...]]]></description>
		<content:encoded><![CDATA[<p>[&#8230;] 2.26.34 from kernel.org. (The Debian kernel is at 2.26.32 on Squeeze.) The procedure is outlined in this article, with the only change that you download a kernel source directly from kernel.org rather than [&#8230;]</p>
]]></content:encoded>
	</item>
</channel>
</rss>
