<?xml version="1.0" encoding="UTF-8"?><rss version="2.0"
	xmlns:content="http://purl.org/rss/1.0/modules/content/"
	xmlns:dc="http://purl.org/dc/elements/1.1/"
	xmlns:atom="http://www.w3.org/2005/Atom"
	xmlns:sy="http://purl.org/rss/1.0/modules/syndication/"
	
	>
<channel>
	<title>Comments on: Installing Debian Wheezy on Lenovo T420</title>
	<atom:link href="./index.html" rel="self" type="application/rss+xml" />
	<link>./../index.html</link>
	<description>Taro Sato&#039;s Memorandum</description>
	<lastBuildDate>Mon, 07 Jan 2019 10:59:38 +0000</lastBuildDate>
	<sy:updatePeriod>hourly</sy:updatePeriod>
	<sy:updateFrequency>1</sy:updateFrequency>
	<generator>https://wordpress.org/?v=4.4.17</generator>
	<item>
		<title>By: Hurdler Kenning</title>
		<link>./../index.html#comment-135570</link>
		<dc:creator><![CDATA[Hurdler Kenning]]></dc:creator>
		<pubDate>Fri, 25 May 2018 09:34:34 +0000</pubDate>
		<guid isPermaLink="false">./../../../../index.html?p=1821#comment-135570</guid>
		<description><![CDATA[Looking good :)]]></description>
		<content:encoded><![CDATA[<p>Looking good <img src="./../../../../wp-includes/images/smilies/simple-smile.png" alt=":)" class="wp-smiley" style="height: 1em; max-height: 1em;" /></p>
]]></content:encoded>
	</item>
</channel>
</rss>
