<?xml version="1.0" encoding="UTF-8"?><rss version="2.0"
	xmlns:content="http://purl.org/rss/1.0/modules/content/"
	xmlns:wfw="http://wellformedweb.org/CommentAPI/"
	xmlns:dc="http://purl.org/dc/elements/1.1/"
	xmlns:atom="http://www.w3.org/2005/Atom"
	xmlns:sy="http://purl.org/rss/1.0/modules/syndication/"
	xmlns:slash="http://purl.org/rss/1.0/modules/slash/"
	
xmlns:georss="http://www.georss.org/georss" xmlns:geo="http://www.w3.org/2003/01/geo/wgs84_pos#"
>

<channel>
	<title>okomelog</title>
	<atom:link href="./index.html" rel="self" type="application/rss+xml" />
	<link>./../index.html</link>
	<description>Ramblings from Okome Studio</description>
	<lastBuildDate>Tue, 29 Apr 2014 05:04:29 +0000</lastBuildDate>
	<language>en-US</language>
	<sy:updatePeriod>hourly</sy:updatePeriod>
	<sy:updateFrequency>1</sy:updateFrequency>
	<generator>https://wordpress.org/?v=5.0.3</generator>
<site xmlns="com-wordpress:feed-additions:1">67746036</site>	<item>
		<title>Branding of Okome Studio</title>
		<link>./../2014/04/28/branding-of-okome-studio/index.html</link>
		<comments>./../2014/04/28/branding-of-okome-studio/index.html#respond</comments>
		<pubDate>Mon, 28 Apr 2014 19:59:03 +0000</pubDate>
		<dc:creator><![CDATA[taro]]></dc:creator>
				<category><![CDATA[Diary]]></category>
		<category><![CDATA[English]]></category>

		<guid isPermaLink="false">./../index.html?p=31</guid>
		<description><![CDATA[I consider myself a substance-over-style guy. Over the years though, I have come to realize that beautiful style adds to substance more than it is given credit for by someone of my inclination. Why do good programmers care about coding styles, like PEP 8 for Python or the ones made public by Google? Because it ... <span class="more"><a class="more-link" href="./../2014/04/28/branding-of-okome-studio/index.html">[Read more...]</a></span>]]></description>
				<content:encoded><![CDATA[<p>I consider myself a substance-over-style guy.</p>
<p>Over the years though, I have come to realize that beautiful style adds to substance more than it is given credit for by someone of my inclination. Why do good programmers care about coding styles, like <a href="http://legacy.python.org/dev/peps/pep-0008/">PEP 8 for Python</a> or the <a href="https://code.google.com/p/google-styleguide/">ones made public by Google</a>? Because it improves readability and therefore maintainability of code for all developers involved in the project. Why do most important <a href="http://en.wikipedia.org/wiki/List_of_laws_in_science">fundamental laws of science</a> look simple yet beautifully elegant to the eyes in their mathematical form? Because they provide the descriptions of universality in its purest form. Why do well-kept, good-looking women keep getting more cherished despite the mantra of inner beauty and less focus on appearance? Because physical beauty exudes healthfulness and fertility, both essential for biological sustainability. </p>
<p>Style is not just a matter of aesthetics, and good aesthetics are realization of fundamentally important ideas and concepts.</p>
<p><span id="more-31"></span></p>
<p>For a while I have been wanting to revamp my professional web site, <a href="http://okomestudio.net/">Okome Studio</a>. I have always had personal web pages, often hosted on a web server of whatever university I was in at the time. They were plain, consisted mostly of information about my research, academic endeavors, and some useful materials for sharing in the community. That was all I needed, as nobody cared how it looked.</p>
<p>Several years ago, I decided to create a &#8220;personal brand&#8221; of sort, in order for me to facilitate working in industry. That&#8217;s how Okome Studio came to existence.</p>
<p>That personal brand never really had any identity aside from my own rather personal feeling toward the use of two words, &#8220;okome&#8221; and &#8220;studio.&#8221; Both are important to me for entirely different reasons. I love okome (お米), Japanese rice, as food but also for what it symbolizes in Japanese culture, some of which I wrote about in the <a href="http://okomestudio.net/">about page of the parent site</a>. Naming this entity a &#8220;studio&#8221; was also important to me; I have always wished my endeavors to be more like the ones that happen in an art studio than a corporate environment. I like being around people whose value originates from creativity and social conscience. I wish to be like them.</p>
<p>As I began the process of revamping Okome Studio, I wanted to convey those feelings visually through a logo. I didn&#8217;t have very advanced graphic design skills, however. I needed help from someone well-versed in Photoshop and Illustrator, not a wannabe like myself who have occasionally played with GIMP and Inkscape on Linux. I further needed the person to understand subtleties that might arise from cultural differences. Like, how should I fully convey my own image of okome to a designer, if s/he has never had any notable impression of rice in general? I knew that many in the U.S. are not particularly fond of rice as food, often under/overcooked and just tastes cheap and smells too starchy in general, but that is not the kind of rice I had in mind. Okome is different. It is the kind of rice that can stand its own as rice ball or what makes sushi so great.</p>
<p>After a couple unanswered inquiries to local design shops, I luckily ran into Nobuhiro Sato, a Japanese designer also based in San Francisco. I have never hired a graphic designer for a gig before, so my expectation of the process was simple: just convey what my needs are and the graphic designer uses his mastery of digital arts to distill that imagery into a cool, professional-looking art of some sort. I was not going to spend a fortune in this, so in a way, I thought I was simply paying for digital art design skills that I lack, and not much more.</p>
<p>Oh boy, was I wrong!</p>
<p>The initial process started in me responding to an extended questionnaire designed for Nobuhiro to get to know who I am, what I desire in design, as well as what my goals are in creating the brand itself. This was humbling in a sense, since it made me realize how much I still had left to think deeply about what I was trying to accomplish. It became as much a step for me to study my own intentions. I responded very verbosely as I usually do in writing anything, like this blog post.</p>
<p>While from his portfolio I was aware of his superior graphic design skills and tastes, Nobuhiro impressed me the most in his approach to brand design. At the first meeting, he emphasized his need as a designer to develop <em>empathy</em> for his client. That is what the extended questionnaire was for, but I was intrigued in the way he seems to interview me as a person while at the same time appeared to gradually build his intuitions into visual elements. Through the conversation, the medium between my intention and visual design was what he was trying to become. I shared with him what I want the design to convey, and also got to experience and ask about how a brand designing process goes like. The latter was riveting to me, since I have never had first-hand experience in the process, and I am always curious as to how other professionals work. All in all, the meeting I felt was very successful. </p>
<p>In a couple meetings which followed, we discussed the details of a few candidate designs, colors, and typography Nobuhiro proposed. I liked most designs he proposed in their own ways, but it must have been difficult to incorporate all the elements that I randomly mentioned that I liked to be present in the design, many of which can be quite incongruent together (modern vs. retro, warm and fuzzy vs. sharpness, Japanese vs. American, sciences vs. arts, etc.). I am indeed scatter brained and a hardcore day dreamer; that is how I have always been. Realizing all my wishes at once must have been difficult, but if anything the process taught me how not so trivial it is to put together different pieces of ideas, each in itself is perfectly nice and fine, into a single entity like a brand logo. In Nobuhiro&#8217;s words, creating a brand logo is more a process of identifying restrictions, what do not make sense for the particular brand. If a design consists of a hodgepodge of good-looking elements, it is simply an art and not a brand image. That makes sense, and it is clear I did not have a very deep appreciation of what a brand really means. </p>
<p>So, what did we come up with? We converged on this design:</p>
<p><a href="https://i0.wp.com/okomestudio.net/okomelog/wp-content/uploads/2014/04/okome_logo1.png"><img src="https://i0.wp.com/okomestudio.net/okomelog/wp-content/uploads/2014/04/okome_logo1.png?resize=268%2C323" alt="okome_logo" width="268" height="323" class="aligncenter size-full wp-image-47" srcset="https://i0.wp.com/okomestudio.net/okomelog/wp-content/uploads/2014/04/okome_logo1.png?w=268 268w, https://i0.wp.com/okomestudio.net/okomelog/wp-content/uploads/2014/04/okome_logo1.png?resize=248%2C300 248w" sizes="(max-width: 268px) 100vw, 268px" data-recalc-dims="1" /></a></p>
<p>There are a few concepts woven into this particular logo, but I feel that to be explicit about them in writing defeats the purpose of the design, which should speak for itself. One cute thing that might escape attention of people who are not aware of okome, however, is that little dent in the upper right corner. While I had a rather strong wish to highlight that feature of okome, people might not see what I want them to see, a point with which Nobuhiro also seemed to be concerned a bit. But I like that element of cultural gap and misunderstanding to be present as well. It is fact of life and increasingly unavoidable as people can easily get exposed to different cultures. I have been living like that for so many years, and I would not mind explaining the significance of that little piece of design for those who get curious. That process should be enjoyed.</p>
<p>The picture taken with an Android phone does not do justice to how it really looks, but Nobuhiro also designed me a business card:</p>
<p><a href="https://i2.wp.com/okomestudio.net/okomelog/wp-content/uploads/2014/04/businesscard1.jpg"><img src="https://i2.wp.com/okomestudio.net/okomelog/wp-content/uploads/2014/04/businesscard1.jpg?resize=400%2C531" alt="businesscard" width="400" height="531" class="aligncenter size-full wp-image-259" srcset="https://i2.wp.com/okomestudio.net/okomelog/wp-content/uploads/2014/04/businesscard1.jpg?w=400 400w, https://i2.wp.com/okomestudio.net/okomelog/wp-content/uploads/2014/04/businesscard1.jpg?resize=225%2C300 225w" sizes="(max-width: 400px) 100vw, 400px" data-recalc-dims="1" /></a></p>
<p>Being in academia for the bulk of my life, I have never had employment where I was given a box full of business cards from my employers. This is really the first time I have created one for my own use.</p>
<p>Will this whole process of having a professionally-designed logo actually help me and Okome Studio move forward? That remains to be seen, but I feel the road is lit slightly brighter, now that some of my long-standing ideas and concepts for Okome Studio have come into visibility with the help of Nobuhiro&#8217;s brand designing process. I learned a lot from the whole experience and wish to meet and work with more people like him in future.</p>
<p>Now, I have to substantiate the style. Isn&#8217;t that backward? Perhaps, but good aesthetics often motivates me to get to where I need to be to truly appreciate it.</p>
<p>&nbsp;<br />
&nbsp;</p>
<hr />
Nobuhiro Sato works in San Francisco and has his own design studio, <a href="http://nobuhirosato.com/">Nobuhiro Sato Design</a>. He is an aspiring designer of all things, including graphics, web, as well as user interfaces and experiences.</p>
<hr />
<p>&nbsp;<br />
&nbsp;</p>
]]></content:encoded>
			<wfw:commentRss>./../2014/04/28/branding-of-okome-studio/feed/index.html</wfw:commentRss>
		<slash:comments>0</slash:comments>
	<post-id xmlns="com-wordpress:feed-additions:1">31</post-id>	</item>
	</channel>
</rss>
