<?xml version="1.0" encoding="UTF-8"?><rss version="2.0"
	xmlns:content="http://purl.org/rss/1.0/modules/content/"
	xmlns:wfw="http://wellformedweb.org/CommentAPI/"
	xmlns:dc="http://purl.org/dc/elements/1.1/"
	xmlns:atom="http://www.w3.org/2005/Atom"
	xmlns:sy="http://purl.org/rss/1.0/modules/syndication/"
	xmlns:slash="http://purl.org/rss/1.0/modules/slash/"
	>

<channel>
	<title>Diary &#8211; Biboroku</title>
	<atom:link href="./index.html" rel="self" type="application/rss+xml" />
	<link>./../../../index.html</link>
	<description>Taro Sato&#039;s Memorandum</description>
	<lastBuildDate>Fri, 20 Apr 2018 17:49:10 +0000</lastBuildDate>
	<language>en-US</language>
	<sy:updatePeriod>hourly</sy:updatePeriod>
	<sy:updateFrequency>1</sy:updateFrequency>
	<generator>https://wordpress.org/?v=4.4.17</generator>
	<item>
		<title>WBC: Japan defeats USA</title>
		<link>./../../../2009/03/wbc-japan-defeats-usa/index.html</link>
		<comments>./../../../2009/03/wbc-japan-defeats-usa/index.html#respond</comments>
		<pubDate>Mon, 23 Mar 2009 07:21:08 +0000</pubDate>
		<dc:creator><![CDATA[Taro]]></dc:creator>
				<category><![CDATA[Diary]]></category>

		<guid isPermaLink="false">http://nomo17k.wordpress.com/?p=269</guid>
		<description><![CDATA[Japan 9, USA 4. I still think the team USA will come out on top if the game is played in the MLB style: A long season with more than 150 games or so. At the highest level, the best &#8230; <a href="./../../../2009/03/wbc-japan-defeats-usa/index.html">Continue reading <span class="meta-nav">&#8594;</span></a>]]></description>
				<content:encoded><![CDATA[<p><a href="http://mlb.mlb.com/wbc/2009/news/article.jsp?ymd=20090322&amp;content_id=4049190&amp;vkey=wbc_recap&amp;team=jpn&amp;lang=1">Japan 9, USA 4</a>.</p>
<p>I still think the team USA will come out on top if the game is played in the MLB style: A long season with more than 150 games or so.  At the highest level, the best team in baseball often wins only less than 60% of the time.  The outcome wouldn&#8217;t be surprising even if the team USA were in fact <em>the</em> best team.  The effect of chance gets magnified.</p>
<p>However, it is true that you don&#8217;t have to watch MLB to appreciate the best of baseball any more.  When I was a kid, MLB seemed out of reach.  It was unthinkable that a Japanese team would play well against MLB players.</p>
<p>Not any more.</p>
<p>And it is actually kind of sad that we have lost a lofty target and goal to follow and pursue.  It is even sadder that this is happening when the popularity of baseball is actually dwindling in Japan.</p>
]]></content:encoded>
			<wfw:commentRss>./../../../2009/03/wbc-japan-defeats-usa/feed/index.html</wfw:commentRss>
		<slash:comments>0</slash:comments>
		</item>
	</channel>
</rss>
