<?xml version="1.0" encoding="UTF-8"?><rss version="2.0"
	xmlns:content="http://purl.org/rss/1.0/modules/content/"
	xmlns:wfw="http://wellformedweb.org/CommentAPI/"
	xmlns:dc="http://purl.org/dc/elements/1.1/"
	xmlns:atom="http://www.w3.org/2005/Atom"
	xmlns:sy="http://purl.org/rss/1.0/modules/syndication/"
	xmlns:slash="http://purl.org/rss/1.0/modules/slash/"
	>

<channel>
	<title>HPC &#8211; Biboroku</title>
	<atom:link href="./index.html" rel="self" type="application/rss+xml" />
	<link>./../../../index.html</link>
	<description>Taro Sato&#039;s Memorandum</description>
	<lastBuildDate>Fri, 20 Apr 2018 17:49:10 +0000</lastBuildDate>
	<language>en-US</language>
	<sy:updatePeriod>hourly</sy:updatePeriod>
	<sy:updateFrequency>1</sy:updateFrequency>
	<generator>https://wordpress.org/?v=4.4.17</generator>
	<item>
		<title>High-performance Computing Tips</title>
		<link>./../../../2010/06/high-performance-computing-tips/index.html</link>
		<comments>./../../../2010/06/high-performance-computing-tips/index.html#respond</comments>
		<pubDate>Wed, 09 Jun 2010 14:33:44 +0000</pubDate>
		<dc:creator><![CDATA[Taro]]></dc:creator>
				<category><![CDATA[HPC]]></category>
		<category><![CDATA[Linux]]></category>

		<guid isPermaLink="false">http://nomo17k.wordpress.com/?p=914</guid>
		<description><![CDATA[A nice thing about my current institution is that it has access to high-performance computing (HPC) facility.  I get to use so-called supercomputers.  This is a cheat sheet for myself. Reserving your job: Show the information about a job with &#8230; <a href="./../../../2010/06/high-performance-computing-tips/index.html">Continue reading <span class="meta-nav">&#8594;</span></a>]]></description>
				<content:encoded><![CDATA[<p>A nice thing about my current institution is that it has access to high-performance computing (HPC) facility.  I get to use so-called supercomputers.  This is a cheat sheet for myself.</p>
<p>Reserving your job:</p>
<pre class="brush: bash; title: ; notranslate">$ qsub -R y jobscript</pre>
<p>Show the information about a job with id JOBID:</p>
<pre class="brush: bash; title: ; notranslate">$ qacct -j JOBID</pre>
<p>Change job priority:</p>
<pre class="brush: bash; title: ; notranslate">$ qalter -js 100 JOBID</pre>
<p>Delete a job:</p>
<pre class="brush: bash; title: ; notranslate">$ qdel JOBID</pre>
<p>or a array job task:</p>
<pre class="brush: bash; title: ; notranslate">$ qdel JOBID.TASKID</pre>
<p>Using remote shell with various settings:</p>
<pre class="brush: bash; title: ; notranslate">$ qrsh -now no -V -cwd -l h_rt=01:00:00,h_vmem=4G,h_stack=2G,test=true bash</pre>
<p>More to be added.</p>
]]></content:encoded>
			<wfw:commentRss>./../../../2010/06/high-performance-computing-tips/feed/index.html</wfw:commentRss>
		<slash:comments>0</slash:comments>
		</item>
	</channel>
</rss>
