<?xml version="1.0" encoding="UTF-8"?><rss version="2.0"
	xmlns:content="http://purl.org/rss/1.0/modules/content/"
	xmlns:dc="http://purl.org/dc/elements/1.1/"
	xmlns:atom="http://www.w3.org/2005/Atom"
	xmlns:sy="http://purl.org/rss/1.0/modules/syndication/"
	
	>
<channel>
	<title>Comments on: Installing SExtractor on Mac OS X Snow Leopard</title>
	<atom:link href="./index.html" rel="self" type="application/rss+xml" />
	<link>./../index.html</link>
	<description>Taro Sato&#039;s Memorandum</description>
	<lastBuildDate>Mon, 07 Jan 2019 10:59:38 +0000</lastBuildDate>
	<sy:updatePeriod>hourly</sy:updatePeriod>
	<sy:updateFrequency>1</sy:updateFrequency>
	<generator>https://wordpress.org/?v=4.4.17</generator>
	<item>
		<title>By: Sebastian Ramirez</title>
		<link>./../index.html#comment-71397</link>
		<dc:creator><![CDATA[Sebastian Ramirez]]></dc:creator>
		<pubDate>Tue, 27 May 2014 00:03:44 +0000</pubDate>
		<guid isPermaLink="false">http://nomo17k.wordpress.com/?p=824#comment-71397</guid>
		<description><![CDATA[Thanks for the procedure!
It worked in Mavericks (MacOSX 10.9)]]></description>
		<content:encoded><![CDATA[<p>Thanks for the procedure!<br />
It worked in Mavericks (MacOSX 10.9)</p>
]]></content:encoded>
	</item>
	<item>
		<title>By: Taro</title>
		<link>./../index.html#comment-55311</link>
		<dc:creator><![CDATA[Taro]]></dc:creator>
		<pubDate>Fri, 21 Feb 2014 07:02:17 +0000</pubDate>
		<guid isPermaLink="false">http://nomo17k.wordpress.com/?p=824#comment-55311</guid>
		<description><![CDATA[Sorry for the delay in reply.  I&#039;m not sure, since I do not have access to Mountain Lion.]]></description>
		<content:encoded><![CDATA[<p>Sorry for the delay in reply.  I&#8217;m not sure, since I do not have access to Mountain Lion.</p>
]]></content:encoded>
	</item>
	<item>
		<title>By: bryce</title>
		<link>./../index.html#comment-32253</link>
		<dc:creator><![CDATA[bryce]]></dc:creator>
		<pubDate>Tue, 09 Jul 2013 00:43:19 +0000</pubDate>
		<guid isPermaLink="false">http://nomo17k.wordpress.com/?p=824#comment-32253</guid>
		<description><![CDATA[thanks very much everyone, this is a fantastic resource!]]></description>
		<content:encoded><![CDATA[<p>thanks very much everyone, this is a fantastic resource!</p>
]]></content:encoded>
	</item>
	<item>
		<title>By: Hugo</title>
		<link>./../index.html#comment-28717</link>
		<dc:creator><![CDATA[Hugo]]></dc:creator>
		<pubDate>Tue, 16 Apr 2013 15:03:00 +0000</pubDate>
		<guid isPermaLink="false">http://nomo17k.wordpress.com/?p=824#comment-28717</guid>
		<description><![CDATA[Does this work on Mountain Lion and newer versions of ATLAS and LATPACK?]]></description>
		<content:encoded><![CDATA[<p>Does this work on Mountain Lion and newer versions of ATLAS and LATPACK?</p>
]]></content:encoded>
	</item>
	<item>
		<title>By: Taro</title>
		<link>./../index.html#comment-9546</link>
		<dc:creator><![CDATA[Taro]]></dc:creator>
		<pubDate>Wed, 10 Oct 2012 23:01:57 +0000</pubDate>
		<guid isPermaLink="false">http://nomo17k.wordpress.com/?p=824#comment-9546</guid>
		<description><![CDATA[Semeli -- Thanks for sharing the tip.]]></description>
		<content:encoded><![CDATA[<p>Semeli &#8212; Thanks for sharing the tip.</p>
]]></content:encoded>
	</item>
	<item>
		<title>By: Semeli</title>
		<link>./../index.html#comment-9543</link>
		<dc:creator><![CDATA[Semeli]]></dc:creator>
		<pubDate>Wed, 10 Oct 2012 22:01:48 +0000</pubDate>
		<guid isPermaLink="false">http://nomo17k.wordpress.com/?p=824#comment-9543</guid>
		<description><![CDATA[Thank you for helpful comments. 

If you have used macports to install atlast use this:

./configure --prefix=/usr/local/sextractor-2.8.6 --with-atlas=/opt/local/lib --with-atlas-incdir=/opt/local/include --with-fftw=/opt/local/lib --with-fftw-incdir=/opt/local/include --enable-threads]]></description>
		<content:encoded><![CDATA[<p>Thank you for helpful comments. </p>
<p>If you have used macports to install atlast use this:</p>
<p>./configure &#8211;prefix=/usr/local/sextractor-2.8.6 &#8211;with-atlas=/opt/local/lib &#8211;with-atlas-incdir=/opt/local/include &#8211;with-fftw=/opt/local/lib &#8211;with-fftw-incdir=/opt/local/include &#8211;enable-threads</p>
]]></content:encoded>
	</item>
	<item>
		<title>By: Taro</title>
		<link>./../index.html#comment-7179</link>
		<dc:creator><![CDATA[Taro]]></dc:creator>
		<pubDate>Thu, 28 Jun 2012 18:06:12 +0000</pubDate>
		<guid isPermaLink="false">http://nomo17k.wordpress.com/?p=824#comment-7179</guid>
		<description><![CDATA[Glenn -- Great that you made it work...  Thanks for sharing your solution!]]></description>
		<content:encoded><![CDATA[<p>Glenn &#8212; Great that you made it work&#8230;  Thanks for sharing your solution!</p>
]]></content:encoded>
	</item>
	<item>
		<title>By: Glenn</title>
		<link>./../index.html#comment-7174</link>
		<dc:creator><![CDATA[Glenn]]></dc:creator>
		<pubDate>Thu, 28 Jun 2012 16:24:07 +0000</pubDate>
		<guid isPermaLink="false">http://nomo17k.wordpress.com/?p=824#comment-7174</guid>
		<description><![CDATA[FFTW 3.3.2
&lt;code&gt;
sudo tar -xzof fftw-3.3.2.tar.gz -C /usr/local/
pushd /usr/local/fftw-3.3.2/
sudo ./configure --enable-threads
sudo make; sudo make install
sudo ./configure --enable-threads --enable-single
sudo make clean; sudo make; sudo make install
popd
&lt;/code&gt;

ATLAS 3.9.78 with LAPACK 3.4.1
&lt;code&gt;
sudo tar -xof atlas3.9.78.tar.bz2 -C /usr/local/atlas-3.9.78 \
        --strip-components 1
sudo cp lapack-3.4.1.tgz /usr/local/atlas-3.9.78/lapack.tgz
sudo mkdir /usr/local/atlas-3.9.78/build
pushd /usr/local/atlas-3.9.78/build
sudo ../configure -b 64 --shared --prefix=/usr/local \
         --with-netlib-lapack-tarfile=../lapack.tgz
sudo make build
sudo make check
sudo make time
sudo make install
popd
&lt;/code&gt;

SExtractor 2.8.6 (Astromatic source)
&lt;code&gt;
sudo tar -xzof sextractor-2.8.6.tar.gz -C /usr/local/
pushd /usr/local/sextractor-2.8.6
sudo sed -i &#039;&#039; -e &#039;s/-llapack/-ltatlas/&#039; -e &#039;s/-lcblas/-ltatlas/&#039; \
        -e &#039;s/-latlas/-ltatlas/&#039; -e &#039;s/-lptcblas/-ltatlas/&#039; ./configure
sudo ./configure --enable-threads
sudo make; sudo make install
popd
&lt;/code&gt;]]></description>
		<content:encoded><![CDATA[<p>FFTW 3.3.2<br />
<code><br />
sudo tar -xzof fftw-3.3.2.tar.gz -C /usr/local/<br />
pushd /usr/local/fftw-3.3.2/<br />
sudo ./configure --enable-threads<br />
sudo make; sudo make install<br />
sudo ./configure --enable-threads --enable-single<br />
sudo make clean; sudo make; sudo make install<br />
popd<br />
</code></p>
<p>ATLAS 3.9.78 with LAPACK 3.4.1<br />
<code><br />
sudo tar -xof atlas3.9.78.tar.bz2 -C /usr/local/atlas-3.9.78 \<br />
        --strip-components 1<br />
sudo cp lapack-3.4.1.tgz /usr/local/atlas-3.9.78/lapack.tgz<br />
sudo mkdir /usr/local/atlas-3.9.78/build<br />
pushd /usr/local/atlas-3.9.78/build<br />
sudo ../configure -b 64 --shared --prefix=/usr/local \<br />
         --with-netlib-lapack-tarfile=../lapack.tgz<br />
sudo make build<br />
sudo make check<br />
sudo make time<br />
sudo make install<br />
popd<br />
</code></p>
<p>SExtractor 2.8.6 (Astromatic source)<br />
<code><br />
sudo tar -xzof sextractor-2.8.6.tar.gz -C /usr/local/<br />
pushd /usr/local/sextractor-2.8.6<br />
sudo sed -i '' -e 's/-llapack/-ltatlas/' -e 's/-lcblas/-ltatlas/' \<br />
        -e 's/-latlas/-ltatlas/' -e 's/-lptcblas/-ltatlas/' ./configure<br />
sudo ./configure --enable-threads<br />
sudo make; sudo make install<br />
popd<br />
</code></p>
]]></content:encoded>
	</item>
	<item>
		<title>By: Glenn</title>
		<link>./../index.html#comment-7173</link>
		<dc:creator><![CDATA[Glenn]]></dc:creator>
		<pubDate>Thu, 28 Jun 2012 15:21:12 +0000</pubDate>
		<guid isPermaLink="false">http://nomo17k.wordpress.com/?p=824#comment-7173</guid>
		<description><![CDATA[I figured it out, I think; the latest versions of ATLAS (3.9.78, at least) create dynamic libraries named libsatlas.dylib (serial) and libtatlas.dylib (threaded).  The threaded one seems to be the library SExtractor wants; if you do a global substitute of &quot;-ltatlas&quot; for &quot;-llapack&#124;-lcblas&#124;-latlas&#124;-lptcblas&quot; in SExtractor&#039;s configure file, the darn thing compiles under 10.6.8.]]></description>
		<content:encoded><![CDATA[<p>I figured it out, I think; the latest versions of ATLAS (3.9.78, at least) create dynamic libraries named libsatlas.dylib (serial) and libtatlas.dylib (threaded).  The threaded one seems to be the library SExtractor wants; if you do a global substitute of &#8220;-ltatlas&#8221; for &#8220;-llapack|-lcblas|-latlas|-lptcblas&#8221; in SExtractor&#8217;s configure file, the darn thing compiles under 10.6.8.</p>
]]></content:encoded>
	</item>
	<item>
		<title>By: Taro</title>
		<link>./../index.html#comment-7149</link>
		<dc:creator><![CDATA[Taro]]></dc:creator>
		<pubDate>Thu, 28 Jun 2012 01:54:54 +0000</pubDate>
		<guid isPermaLink="false">http://nomo17k.wordpress.com/?p=824#comment-7149</guid>
		<description><![CDATA[Glenn -- Sorry for not finding your comment sooner.  There are so many spams sent to this site and comments often get lost; I have to install a spam filter, which I haven&#039;t gotten around to do yet.

I think this &#039;fftw3.h&#039; file not found problem is something I&#039;ve encountered, and the same workaround that I described above (at the end of the post) helps there.

As for another issue, I have no idea how to fix.  I also find the SExtractor config file to be fairly mysterious, and when things go wrong you can only experiment with things and/or ask Emanuel Bertin and hope he responds in his site.  

Somebody should take up the challenge of writing an open-source equivalent of SExtractor, so that we don&#039;t have to deal with this sort of thing (or at least people can contribute their patches).]]></description>
		<content:encoded><![CDATA[<p>Glenn &#8212; Sorry for not finding your comment sooner.  There are so many spams sent to this site and comments often get lost; I have to install a spam filter, which I haven&#8217;t gotten around to do yet.</p>
<p>I think this &#8216;fftw3.h&#8217; file not found problem is something I&#8217;ve encountered, and the same workaround that I described above (at the end of the post) helps there.</p>
<p>As for another issue, I have no idea how to fix.  I also find the SExtractor config file to be fairly mysterious, and when things go wrong you can only experiment with things and/or ask Emanuel Bertin and hope he responds in his site.  </p>
<p>Somebody should take up the challenge of writing an open-source equivalent of SExtractor, so that we don&#8217;t have to deal with this sort of thing (or at least people can contribute their patches).</p>
]]></content:encoded>
	</item>
	<item>
		<title>By: Glenn</title>
		<link>./../index.html#comment-6969</link>
		<dc:creator><![CDATA[Glenn]]></dc:creator>
		<pubDate>Fri, 22 Jun 2012 21:43:03 +0000</pubDate>
		<guid isPermaLink="false">http://nomo17k.wordpress.com/?p=824#comment-6969</guid>
		<description><![CDATA[Oddly, I get a different problem on Lion (10.7.4); the configure completes normally, but the make process exits early with:

cc -DHAVE_CONFIG_H -I. -I..     -O3 -g -funroll-loops -fomit-frame-pointer -Wall  -D_REENTRANT -MT fft.o -MD -MP -MF .deps/fft.Tpo -c -o fft.o fft.c
fft.c:25:10: fatal error: &#039;fftw3.h&#039; file not found

Note that the command line makes no mention of where to find FFTW, though I configured FFTW to be in a custom location.  Clearly, the configure process for SExtractor 2.8.6 has some issues.]]></description>
		<content:encoded><![CDATA[<p>Oddly, I get a different problem on Lion (10.7.4); the configure completes normally, but the make process exits early with:</p>
<p>cc -DHAVE_CONFIG_H -I. -I..     -O3 -g -funroll-loops -fomit-frame-pointer -Wall  -D_REENTRANT -MT fft.o -MD -MP -MF .deps/fft.Tpo -c -o fft.o fft.c<br />
fft.c:25:10: fatal error: &#8216;fftw3.h&#8217; file not found</p>
<p>Note that the command line makes no mention of where to find FFTW, though I configured FFTW to be in a custom location.  Clearly, the configure process for SExtractor 2.8.6 has some issues.</p>
]]></content:encoded>
	</item>
	<item>
		<title>By: Glenn</title>
		<link>./../index.html#comment-6961</link>
		<dc:creator><![CDATA[Glenn]]></dc:creator>
		<pubDate>Fri, 22 Jun 2012 15:29:28 +0000</pubDate>
		<guid isPermaLink="false">http://nomo17k.wordpress.com/?p=824#comment-6961</guid>
		<description><![CDATA[(Incidentally, I was using the Downloads directory in place of /usr/local to do all the building for testing purposes; I substituted all the paths correctly on the command line, and the ATLAS install exists exactly where it says above [see below].)

ls -l $HOME/Downloads/atlas/lib
total 71472
-rw-r--r--  1 admin  staff   6791032 Jun 22 11:17 libatlas.a
-rw-r--r--  1 admin  staff    301944 Jun 22 11:17 libcblas.a
-rw-r--r--  1 admin  staff    303832 Jun 22 11:17 libf77blas.a
-rw-r--r--  1 admin  staff   7581672 Jun 22 11:17 liblapack.a
-rw-r--r--  1 admin  staff    301992 Jun 22 11:17 libptcblas.a
-rw-r--r--  1 admin  staff    303880 Jun 22 11:17 libptf77blas.a
-rwxr-xr-x  1 admin  staff  10447568 Jun 22 11:17 libsatlas.dylib
-rwxr-xr-x  1 admin  staff  10548920 Jun 22 11:17 libtatlas.dylib

And:
nm -a $HOME/Downloads/atlas/lib/liblapack.a &#124; grep dpotrf
[...]
/Users/admin/Downloads/atlas/lib/liblapack.a(clapack_dpotrf.o):
                 U _ATL_dpotrf
0000000000000000 T _clapack_dpotrf
                 U _dpotrf_
[...]

There it is, so the only thing I can figure is a bug in the SExtractor configure script? I&#039;m stumped for now.]]></description>
		<content:encoded><![CDATA[<p>(Incidentally, I was using the Downloads directory in place of /usr/local to do all the building for testing purposes; I substituted all the paths correctly on the command line, and the ATLAS install exists exactly where it says above [see below].)</p>
<p>ls -l $HOME/Downloads/atlas/lib<br />
total 71472<br />
-rw-r&#8211;r&#8211;  1 admin  staff   6791032 Jun 22 11:17 libatlas.a<br />
-rw-r&#8211;r&#8211;  1 admin  staff    301944 Jun 22 11:17 libcblas.a<br />
-rw-r&#8211;r&#8211;  1 admin  staff    303832 Jun 22 11:17 libf77blas.a<br />
-rw-r&#8211;r&#8211;  1 admin  staff   7581672 Jun 22 11:17 liblapack.a<br />
-rw-r&#8211;r&#8211;  1 admin  staff    301992 Jun 22 11:17 libptcblas.a<br />
-rw-r&#8211;r&#8211;  1 admin  staff    303880 Jun 22 11:17 libptf77blas.a<br />
-rwxr-xr-x  1 admin  staff  10447568 Jun 22 11:17 libsatlas.dylib<br />
-rwxr-xr-x  1 admin  staff  10548920 Jun 22 11:17 libtatlas.dylib</p>
<p>And:<br />
nm -a $HOME/Downloads/atlas/lib/liblapack.a | grep dpotrf<br />
[&#8230;]<br />
/Users/admin/Downloads/atlas/lib/liblapack.a(clapack_dpotrf.o):<br />
                 U _ATL_dpotrf<br />
0000000000000000 T _clapack_dpotrf<br />
                 U _dpotrf_<br />
[&#8230;]</p>
<p>There it is, so the only thing I can figure is a bug in the SExtractor configure script? I&#8217;m stumped for now.</p>
]]></content:encoded>
	</item>
	<item>
		<title>By: Glenn</title>
		<link>./../index.html#comment-6960</link>
		<dc:creator><![CDATA[Glenn]]></dc:creator>
		<pubDate>Fri, 22 Jun 2012 14:56:35 +0000</pubDate>
		<guid isPermaLink="false">http://nomo17k.wordpress.com/?p=824#comment-6960</guid>
		<description><![CDATA[So, I&#039;ve been trying to follow your instructions for installing SExtractor 2.8.6 on a Mac Mini running Snow Leopard.  I started with a clean Mini, installed gfortran from HPC, and then built FFTW 3.3.2 and ATLAS 3.9.78 (using LAPACK 3.4.1) successfully.  But when I try to configure SExtractor, I get:

checking for clapack_dpotrf in -llapack... no
checking for cblas_dgemm in -lcblas... yes
checking for clapack_dpotrf in -llapack... no
checking for cblas_dgemm in -lcblas... yes
configure: error: CBLAS/LAPack library files not found in /Users/admin/Downloads/atlas/lib! Exiting.

I just have no idea where to go from here, and thought maybe you could help?]]></description>
		<content:encoded><![CDATA[<p>So, I&#8217;ve been trying to follow your instructions for installing SExtractor 2.8.6 on a Mac Mini running Snow Leopard.  I started with a clean Mini, installed gfortran from HPC, and then built FFTW 3.3.2 and ATLAS 3.9.78 (using LAPACK 3.4.1) successfully.  But when I try to configure SExtractor, I get:</p>
<p>checking for clapack_dpotrf in -llapack&#8230; no<br />
checking for cblas_dgemm in -lcblas&#8230; yes<br />
checking for clapack_dpotrf in -llapack&#8230; no<br />
checking for cblas_dgemm in -lcblas&#8230; yes<br />
configure: error: CBLAS/LAPack library files not found in /Users/admin/Downloads/atlas/lib! Exiting.</p>
<p>I just have no idea where to go from here, and thought maybe you could help?</p>
]]></content:encoded>
	</item>
	<item>
		<title>By: Taro</title>
		<link>./../index.html#comment-346</link>
		<dc:creator><![CDATA[Taro]]></dc:creator>
		<pubDate>Mon, 07 Mar 2011 18:25:08 +0000</pubDate>
		<guid isPermaLink="false">http://nomo17k.wordpress.com/?p=824#comment-346</guid>
		<description><![CDATA[CJ -- First on command line do,

&lt;code&gt;$ echo $PATH&lt;/code&gt;

and see what directories are defined in the environment variable PATH.  If your &lt;code&gt;sex&lt;/code&gt; binary (or symlink to it) is in one of those directories, you are able to just type &lt;code&gt;sex&lt;/code&gt; to launch the program.

If you want to make the program available system-wide and can use &lt;code&gt;sudo&lt;/code&gt;, then 

&lt;code&gt;$ sudo ln -s /usr/local/sextractor/bin/sex /usr/local/bin&lt;/code&gt;

should do it, as PATH usually has &lt;em&gt;/usr/local/bin&lt;/em&gt; defined.]]></description>
		<content:encoded><![CDATA[<p>CJ &#8212; First on command line do,</p>
<p><code>$ echo $PATH</code></p>
<p>and see what directories are defined in the environment variable PATH.  If your <code>sex</code> binary (or symlink to it) is in one of those directories, you are able to just type <code>sex</code> to launch the program.</p>
<p>If you want to make the program available system-wide and can use <code>sudo</code>, then </p>
<p><code>$ sudo ln -s /usr/local/sextractor/bin/sex /usr/local/bin</code></p>
<p>should do it, as PATH usually has <em>/usr/local/bin</em> defined.</p>
]]></content:encoded>
	</item>
	<item>
		<title>By: CJ</title>
		<link>./../index.html#comment-331</link>
		<dc:creator><![CDATA[CJ]]></dc:creator>
		<pubDate>Sat, 05 Mar 2011 13:16:50 +0000</pubDate>
		<guid isPermaLink="false">http://nomo17k.wordpress.com/?p=824#comment-331</guid>
		<description><![CDATA[Hi, it was really helpful for me. Thank you.
I have one question!
Could you let me know how can I make a simlink to make sextractor command system-wide?]]></description>
		<content:encoded><![CDATA[<p>Hi, it was really helpful for me. Thank you.<br />
I have one question!<br />
Could you let me know how can I make a simlink to make sextractor command system-wide?</p>
]]></content:encoded>
	</item>
	<item>
		<title>By: Installing SExtractor 2.8.6 on Mac OS X Leopard &#124; Biboroku</title>
		<link>./../index.html#comment-144</link>
		<dc:creator><![CDATA[Installing SExtractor 2.8.6 on Mac OS X Leopard &#124; Biboroku]]></dc:creator>
		<pubDate>Sun, 09 Jan 2011 19:50:32 +0000</pubDate>
		<guid isPermaLink="false">http://nomo17k.wordpress.com/?p=824#comment-144</guid>
		<description><![CDATA[[...] This is an old article and there is a newer one which I believe is more thorough.  Please read that one [...]]]></description>
		<content:encoded><![CDATA[<p>[&#8230;] This is an old article and there is a newer one which I believe is more thorough.  Please read that one [&#8230;]</p>
]]></content:encoded>
	</item>
</channel>
</rss>
