<?xml version="1.0" encoding="UTF-8"?><rss version="2.0"
	xmlns:content="http://purl.org/rss/1.0/modules/content/"
	xmlns:wfw="http://wellformedweb.org/CommentAPI/"
	xmlns:dc="http://purl.org/dc/elements/1.1/"
	xmlns:atom="http://www.w3.org/2005/Atom"
	xmlns:sy="http://purl.org/rss/1.0/modules/syndication/"
	xmlns:slash="http://purl.org/rss/1.0/modules/slash/"
	>

<channel>
	<title>Python &#8211; cs4bum</title>
	<atom:link href="./index.html" rel="self" type="application/rss+xml" />
	<link>./../../../index.html</link>
	<description>Algorithms, data structures, brain teasers, etc.</description>
	<lastBuildDate>Sat, 06 Oct 2012 06:38:03 +0000</lastBuildDate>
	<language>en-US</language>
	<sy:updatePeriod>hourly</sy:updatePeriod>
	<sy:updateFrequency>1</sy:updateFrequency>
	<generator>https://wordpress.org/?v=4.4.17</generator>
	<item>
		<title>Type of Copy Operations in Python</title>
		<link>./../../../2012/10/05/type-of-copy-operations-in-python/index.html</link>
		<comments>./../../../2012/10/05/type-of-copy-operations-in-python/index.html#respond</comments>
		<pubDate>Sat, 06 Oct 2012 06:37:08 +0000</pubDate>
		<dc:creator><![CDATA[okomestudio]]></dc:creator>
				<category><![CDATA[Uncategorized]]></category>
		<category><![CDATA[Python]]></category>

		<guid isPermaLink="false">./../../../index.html?p=200</guid>
		<description><![CDATA[What is the difference between shallow and deep copy operation in Python? The difference is relevant only for a compound object (i.e., an object which contains other object(s)). Shallow copy constructs a new object which has the reference(s) to the same object(s) in the original compound object; the references point to the same objects. Deep [&#8230;]]]></description>
				<content:encoded><![CDATA[<blockquote><p>What is the difference between shallow and deep copy operation in Python?</p></blockquote>
<p>The difference is relevant only for a compound object (i.e., an object which contains other object(s)).  Shallow copy constructs a new object which has the reference(s) to the same object(s) in the original compound object; the references point to the same objects.  Deep copy constructs a new object consisting of the copies of the objects contained in the original compound object; they are distinct objects.  See the example code below.</p>
<pre class="brush: python; light: false; title: ; toolbar: true; notranslate">import copy

# src is a compound object, a dict object containing list objects:
src = {'a': [1, 2, 3],
       'b': [4, 5, 6],
       'c': [7, 8, 9]}
print src
print 

# a new dict object with references to the original lists:
shallow_copied = copy.copy(src)
print shallow_copied

# a new dict object with copies of the original lists:
deep_copied = copy.deepcopy(src)
print deep_copied

# accessing and changing an element of the original list:
shallow_copied['b'][2] = 10

# accessing and changing an element of a copy of the original list:
deep_copied['c'][2] = 3

print 
print src
print shallow_copied
print deep_copied</pre>
<p>The output is:</p>
<pre class="brush: bash; light: false; title: ; toolbar: true; notranslate">$ python type_of_copies.py 
{'a': [1, 2, 3], 'c': [7, 8, 9], 'b': [4, 5, 6]}

{'a': [1, 2, 3], 'c': [7, 8, 9], 'b': [4, 5, 6]}
{'a': [1, 2, 3], 'c': [7, 8, 9], 'b': [4, 5, 6]}

{'a': [1, 2, 3], 'c': [7, 8, 9], 'b': [4, 5, 10]}
{'a': [1, 2, 3], 'c': [7, 8, 9], 'b': [4, 5, 10]}
{'a': [1, 2, 3], 'c': [7, 8, 3], 'b': [4, 5, 6]}</pre>
]]></content:encoded>
			<wfw:commentRss>./../../../2012/10/05/type-of-copy-operations-in-python/feed/index.html</wfw:commentRss>
		<slash:comments>0</slash:comments>
		</item>
		<item>
		<title>Quicksort</title>
		<link>./../../../2012/09/09/quicksort/index.html</link>
		<comments>./../../../2012/09/09/quicksort/index.html#respond</comments>
		<pubDate>Sun, 09 Sep 2012 09:44:48 +0000</pubDate>
		<dc:creator><![CDATA[okomestudio]]></dc:creator>
				<category><![CDATA[Uncategorized]]></category>
		<category><![CDATA[algorithm]]></category>
		<category><![CDATA[Python]]></category>
		<category><![CDATA[quicksort]]></category>
		<category><![CDATA[recursion]]></category>
		<category><![CDATA[sort]]></category>

		<guid isPermaLink="false">./../../../index.html?p=196</guid>
		<description><![CDATA[Python]]></description>
				<content:encoded><![CDATA[<h3>Python</h3>
<pre class="brush: python; light: false; title: ; toolbar: true; notranslate">from random import randint


def quicksort(arr):
    if len(arr) &lt;= 1:
        return arr
    ipivot = len(arr) / 2
    pivot = arr[ipivot]
    less, greater = [], []
    for i in range(len(arr)):
        if i == ipivot:
            continue
        if arr[i] &lt; pivot:
            less.append(arr[i])
        else:
            greater.append(arr[i])
    return quicksort(less) + [pivot] + quicksort(greater)


def main():
    arr = [randint(0, 1000) for i in range(100)]
    arr2 = quicksort(arr)
    print arr
    print arr2
    arr.sort()
    assert arr == arr2


if __name__ == '__main__':
    main()</pre>
]]></content:encoded>
			<wfw:commentRss>./../../../2012/09/09/quicksort/feed/index.html</wfw:commentRss>
		<slash:comments>0</slash:comments>
		</item>
		<item>
		<title>Merge sort</title>
		<link>./../../../2012/09/09/merge-sort/index.html</link>
		<comments>./../../../2012/09/09/merge-sort/index.html#respond</comments>
		<pubDate>Sun, 09 Sep 2012 09:30:57 +0000</pubDate>
		<dc:creator><![CDATA[okomestudio]]></dc:creator>
				<category><![CDATA[Uncategorized]]></category>
		<category><![CDATA[algorithm]]></category>
		<category><![CDATA[Python]]></category>
		<category><![CDATA[recursion]]></category>
		<category><![CDATA[sort]]></category>

		<guid isPermaLink="false">./../../../index.html?p=194</guid>
		<description><![CDATA[Python]]></description>
				<content:encoded><![CDATA[<h3>Python</h3>
<pre class="brush: python; light: false; title: ; toolbar: true; notranslate">from random import randint


def merge(left, right):
    arr = []
    i, j = 0, 0
    while True:
        if i == len(left):
            arr.extend(right[j:])
            break
        elif j == len(right):
            arr.extend(left[i:])
            break
        if left[i] &lt; right[j]:
            arr.append(left[i])
            i += 1
        else:
            arr.append(right[j])
            j += 1
    return arr


def merge_sort(arr):
    if len(arr) &lt;= 1:
        return arr
    imid = len(arr) / 2
    left = arr[:imid]
    right = arr[imid:]
    left = merge_sort(left)
    right = merge_sort(right)
    return merge(left, right)


def main():
    arr = [randint(0, 100) for i in range(100)]
    arr2 = merge_sort(arr)
    print arr
    print arr2
    arr.sort()
    assert arr == arr2


if __name__ == '__main__':
    main()</pre>
]]></content:encoded>
			<wfw:commentRss>./../../../2012/09/09/merge-sort/feed/index.html</wfw:commentRss>
		<slash:comments>0</slash:comments>
		</item>
		<item>
		<title>Selection sort</title>
		<link>./../../../2012/09/09/selection-sort/index.html</link>
		<comments>./../../../2012/09/09/selection-sort/index.html#respond</comments>
		<pubDate>Sun, 09 Sep 2012 09:06:50 +0000</pubDate>
		<dc:creator><![CDATA[okomestudio]]></dc:creator>
				<category><![CDATA[Uncategorized]]></category>
		<category><![CDATA[algorithm]]></category>
		<category><![CDATA[Python]]></category>
		<category><![CDATA[selection sort]]></category>
		<category><![CDATA[sort]]></category>

		<guid isPermaLink="false">./../../../index.html?p=192</guid>
		<description><![CDATA[Python]]></description>
				<content:encoded><![CDATA[<h3>Python</h3>
<pre class="brush: python; light: false; title: ; toolbar: true; notranslate">from random import randint


def selection_sort(arr):
    for i in range(0, len(arr), 1):
        imin = i
        for j in range(i + 1, len(arr), 1):
            if arr[j] &lt; arr[imin]:
                imin = j
        t = arr[i]
        arr[i] = arr[imin]
        arr[imin] = t


def main():
    arr = [randint(0, 100) for i in range(10)]
    print arr
    selection_sort(arr)
    print arr


if __name__ == '__main__':
    main()</pre>
]]></content:encoded>
			<wfw:commentRss>./../../../2012/09/09/selection-sort/feed/index.html</wfw:commentRss>
		<slash:comments>0</slash:comments>
		</item>
		<item>
		<title>Bubble sort</title>
		<link>./../../../2012/09/09/bubble-sort/index.html</link>
		<comments>./../../../2012/09/09/bubble-sort/index.html#respond</comments>
		<pubDate>Sun, 09 Sep 2012 08:56:26 +0000</pubDate>
		<dc:creator><![CDATA[okomestudio]]></dc:creator>
				<category><![CDATA[Uncategorized]]></category>
		<category><![CDATA[algorithm]]></category>
		<category><![CDATA[bubble sort]]></category>
		<category><![CDATA[Python]]></category>
		<category><![CDATA[sort]]></category>

		<guid isPermaLink="false">./../../../index.html?p=190</guid>
		<description><![CDATA[Python]]></description>
				<content:encoded><![CDATA[<h3>Python</h3>
<pre class="brush: python; light: false; title: ; toolbar: true; notranslate">from random import randint


def bubble_sort(arr):
    swapped = True
    while swapped:
        swapped = False
        for i in range(len(arr) - 1):
            if arr[i] &gt; arr[i+1]:
                t = arr[i+1]
                arr[i+1] = arr[i]
                arr[i] = t
                swapped = True
    return arr


def main():
    arr = [randint(0, 100) for i in range(50)]
    print arr
    bubble_sort(arr)
    print arr


if __name__ == '__main__':
    main()</pre>
]]></content:encoded>
			<wfw:commentRss>./../../../2012/09/09/bubble-sort/feed/index.html</wfw:commentRss>
		<slash:comments>0</slash:comments>
		</item>
		<item>
		<title>The second largest element in a binary search tree</title>
		<link>./../../../2012/09/09/the-second-largest-element-in-a-binary-search-tree/index.html</link>
		<comments>./../../../2012/09/09/the-second-largest-element-in-a-binary-search-tree/index.html#respond</comments>
		<pubDate>Sun, 09 Sep 2012 08:32:01 +0000</pubDate>
		<dc:creator><![CDATA[okomestudio]]></dc:creator>
				<category><![CDATA[Uncategorized]]></category>
		<category><![CDATA[algorithm]]></category>
		<category><![CDATA[binary search tree]]></category>
		<category><![CDATA[data structure]]></category>
		<category><![CDATA[Python]]></category>
		<category><![CDATA[recursion]]></category>

		<guid isPermaLink="false">./../../../index.html?p=187</guid>
		<description><![CDATA[Find the second largest element in a binary search tree. Python]]></description>
				<content:encoded><![CDATA[<blockquote><p>Find the second largest element in a binary search tree.</p></blockquote>
<h3>Python</h3>
<pre class="brush: python; light: false; title: ; toolbar: true; notranslate">from numpy.random import randint


def insert(bst, key):
    &quot;&quot;&quot;Insert a key to BST&quot;&quot;&quot;
    if bst is None:
        return [key, None, None]
    elif key &lt; bst[0]:
        bst[1] = insert(bst[1], key)
        return bst
    else:
        bst[2] = insert(bst[2], key)
        return bst


def get_max_node(node):
    &quot;&quot;&quot;Given a node in a BST, find the node with max key.&quot;&quot;&quot;
    if node is None:
        return None
    if node[2] is None:
        return node
    return get_max_node(node[2])


def find_second_largest(node):
    if node is None:
        return None

    # if the current node is the max, the second largest is the max
    # node on the left tree.
    if node[1] is not None and node[2] is None:
        return get_max_node(node[1])

    # if the right child node is the max, the current node is the
    # second largest.
    if node[2] is not None:
        if node[2][1] is None and node[2][2] is None:
            return node

    # otherwise, move on to the right child.
    return find_second_largest(node[2])


def main():
    # random data
    xs = randint(0, 100, size=20)

    # build BST
    bst = None
    for x in xs:
        bst = insert(bst, x)
    
    sl = find_second_largest(bst)

    # check answer
    xs.sort()
    print sl[0], xs[-2]
    assert sl[0] == xs[-2]
    

if __name__ == '__main__':
    main()</pre>
]]></content:encoded>
			<wfw:commentRss>./../../../2012/09/09/the-second-largest-element-in-a-binary-search-tree/feed/index.html</wfw:commentRss>
		<slash:comments>0</slash:comments>
		</item>
		<item>
		<title>Greatest common divisor of two non-zero integers</title>
		<link>./../../../2012/09/08/greatest-common-divisor-of-two-non-zero-integers/index.html</link>
		<comments>./../../../2012/09/08/greatest-common-divisor-of-two-non-zero-integers/index.html#respond</comments>
		<pubDate>Sun, 09 Sep 2012 04:24:56 +0000</pubDate>
		<dc:creator><![CDATA[okomestudio]]></dc:creator>
				<category><![CDATA[Uncategorized]]></category>
		<category><![CDATA[algorithm]]></category>
		<category><![CDATA[Euclid's method]]></category>
		<category><![CDATA[numerical method]]></category>
		<category><![CDATA[Python]]></category>

		<guid isPermaLink="false">./../../../index.html?p=184</guid>
		<description><![CDATA[Compute the greatest common divisor of two non-zero integers. Use Euclid&#8217;s algorithm. Python]]></description>
				<content:encoded><![CDATA[<blockquote><p>Compute the greatest common divisor of two non-zero integers.</p></blockquote>
<p>Use Euclid&#8217;s algorithm.</p>
<h3>Python</h3>
<pre class="brush: python; light: false; title: ; toolbar: true; notranslate">def gcd(a, b):
    a, b = abs(a), abs(b)
    a, b = (a, b) if a &gt; b else (b, a)
    d = a - b
    while b % d != 0:
        a = b
        b = d
        d = a - b
    return d


def main():
    n = 4
    a, b = 4*n, 7*n

    print a, b
    print gcd(a, b)


if __name__ == '__main__':
    main()</pre>
]]></content:encoded>
			<wfw:commentRss>./../../../2012/09/08/greatest-common-divisor-of-two-non-zero-integers/feed/index.html</wfw:commentRss>
		<slash:comments>0</slash:comments>
		</item>
		<item>
		<title>Reconstructing a binary tree from pre-order and in-order traversals</title>
		<link>./../../../2012/09/08/reconstructing-a-binary-tree/index.html</link>
		<comments>./../../../2012/09/08/reconstructing-a-binary-tree/index.html#respond</comments>
		<pubDate>Sat, 08 Sep 2012 23:09:53 +0000</pubDate>
		<dc:creator><![CDATA[okomestudio]]></dc:creator>
				<category><![CDATA[Uncategorized]]></category>
		<category><![CDATA[algorithm]]></category>
		<category><![CDATA[binary tree]]></category>
		<category><![CDATA[data structure]]></category>
		<category><![CDATA[Python]]></category>
		<category><![CDATA[recursion]]></category>

		<guid isPermaLink="false">./../../../index.html?p=178</guid>
		<description><![CDATA[Given pre-order and in-order traversal of a tree, reconstruct the binary tree. Python]]></description>
				<content:encoded><![CDATA[<blockquote><p>Given pre-order and in-order traversal of a tree, reconstruct the binary tree.</p></blockquote>
<h3>Python</h3>
<pre class="brush: python; light: false; title: ; toolbar: true; notranslate">#!/usr/bin/env python2.6
#
# Problem:
#
#   Given pre-order and in-order traversal of a tree, reconstruct the
#   binary tree.


def find_bt(preorder, inorder):
    if len(preorder) == 0 and len(inorder) == 0:
        return None

    key = preorder[0]
    bt = [key, None, None]
    
    idx = inorder.index(key)

    bt[1] = find_bt(preorder[1:1+idx], inorder[:idx])
    bt[2] = find_bt(preorder[1+idx:], inorder[idx+1:])

    return bt


def main():
    preorder = [7, 10, 4, 3, 1, 2, 8, 11]
    inorder = [4, 10, 3, 1, 7, 11, 8, 2]

    bt = find_bt(preorder, inorder)

    # binary tree in Python can be represented by a list of lists
    # [key, left, right]
    print bt


if __name__ == '__main__':
    main()</pre>
]]></content:encoded>
			<wfw:commentRss>./../../../2012/09/08/reconstructing-a-binary-tree/feed/index.html</wfw:commentRss>
		<slash:comments>0</slash:comments>
		</item>
		<item>
		<title>Permutation</title>
		<link>./../../../2012/09/03/permutation/index.html</link>
		<comments>./../../../2012/09/03/permutation/index.html#respond</comments>
		<pubDate>Tue, 04 Sep 2012 00:26:22 +0000</pubDate>
		<dc:creator><![CDATA[okomestudio]]></dc:creator>
				<category><![CDATA[Uncategorized]]></category>
		<category><![CDATA[algorithm]]></category>
		<category><![CDATA[C]]></category>
		<category><![CDATA[Cpp]]></category>
		<category><![CDATA[permutation]]></category>
		<category><![CDATA[Python]]></category>

		<guid isPermaLink="false">./../../../index.html?p=144</guid>
		<description><![CDATA[Print out all permutations of a string. Python C C++]]></description>
				<content:encoded><![CDATA[<blockquote><p>Print out all permutations of a string.</p></blockquote>
<h3>Python</h3>
<pre class="brush: python; light: false; title: ; toolbar: true; notranslate">#!/usr/bin/env python2.6


def permutate(s, prefix=''):
    if len(s):
        for i in range(len(s)):
            permutate(s[:i] + s[i+1:], prefix + s[i])
    else:
        print prefix


permutate('abcd')</pre>
<h3>C</h3>
<pre class="brush: cpp; light: false; title: ; toolbar: true; notranslate">#include &lt;stdio.h&gt;
#include &lt;stdlib.h&gt;


void swap(char *x, char *y)
{
  char t;
  t = *x;
  *x = *y;
  *y = t;
}


void permutate(char *s, int beg, int end)
{
  if (beg == end) {
    printf(&quot;%s\n&quot;, s);
  }
  else {
    int i;
    for (i = beg; i &lt;= end; ++i) {
      swap((s + beg), (s + i));
      permutate(s, beg + 1, end);
      swap((s + beg), (s + i));
    }
  }
}


int main()
{
  char s[] = &quot;abcd&quot;;
  permutate(s, 0, 3);
  return 0;
}</pre>
<h3>C++</h3>
<pre class="brush: cpp; light: false; title: ; toolbar: true; notranslate">#include &lt;iostream&gt;
#include &lt;string&gt;
using namespace std;


void permutate(string s, string prefix=&quot;&quot;)
{
  if (s.empty()) {
    cout &lt;&lt; prefix &lt;&lt; endl;
  }
  else {
    for (int i = 0; i &lt; s.size(); ++i) {
      permutate(s.substr(0, i) + s.substr(i + 1), prefix + s.at(i));
    }
  }
}


int main()
{
  string s = &quot;abcd&quot;;
  permutate(s);
  return 0;
}</pre>
]]></content:encoded>
			<wfw:commentRss>./../../../2012/09/03/permutation/feed/index.html</wfw:commentRss>
		<slash:comments>0</slash:comments>
		</item>
		<item>
		<title>Linked list: Basic implementation</title>
		<link>./../../../2012/09/01/linked-list-basic-implementation/index.html</link>
		<comments>./../../../2012/09/01/linked-list-basic-implementation/index.html#respond</comments>
		<pubDate>Sun, 02 Sep 2012 04:00:51 +0000</pubDate>
		<dc:creator><![CDATA[okomestudio]]></dc:creator>
				<category><![CDATA[Uncategorized]]></category>
		<category><![CDATA[algorithm]]></category>
		<category><![CDATA[C]]></category>
		<category><![CDATA[Cpp]]></category>
		<category><![CDATA[data structure]]></category>
		<category><![CDATA[Java]]></category>
		<category><![CDATA[linked list]]></category>
		<category><![CDATA[Python]]></category>

		<guid isPermaLink="false">./../../../index.html?p=122</guid>
		<description><![CDATA[Implement a basic singly linked list data structure. Write functions/methods to append a node at the end and delete a node. Python C C++ Java]]></description>
				<content:encoded><![CDATA[<blockquote><p>Implement a basic singly linked list data structure.  Write functions/methods to append a node at the end and delete a node.</p></blockquote>
<h3>Python</h3>
<pre class="brush: python; light: false; title: ; toolbar: true; notranslate">#!/usr/bin/env python2.6


class Node(object):

    def __init__(self, d):
        self.data = d
        self.next = None


class LinkedList(object):

    def __init__(self):
        self.head = None

    def append(self, d):
        end = Node(d)
        if self.head is None:
            self.head = end
            return
        n = self.head
        while n.next is not None:
            n = n.next
        n.next = end

    def delete(self, d):
        if self.head is not None:
            n = self.head
            if n.data == d:
                self.head = n.next
                return
            m = n
            while n.next is not None:
                if n.next.data == d:
                    n.next = n.next.next
                    self.head = m
                    return
                n = n.next

    def view(self):
        n = self.head
        while n is not None:
            print n.data
            n = n.next


llist = LinkedList()
for i in range(10):
    llist.append(i)

llist.delete(3)
llist.delete(7)
llist.delete(11)
llist.delete(0)
llist.delete(9)

llist.view()</pre>
<h3>C</h3>
<pre class="brush: cpp; light: false; title: ; toolbar: true; notranslate">#include &lt;stdio.h&gt;
#include &lt;stdlib.h&gt;


struct Node_
{
  int data;
  struct Node_ *next;
};
typedef struct Node_ Node;


typedef struct
{
  Node *head;
} LinkedList;


Node *create_node(int d)
{
  Node *node = malloc(sizeof(Node));
  node-&gt;data = d;
  node-&gt;next = 0;
  return node;
}


void destroy_node(Node *node)
{
  free(node);
}


void append(LinkedList *l, int d)
{
  Node *end = create_node(d);

  if (l-&gt;head == 0) {
    l-&gt;head = end;
    return;
  }

  Node *n = l-&gt;head;
  while (n-&gt;next != 0) {
    n = n-&gt;next;
  }
  n-&gt;next = end;
}


void delete(LinkedList *l, int d)
{
  if (l-&gt;head != 0) {
    Node *n = l-&gt;head;
    if (n-&gt;data == d) {
      l-&gt;head = n-&gt;next;
      return;
    }

    while (n-&gt;next != 0) {
      if (n-&gt;next-&gt;data == d) {
        Node *m = n-&gt;next-&gt;next;
        destroy_node(n-&gt;next);
        n-&gt;next = m;
        return;
      }
      n = n-&gt;next;
    }
  }
}


void view(LinkedList *l)
{
  Node *n = l-&gt;head;
  while (n != 0) {
    printf(&quot;%d\n&quot;, n-&gt;data);
    n = n-&gt;next;
  }
}


int main()
{
  LinkedList llist = {.head = 0};

  int i;
  for (i = 0; i &lt; 10; ++i) {
    append(&amp;llist, i);
  }

  delete(&amp;llist, 3);
  delete(&amp;llist, 7);
  delete(&amp;llist, 11);
  delete(&amp;llist, 0);
  delete(&amp;llist, 9);

  view(&amp;llist);

  return 0;
}</pre>
<h3>C++</h3>
<pre class="brush: cpp; light: false; title: ; toolbar: true; notranslate">#include &lt;iostream&gt;

using namespace std;


class Node
{
public:
  Node(int d) : next(0) { data = d; };
  int data;
  Node *next;
};


class LinkedList
{
public:
  LinkedList() : head(0) {};
  Node *head;

  void append(int d)
  {
    Node *end = new Node(d);
    if (head == 0) {
      head = end;
      return;
    }
    Node *n = head;
    while (n-&gt;next != 0) {
      n = n-&gt;next;
    }
    n-&gt;next = end;
  }

  void remove(int d)
  {
    if (head != 0) {
      if (head-&gt;data == d) {
        Node *m = head-&gt;next;
        delete head;
        head = m;
        return;
      }
      Node *n = head;
      while (n-&gt;next != 0) {
        if (n-&gt;next-&gt;data == d) {
          Node *m = n-&gt;next-&gt;next;
          delete n-&gt;next;
          n-&gt;next = m;
          return;
        }
        n = n-&gt;next;
      }
    }
  }

  void view()
  {
    Node *n = head;
    while (n != 0) {
      cout &lt;&lt; n-&gt;data &lt;&lt; endl;
      n = n-&gt;next;
    }
  }
};


int main()
{
  LinkedList llist;
  for (int i = 0; i &lt; 10; ++i) {
    llist.append(i);
  }
  llist.remove(3);
  llist.remove(7);
  llist.remove(11);
  llist.remove(0);
  llist.remove(9);
  llist.view();
  return 0;
}</pre>
<h3>Java</h3>
<pre class="brush: java; light: false; title: ; toolbar: true; notranslate">class Node
{
  Node next = null;
  int data;

  public Node(int d) { data = d; }
}


class LinkedList
{
  Node head = null;

  LinkedList() {}
  LinkedList(Node n) { head = n; }

  void view()
  {
    Node n = head;
    while (n != null) {
      System.out.println(n.data);
      n = n.next;
    }
  }

  void append(int d)
  {
    Node end = new Node(d);
    if (head == null) {
      head = end;
    }
    else {
      Node n = head;
      while (n.next != null) {
        n = n.next;
      }
      n.next = end;
    }
  }

  void delete(int d)
  {
    Node n = head;
    if (n != null) {
      if (n.data == d) {
        head = n.next;
        return;
      }

      Node m = n;
      while (n.next != null) {
        if (n.next.data == d) {
          n.next = n.next.next;
          head = m;
          return;
        }
        n = n.next;
      }
    }
  }
}


public class linked_list
{
  public static void main(String[] args)
  {
    LinkedList llist = new LinkedList();
    for (int i = 0; i &lt; 10; ++i) {
      llist.append(i);
    }

    llist.delete(3);
    llist.delete(7);
    llist.delete(11);
    llist.delete(0);
    llist.delete(9);

    llist.view();
  }
}</pre>
]]></content:encoded>
			<wfw:commentRss>./../../../2012/09/01/linked-list-basic-implementation/feed/index.html</wfw:commentRss>
		<slash:comments>0</slash:comments>
		</item>
	</channel>
</rss>
