<?xml version="1.0" encoding="UTF-8"?><rss version="2.0"
	xmlns:content="http://purl.org/rss/1.0/modules/content/"
	xmlns:wfw="http://wellformedweb.org/CommentAPI/"
	xmlns:dc="http://purl.org/dc/elements/1.1/"
	xmlns:atom="http://www.w3.org/2005/Atom"
	xmlns:sy="http://purl.org/rss/1.0/modules/syndication/"
	xmlns:slash="http://purl.org/rss/1.0/modules/slash/"
	>

<channel>
	<title>Lenny &#8211; Biboroku</title>
	<atom:link href="./index.html" rel="self" type="application/rss+xml" />
	<link>./../../../../../index.html</link>
	<description>Taro Sato&#039;s Memorandum</description>
	<lastBuildDate>Fri, 20 Apr 2018 17:49:10 +0000</lastBuildDate>
	<language>en-US</language>
	<sy:updatePeriod>hourly</sy:updatePeriod>
	<sy:updateFrequency>1</sy:updateFrequency>
	<generator>https://wordpress.org/?v=4.4.17</generator>
	<item>
		<title>Installing QTScrobbler on Debian Lenny (AMD64)</title>
		<link>./../../../../../2010/03/installing-qtscrobbler-on-debian-lenny-amd64/index.html</link>
		<comments>./../../../../../2010/03/installing-qtscrobbler-on-debian-lenny-amd64/index.html#comments</comments>
		<pubDate>Sun, 14 Mar 2010 05:59:53 +0000</pubDate>
		<dc:creator><![CDATA[Taro]]></dc:creator>
				<category><![CDATA[Debian]]></category>
		<category><![CDATA[Lenny]]></category>
		<category><![CDATA[Linux]]></category>

		<guid isPermaLink="false">http://nomo17k.wordpress.com/?p=690</guid>
		<description><![CDATA[Download a tarball and expand it into a temporary directory. $ sudo apt-get install libcurl4-gnutls-dev libmtp-dev pkg-config libqt4-dev $ tar jxf qtscrob-0.10.tar.bz2 $ cd qtscrob-0.10 $ cd src/qt $ qmake $ make $ sudo cp qtscrob /usr/local/bin $ sudo chmod &#8230; <a href="./../../../../../2010/03/installing-qtscrobbler-on-debian-lenny-amd64/index.html">Continue reading <span class="meta-nav">&#8594;</span></a>]]></description>
				<content:encoded><![CDATA[<p>Download a tarball and expand it into a temporary directory.</p>
<blockquote>
<pre>$ sudo apt-get install libcurl4-gnutls-dev libmtp-dev pkg-config libqt4-dev
$ tar jxf qtscrob-0.10.tar.bz2
$ cd qtscrob-0.10
$ cd src/qt
$ qmake
$ make
$ sudo cp qtscrob /usr/local/bin
$ sudo chmod 755 /usr/local/bin/qtscrob
</pre>
</blockquote>
<p>That&#8217;s it.</p>
]]></content:encoded>
			<wfw:commentRss>./../../../../../2010/03/installing-qtscrobbler-on-debian-lenny-amd64/feed/index.html</wfw:commentRss>
		<slash:comments>1</slash:comments>
		</item>
		<item>
		<title>Wacom Intuos Tablet on Debian Lenny</title>
		<link>./../../../../../2010/01/wacom-intuos-tablet-on-debian-lenny/index.html</link>
		<comments>./../../../../../2010/01/wacom-intuos-tablet-on-debian-lenny/index.html#respond</comments>
		<pubDate>Sun, 17 Jan 2010 01:46:38 +0000</pubDate>
		<dc:creator><![CDATA[Taro]]></dc:creator>
				<category><![CDATA[Debian]]></category>
		<category><![CDATA[Lenny]]></category>
		<category><![CDATA[Linux]]></category>

		<guid isPermaLink="false">http://nomo17k.wordpress.com/?p=595</guid>
		<description><![CDATA[First, install a package: # apt-get install wacom-tools Add the following lines to /etc/X11/xorg.conf: # Device entries for Wacom Intuous: Section "InputDevice" Identifier "stylus" Driver "wacom" Option "Type" "stylus" Option "Mode" "Absolute" Option "USB" "on" Option "Threshold" "10" Option "Tilt" &#8230; <a href="./../../../../../2010/01/wacom-intuos-tablet-on-debian-lenny/index.html">Continue reading <span class="meta-nav">&#8594;</span></a>]]></description>
				<content:encoded><![CDATA[<p>First, install a package:</p>
<blockquote><pre>
# apt-get install wacom-tools
</pre>
</blockquote>
<p>Add the following lines to /etc/X11/xorg.conf:</p>
<blockquote><pre>
# Device entries for Wacom Intuous:
Section "InputDevice"
	Identifier	"stylus"
	Driver		"wacom"
	Option		"Type"		"stylus"
	Option		"Mode"		"Absolute"
	Option		"USB"		"on"
	Option		"Threshold"	"10"
	Option		"Tilt"		"on"
	Option		"Device"	"/dev/input/wacom"
EndSection

Section "InputDevice"
	Identifier	"eraser"
	Driver		"wacom"
	Option		"Type"		"eraser"
	Option		"Mode"		"Absolute"
	Option		"USB"		"on"
	Option		"Tilt"		"on"
	Option		"Threshold"	"10"
	Option		"Device"	"/dev/input/wacom"
EndSection

Section "InputDevice"
	Identifier	"cursor"
	Driver		"wacom"
	Option		"Type"		"cursor"
	Option		"Mode"		"Relative"
	Option		"USB"		"on"
	Option		"Threshold"	"10"
	Option		"Device"	"/dev/input/wacom"
EndSection

Section "InputDevice"
	Identifier	"pad"
	Driver		"wacom"
	Option		"Device"	"/dev/input/wacom"
	Option		"Type"		"pad"
	Option		"USB"		"on"
EndSection

# Add InputDevice lines in SeverLayout:
Section "ServerLayout"
	...

	InputDevice	"stylus"	"SendCoreEvents"
	InputDevice	"eraser"	"SendCoreEvents"
	InputDevice	"cursor"	"SendCoreEvents"
	InputDevice	"pad"		""
EndSection
</pre>
</blockquote>
<p>Reboot (or insert wacom module).</p>
<h2>Using with GIMP</h2>
<p>To use cool features like pressure sensitivity and eraser with GIMP, go to: File -&gt; Preferences -&gt; Input Devices -&gt; Configure Extended Input Devices, and set stylus, cursor, eraser, pad to “Screen.” This should be it!</p>
]]></content:encoded>
			<wfw:commentRss>./../../../../../2010/01/wacom-intuos-tablet-on-debian-lenny/feed/index.html</wfw:commentRss>
		<slash:comments>0</slash:comments>
		</item>
		<item>
		<title>Installing Freemind on Debian Lenny</title>
		<link>./../../../../../2009/11/installing-freemind-on-debian-lenny/index.html</link>
		<comments>./../../../../../2009/11/installing-freemind-on-debian-lenny/index.html#comments</comments>
		<pubDate>Sun, 15 Nov 2009 04:15:48 +0000</pubDate>
		<dc:creator><![CDATA[Taro]]></dc:creator>
				<category><![CDATA[Debian]]></category>
		<category><![CDATA[Lenny]]></category>
		<category><![CDATA[Linux]]></category>

		<guid isPermaLink="false">http://nomo17k.wordpress.com/?p=573</guid>
		<description><![CDATA[Download .deb from Freemind&#8217;s sourceforge web page, e.g., freemind_0.8.1-2_all.deb. Then # apt-get install sun-java6-jre # apt-get install libcommons-codec-java libcommons-lang-java libjcalendar-java # apt-get install libjgoodies-forms-java librelaxng-datatype-java # dpkg -i freemind_0.8.1-2_all.deb Add the following line to ~/.bashrc: export JAVA_HOME=/usr/lib/jvm/java-6-sun (Without the environment &#8230; <a href="./../../../../../2009/11/installing-freemind-on-debian-lenny/index.html">Continue reading <span class="meta-nav">&#8594;</span></a>]]></description>
				<content:encoded><![CDATA[<p>Download .deb from Freemind&#8217;s <a href="http://sourceforge.net/projects/freemind/files/freemind-deb/">sourceforge web page</a>, e.g., freemind_0.8.1-2_all.deb.  Then</p>
<blockquote><p>
# apt-get install sun-java6-jre<br />
# apt-get install libcommons-codec-java libcommons-lang-java libjcalendar-java<br />
# apt-get install libjgoodies-forms-java librelaxng-datatype-java<br />
# dpkg -i freemind_0.8.1-2_all.deb
</p></blockquote>
<p>Add the following line to ~/.bashrc:</p>
<blockquote><p>
export JAVA_HOME=/usr/lib/jvm/java-6-sun
</p></blockquote>
<p>(Without the environment variable set, I could not get freemind to run at all.)  You can then launch it by typing freemind on the shell or choose the program in the menu under office.</p>
]]></content:encoded>
			<wfw:commentRss>./../../../../../2009/11/installing-freemind-on-debian-lenny/feed/index.html</wfw:commentRss>
		<slash:comments>1</slash:comments>
		</item>
		<item>
		<title>Astro Software in Debian Lenny</title>
		<link>./../../../../../2009/04/astro-software-in-debian-lenny/index.html</link>
		<comments>./../../../../../2009/04/astro-software-in-debian-lenny/index.html#respond</comments>
		<pubDate>Tue, 21 Apr 2009 00:44:49 +0000</pubDate>
		<dc:creator><![CDATA[Taro]]></dc:creator>
				<category><![CDATA[Debian]]></category>
		<category><![CDATA[Lenny]]></category>
		<category><![CDATA[Linux]]></category>
		<category><![CDATA[Research]]></category>

		<guid isPermaLink="false">http://nomo17k.wordpress.com/?p=335</guid>
		<description><![CDATA[Here my goal is to build a computing environment where Python is the glue of all the astro-related tools (PyRAF, stsci_python, etc.). IRAF In order to use PyRAF, IRAF needs to be installed first. Python At the very least, I &#8230; <a href="./../../../../../2009/04/astro-software-in-debian-lenny/index.html">Continue reading <span class="meta-nav">&#8594;</span></a>]]></description>
				<content:encoded><![CDATA[<p>Here my goal is to build a computing environment where Python is the glue of all the astro-related tools (PyRAF, stsci_python, etc.).</p>
<h2>IRAF</h2>
<p>In order to use PyRAF, <a href="http://nomo17k.wordpress.com/2009/04/17/iraf-on-debian-lenny/">IRAF needs to be installed first</a>.</p>
<h2>Python</h2>
<p>At the very least, I want the basic Python packages related to science/data analysis:</p>
<pre style="border:1px solid #ccc;padding:4px;">
# apt-get install python ipython python-doc
# apt-get install python-numpy python-scipy python-matplotlib
</pre>
<h2>PyRAF</h2>
<p>Install several Python packages:</p>
<pre style="border:1px solid #ccc;padding:4px;">
# apt-get install tk8.4-dev python-tk libf2c2-dev
# apt-get install python-dev python-pmw python-urwid
</pre>
<p>Test if the required Python modules exists by making sure that no ImportError occurs below:</p>
<pre style="border:1px solid #ccc;padding:4px;">
# python
&gt;&gt;&gt; import readline
&gt;&gt;&gt; import Tkinter
&gt;&gt;&gt; Tkinter._test()
&gt;&gt;&gt; import Pmw
&gt;&gt;&gt; import urwid
</pre>
<p>If you have an installation of previous version, check the section Cleaning An Old Installation of the <a href="http://www.stsci.edu/resources/software_hardware/pyraf/stsci_python/Installation">installation instruction at the STSci web site</a> to make sure things are clean.</p>
<p>Prepare the source directory:</p>
<pre style="border:1px solid #ccc;padding:4px;">
# mkdir /usr/local/src/python_packages/stsci_python
# cd /usr/local/src/python_packages/stsci_python
</pre>
<p>Download and extract the source:</p>
<pre style="border:1px solid #ccc;padding:4px;">
# wget http://stsdas.stsci.edu/download/stsci_python_2.7/stsci_python_2.7.tar.gz
# gunzip -c stsci_python_2.7.tar.gz | tar xvf -
# cd stsci_python_2.7/
</pre>
<p>Normally, using <tt>python setup.py install</tt> will do the job, but it probably ends in compilation error, complaining the header file <em>cfunc.h</em> not found.  In order to force the installation, modify <em>setup.py</em> in the current directory, so that at the very end of the file an additional include directory is defined:</p>
<pre style="border:1px solid #ccc;padding:4px;">
distutils.core.setup(

    # This name is used in various file names to identify this item.
    name="stsci_python",

    # This version is expected to be compared to other version numbers.
    # It will also appear in some file names.
    version="2.7",

    # Apparently, description is not used anywhere.
    description="",

    packages = all_packages,
    package_dir = all_package_dir,
    ext_modules = all_ext_modules,
    scripts = all_scripts,
    data_files = all_data_files,
    include_dirs = ['/usr/lib/python2.5/site-packages/numpy/numarray/numpy']
)
</pre>
<p>Then we can follow the normal instruction:</p>
<pre style="border:1px solid #ccc;padding:4px;">
# python setup.py install
# cd stscidocs
# python setup.py install
</pre>
<p>Before running PyRAF for the first time, clear the cache by removing directories under your &#8220;pyraf&#8221; directory, which is located in where you have your loginuser.cl for IRAF.</p>
<p>That&#8217;s it!</p>
]]></content:encoded>
			<wfw:commentRss>./../../../../../2009/04/astro-software-in-debian-lenny/feed/index.html</wfw:commentRss>
		<slash:comments>0</slash:comments>
		</item>
		<item>
		<title>IRAF on Debian Lenny</title>
		<link>./../../../../../2009/04/iraf-on-debian-lenny/index.html</link>
		<comments>./../../../../../2009/04/iraf-on-debian-lenny/index.html#comments</comments>
		<pubDate>Fri, 17 Apr 2009 22:54:36 +0000</pubDate>
		<dc:creator><![CDATA[Taro]]></dc:creator>
				<category><![CDATA[Debian]]></category>
		<category><![CDATA[Lenny]]></category>
		<category><![CDATA[Linux]]></category>
		<category><![CDATA[Research]]></category>

		<guid isPermaLink="false">http://nomo17k.wordpress.com/?p=341</guid>
		<description><![CDATA[Here is my installation note for IRAF (ver 2.14.1) on Debian Lenny. Basically, the installation procedure does not differ much from the one outlined in the official IRAF installation guide. First, create &#8220;iraf&#8221; user account to the system if it &#8230; <a href="./../../../../../2009/04/iraf-on-debian-lenny/index.html">Continue reading <span class="meta-nav">&#8594;</span></a>]]></description>
				<content:encoded><![CDATA[<p>Here is my installation note for IRAF (ver 2.14.1) on Debian Lenny.</p>
<p>Basically, the installation procedure does not differ much from the one outlined in the <a href="http://iraf.noao.edu/">official IRAF installation guide</a>.</p>
<p>First, create &#8220;iraf&#8221; user account to the system if it does not exist already.  Also, install the C shell (csh) as it appears to be the preferred shell for IRAF (people apparently don&#8217;t know when to move on).</p>
<pre style="border:1px solid #ccc;padding:4px;">$ sudo apt-get install csh ncompress
$ sudo adduser iraf</pre>
<p>After user &#8220;iraf&#8221; has been added to the system, change its home directory and the default shell by modifying <em>/etc/passwd</em> to read:</p>
<pre style="border:1px solid #ccc;padding:4px;">iraf:x:1002:1002:IRAF Admin,,,:/iraf/iraf/local:/bin/csh</pre>
<p>Note that the number 1002 may be different depending on how many users already have the accounts on the system.  Only change the last two entries delimited by colon to <em>/iraf/iraf/local</em> and <em>/bin/csh</em>.</p>
<p>We assume IRAF will be installed under <em>/usr/local/iraf</em>, and a symlink <em>/iraf</em> points to that directory:</p>
<pre style="border:1px solid #ccc;padding:4px;"># mkdir /usr/local/iraf
# chown iraf /usr/local/iraf
# chgrp iraf /usr/local/iraf
# ln -s /usr/local/iraf /iraf</pre>
<p>Login as user &#8220;iraf,&#8221; and create a bunch of directories:</p>
<pre style="border:1px solid #ccc;padding:4px;"># su iraf
% cd /usr/local/iraf
% mkdir extern imdirs iraf irafbin x11iraf
% mkdir irafbin/bin.linux
% mkdir irafbin/noao.bin.linux</pre>
<p>Install x11iraf.  You may use the pre-built binary distribution:</p>
<pre style="border:1px solid #ccc;padding:4px;">% cd /usr/local/iraf/x11iraf
% wget http://iraf.noao.edu/x11iraf/x11iraf-v2.0BETA-bin.redhat.tar.gz
% gunzip -c x11* | tar xvf -
% su
# ./install
# exit</pre>
<p>and select defaults for all the user input upon installation.  (Note that if <tt>xgterm</tt> quits on an error complaining about &#8220;ptys,&#8221; then you may need to turn on the kernel configurations CONFIG_LEGACY_PTYS and CONFIG_UNIX98_PTYS; yes, you may need to <a href="http://nomo17k.wordpress.com/2009/03/22/customizing-installing-linux-kernel-26x-on-debian-lenny/">rebuild the kernel</a>&#8230;)</p>
<p>Install the source:</p>
<pre style="border:1px solid #ccc;padding:4px;">% cd /usr/local/iraf/iraf
% wget http://iraf.noao.edu/iraf/ftp/iraf/v214/PCIX/as.pcix.gen.gz
% gunzip -c as.pcix.gen.gz | tar xvf -</pre>
<p>Install the binaries:</p>
<pre style="border:1px solid #ccc;padding:4px;">% cd ../irafbin/bin.linux
% wget http://iraf.noao.edu/iraf/ftp/iraf/v214/PCIX/ib.lnux.x86.gz
% gunzip -c ib.lnux.x86.gz | tar xvf -

% cd ../noao.bin.linux
% wget http://iraf.noao.edu/iraf/ftp/iraf/v214/PCIX/nb.lnux.x86.gz
% gunzip -c nb.lnux.x86.gz | tar xvf -
% exit</pre>
<p>Run the install script:</p>
<pre style="border:1px solid #ccc;padding:4px;"># su iraf
% cd $iraf/unix/hlib
% source irafuser.csh
% su
# ./install</pre>
<p>Follow the instruction for the most part, but the following are not necessary: IRAF networking and tapecap device.</p>
<pre style="border:1px solid #ccc;padding:4px;"># exit
% cd
% source .login
% rehash
% cl</pre>
<p>This should start ecl.</p>
<p>For exposing external packages (which must already be installed if not already) within IRAF, the text file <em>extern.pkg</em> can be reused if these packages are already installed.  Copy it from a previous installation to <em>/usr/local/iraf/iraf/unix/hlib</em>.</p>
<pre style="border:1px solid #ccc;padding:4px;">
# External (non core-system) packages.  To install a new package, add the
# two statements to define the package root directory and package task,
# then add the package helpdb to the `helpdb' list.

reset	noao		= iraf$noao/
task	noao.pkg	= noao$noao.cl

reset	tables		= /iraf/extern/tables/
task	tables.pkg	= tables$tables.cl

reset	mscred		= /iraf/extern/mscred/
task	mscred.pkg	= mscred$mscred.cl

reset	stsdas		= /iraf/extern/stsdas/
task	stsdas.pkg	= stsdas$stsdas.cl
task	apropos		= stsdas$apropos.cl

reset	rvsao		= /iraf/extern/rvsao/rvsao-2.5.0/
task	rvsao.pkg	= rvsao$rvsao.cl

reset	xdimsum		= /iraf/extern/xdimsum/
task	xdimsum.pkg	= xdimsum$xdimsum.cl

reset	fuzzy		= /iraf/extern/fuzzy/
task	$fuzzy.pkg	= fuzzy$fuzzy.cl

set	crrefer		= "/home/astro_data/stsci_data/"

reset   helpdb          = "lib$helpdb.mip\
                          ,noao$lib/helpdb.mip\
                          ,tables$lib/helpdb.mip\
                          ,stsdas$lib/helpdb.mip\
                          ,mscred$lib/helpdb.mip\
                          ,rvsao$lib/helpdb.mip\
			  ,xdimsum$lib/helpdb.mip\
                          "

keep
</pre>
<p>You can simply comment out lines with &#8220;#&#8221; if some packages are not installed.</p>
<p>The packages <tt>stsdas</tt> and <tt>tables</tt> should be installed following the <a href="http://www.stsci.edu/resources/software_hardware/stsdas/download">official instruction</a>.</p>
]]></content:encoded>
			<wfw:commentRss>./../../../../../2009/04/iraf-on-debian-lenny/feed/index.html</wfw:commentRss>
		<slash:comments>1</slash:comments>
		</item>
		<item>
		<title>Wine on Debian Lenny</title>
		<link>./../../../../../2009/03/wine-on-debian-lenny/index.html</link>
		<comments>./../../../../../2009/03/wine-on-debian-lenny/index.html#respond</comments>
		<pubDate>Mon, 23 Mar 2009 00:40:43 +0000</pubDate>
		<dc:creator><![CDATA[Taro]]></dc:creator>
				<category><![CDATA[Debian]]></category>
		<category><![CDATA[Lenny]]></category>
		<category><![CDATA[Linux]]></category>

		<guid isPermaLink="false">http://nomo17k.wordpress.com/?p=225</guid>
		<description><![CDATA[To install Wine, do # apt-get install wine To launch a Windows Explorer-like file browser, do $ winefile in which you can manage installers and programs just like in Windows. Installing IEs4Linux Follow the instruction here.]]></description>
				<content:encoded><![CDATA[<p>To install Wine, do</p>
<pre style="border:1px solid #ccc;padding:4px;">
# apt-get install wine
</pre>
<p>To launch a Windows Explorer-like file browser, do</p>
<pre style="border:1px solid #ccc;padding:4px;">
$ winefile
</pre>
<p>in which you can manage installers and programs just like in Windows.</p>
<h2>Installing IEs4Linux</h2>
<p>Follow the instruction <a href="http://www.tatanka.com.br/ies4linux/page/Main_Page">here</a>.</p>
]]></content:encoded>
			<wfw:commentRss>./../../../../../2009/03/wine-on-debian-lenny/feed/index.html</wfw:commentRss>
		<slash:comments>0</slash:comments>
		</item>
		<item>
		<title>Microsoft Natural Ergonomic Keyboard 4000 on Debian Lenny</title>
		<link>./../../../../../2009/03/microsoft-natural-ergonomic-keyboard-4000-on-debian-lenny/index.html</link>
		<comments>./../../../../../2009/03/microsoft-natural-ergonomic-keyboard-4000-on-debian-lenny/index.html#respond</comments>
		<pubDate>Mon, 23 Mar 2009 00:34:21 +0000</pubDate>
		<dc:creator><![CDATA[Taro]]></dc:creator>
				<category><![CDATA[Debian]]></category>
		<category><![CDATA[Lenny]]></category>
		<category><![CDATA[Linux]]></category>

		<guid isPermaLink="false">http://nomo17k.wordpress.com/?p=221</guid>
		<description><![CDATA[Unfortunately not all the &#8220;special keys&#8221; can be enabled at this point; the zoom bar in the middle being notable example. For my own use it really doesn&#8217;t matter since I rarely make use of them. Download the .deb package &#8230; <a href="./../../../../../2009/03/microsoft-natural-ergonomic-keyboard-4000-on-debian-lenny/index.html">Continue reading <span class="meta-nav">&#8594;</span></a>]]></description>
				<content:encoded><![CDATA[<p>Unfortunately not all the &#8220;special keys&#8221; can be enabled at this point; the zoom bar in the middle being notable example.  For my own use it really doesn&#8217;t matter since I rarely make use of them.</p>
<p>Download the .deb package file from the <a href="http://packages.debian.org/squeeze/xkb-data">xkb-data repository for Squeeze</a>.  Then</p>
<blockquote>
<pre>$ sudo dpkg -i xkb-data_1.7-2_all.deb</pre>
</blockquote>
<p>Now under the K menu, go to Control Center -&gt; Regional &amp; Accessibility -&gt; Keyboard Layout -&gt; Layout.  Choose Microsoft Natural Wireless Ergonomic Keyboard 7000 as the Keyboard model. Restart X.</p>
<h4>Obsolete Way</h4>
<p>An approach here is to use an APT pinning to get a later version of the xkb-data package from the testing repository.  That includes the keyboard layout data for MS Ergonomic Keyboard 7000, which we can use.</p>
<p>First, add a testing repository to <em>/etc/apt/sources.list</em>:</p>
<blockquote>
<pre>deb http://ftp.us.debian.org/debian lenny main contrib non-free
deb-src http://ftp.us.debian.org/debian lenny main contrib non-free

deb http://www.debian-multimedia.org/ lenny main

deb http://security.debian.org/ lenny/updates main contrib non-free
deb-src http://security.debian.org/ lenny/updates main contrib non-free

# For a few packages including: MS Natural Ergo Keyboard 4000
deb http://ftp.us.debian.org/debian testing main contrib non-free
</pre>
</blockquote>
<p>In <em>/etc/apt/preferences</em>, have the following lines:</p>
<blockquote>
<pre>Package: *
Pin: release v=5.0*
Pin-Priority: 700

Package: xkb-data
Pin: release a=testing
Pin-Priority: 650
</pre>
</blockquote>
<p>Here v = 5.0* means the stable version (Lenny is 5.0).  So only xkb-data will be fetched from testing, but the rest remains stable.</p>
<p>Then install the xkb-data package:</p>
<blockquote>
<pre>$ sudo apt-get update
$ sudo apt-get install xkb-data
</pre>
</blockquote>
<p>Now under the K menu go to Control Center -&gt; Regional &amp; Accessibility -&gt; Keyboard Layout -&gt; Layout.  Choose Microsoft Natural Wireless Ergonomic Keyboard 7000 as the Keyboard model.  Restart X.</p>
<p>Most special keys should be working by now.</p>
<h4>Update History</h4>
<p>March 13, 2010: Using .deb is much easier, so I obsoleted the apt-pinning method.  (Not to mention it was no longer working for me for some reason&#8230;)</p>
]]></content:encoded>
			<wfw:commentRss>./../../../../../2009/03/microsoft-natural-ergonomic-keyboard-4000-on-debian-lenny/feed/index.html</wfw:commentRss>
		<slash:comments>0</slash:comments>
		</item>
		<item>
		<title>Linksys WET54G on Debian Lenny</title>
		<link>./../../../../../2009/03/linksys-wet54g-on-debian-lenny/index.html</link>
		<comments>./../../../../../2009/03/linksys-wet54g-on-debian-lenny/index.html#respond</comments>
		<pubDate>Sun, 22 Mar 2009 22:33:42 +0000</pubDate>
		<dc:creator><![CDATA[Taro]]></dc:creator>
				<category><![CDATA[Debian]]></category>
		<category><![CDATA[Lenny]]></category>
		<category><![CDATA[Linux]]></category>

		<guid isPermaLink="false">http://nomo17k.wordpress.com/?p=214</guid>
		<description><![CDATA[Add the following interface to /etc/network/interfaces: iface wet54g inet static address 192.168.1.10 netmask 255.255.255.0 Connect the bridge WET54G to the computer. If an Ethernet card is configured as eth0, do # ifup eth0=wet54g The WET54G web interface can be accessed &#8230; <a href="./../../../../../2009/03/linksys-wet54g-on-debian-lenny/index.html">Continue reading <span class="meta-nav">&#8594;</span></a>]]></description>
				<content:encoded><![CDATA[<p>Add the following interface to <em>/etc/network/interfaces</em>:</p>
<pre style="border:1px solid #ccc;padding:4px;">iface wet54g inet static
  address 192.168.1.10
  netmask 255.255.255.0</pre>
<p>Connect the bridge WET54G to the computer.  If an Ethernet card is configured as eth0, do</p>
<pre style="border:1px solid #ccc;padding:4px;"># ifup eth0=wet54g</pre>
<p>The WET54G web interface can be accessed at 192.168.1.226.  Keep the static IP address for later use.  Specify wireless SSID and configure security setting if necessary.  The network type should be infrastructure in normal setting.  Restart the bridge.  (Also for me WPA2 PSK and TKIP for security setting&#8230;)</p>
<p>Once the bridge is receiving the wireless connection, having</p>
<pre style="border:1px solid #ccc;padding:4px;">auto eth0
iface eth0 inet dhcp</pre>
<p>in <em>/etc/network/interfaces</em> will configure the network via DHCP on reboot.</p>
]]></content:encoded>
			<wfw:commentRss>./../../../../../2009/03/linksys-wet54g-on-debian-lenny/feed/index.html</wfw:commentRss>
		<slash:comments>0</slash:comments>
		</item>
		<item>
		<title>Compiz Fusion in Dell XPS 630i (Debian Lenny)</title>
		<link>./../../../../../2009/03/compiz-fusion-in-dell-xps-630i-debian-lenny/index.html</link>
		<comments>./../../../../../2009/03/compiz-fusion-in-dell-xps-630i-debian-lenny/index.html#respond</comments>
		<pubDate>Sun, 22 Mar 2009 22:24:57 +0000</pubDate>
		<dc:creator><![CDATA[Taro]]></dc:creator>
				<category><![CDATA[Debian]]></category>
		<category><![CDATA[Lenny]]></category>
		<category><![CDATA[Linux]]></category>

		<guid isPermaLink="false">http://nomo17k.wordpress.com/?p=211</guid>
		<description><![CDATA[Note: This is a cursory note when I set up Lenny on Dell XPS 630i (the video card is nVidia GeForce 8800 GT) when Lenny was still testing. For detail I used this and that. Install the nVidia video driver &#8230; <a href="./../../../../../2009/03/compiz-fusion-in-dell-xps-630i-debian-lenny/index.html">Continue reading <span class="meta-nav">&#8594;</span></a>]]></description>
				<content:encoded><![CDATA[<p>Note: This is a cursory note when I set up Lenny on Dell XPS 630i (the video card is nVidia GeForce 8800 GT) when Lenny was still testing.  For detail I used <a href="http://www.compiz.org/How_to_compile_and_run_Compiz_for_nvidia_card_users">this</a> and <a href="http://forums.debian.net/viewtopic.php?t=26966">that</a>.</p>
<p>Install the nVidia video driver from the nVidia web site (use their installer and follow their instruction).  Then install some packages:</p>
<pre style="border:1px solid #ccc;padding:4px;">
# apt-get install compiz compiz-core compiz-gnome compiz-gtk compiz-plugins
                  compizconfig-settings-manager libcompizconfig0
                  python-compizconfig libdecoration0
# apt-get install compiz-fusion-bcop compiz-fusion-plugins-extra
                  compiz-fusion-plugins-main
                  compiz-fusion-plugins-unsupported
                  compizconfig-backend-gconf compizconfig-backend-kconfig
                  compizconfig-settings-manager libcompizconfig0
# apt-get install compiz-kde fusion-icon
</pre>
<p>Also to let the script modify <em>/etc/X11/xorg.conf</em>, do:</p>
<pre style="border:1px solid #ccc;padding:4px;">
# nvidia-xconfig --composite
# nvidia-xconfig --render-accel
# nvidia-xconfig --allow-glx-with-composite
# nvidia-xconfig --add-argb-glx-visuals
</pre>
<p>In <em>/etc/X11/xorg.conf</em>, make sure DefaultDepth is set to 24, if it isn&#8217;t already, then add the following lines below &#8220;EndSubSection&#8221; or above the first &#8220;SubSection&#8221;:</p>
<pre style="border:1px solid #ccc;padding:4px;">
Option         "AddARGBGLXVisuals" "true"
Option         "DisableGLXRootClipping" "true"
</pre>
<p>Save the file and exit the text editor. Now restart the X-server by pressing Ctrl + Alt + Del or reboot.</p>
<p>Use <tt>fusion-icon</tt> to configure.  You can use *.profile file to restore saved configuration.</p>
<p>To auto-start compiz fusion at KDE startup, open an editor, and create a file with the following contents:</p>
<pre style="border:1px solid #ccc;padding:4px;">
#!/bin/sh
/usr/bin/fusion-icon
</pre>
<p>Save the file as <em>~/.kde/Autostart/compiz_start.sh</em>.</p>
]]></content:encoded>
			<wfw:commentRss>./../../../../../2009/03/compiz-fusion-in-dell-xps-630i-debian-lenny/feed/index.html</wfw:commentRss>
		<slash:comments>0</slash:comments>
		</item>
		<item>
		<title>Using Hostnames in Local Area Network on Debian Lenny</title>
		<link>./../../../../../2009/03/using-hostnames-in-local-area-network-on-debian-lenny/index.html</link>
		<comments>./../../../../../2009/03/using-hostnames-in-local-area-network-on-debian-lenny/index.html#comments</comments>
		<pubDate>Sun, 22 Mar 2009 21:45:27 +0000</pubDate>
		<dc:creator><![CDATA[Taro]]></dc:creator>
				<category><![CDATA[Debian]]></category>
		<category><![CDATA[Lenny]]></category>
		<category><![CDATA[Linux]]></category>

		<guid isPermaLink="false">http://nomo17k.wordpress.com/?p=200</guid>
		<description><![CDATA[Background: I have a couple Debian Lenny boxes. They connect to the Internet via a wireless (or wired) router. The IPs are assigned dynamically via DHCP. It is fairly easy to set up a LAN with static IP addresses (e.g., &#8230; <a href="./../../../../../2009/03/using-hostnames-in-local-area-network-on-debian-lenny/index.html">Continue reading <span class="meta-nav">&#8594;</span></a>]]></description>
				<content:encoded><![CDATA[<p>Background: I have a couple Debian Lenny boxes.  They connect to the Internet via a wireless (or wired) router.  The IPs are assigned dynamically via DHCP.  It is fairly easy to set up a LAN with static IP addresses (e.g., 127.0.0.101, 127.0.0.102, etc.), but it is not so convenient to remember IP addresses for each computer in LAN.  When I ssh into another box, I want to use a hostname rather than an IP address.</p>
<p>There is a very easy solution!</p>
<p>In <em>/etc/dhcp3/dhclient.conf</em> of each computer, specify</p>
<pre style="border:1px solid #ccc;padding:4px;">
send host-name "johndoe";
</pre>
<p>(for a host named &#8220;johndoe&#8221;).  This way a host can be identified via a hostname, not via an IP address.</p>
]]></content:encoded>
			<wfw:commentRss>./../../../../../2009/03/using-hostnames-in-local-area-network-on-debian-lenny/feed/index.html</wfw:commentRss>
		<slash:comments>1</slash:comments>
		</item>
		<item>
		<title>EPSON Perfection 1260 on Debian Lenny</title>
		<link>./../../../../../2009/03/epson-perfection-1260-on-debian-lenny/index.html</link>
		<comments>./../../../../../2009/03/epson-perfection-1260-on-debian-lenny/index.html#respond</comments>
		<pubDate>Sun, 22 Mar 2009 20:46:29 +0000</pubDate>
		<dc:creator><![CDATA[Taro]]></dc:creator>
				<category><![CDATA[Debian]]></category>
		<category><![CDATA[Lenny]]></category>
		<category><![CDATA[Linux]]></category>

		<guid isPermaLink="false">http://nomo17k.wordpress.com/?p=185</guid>
		<description><![CDATA[Kernel (version 2.6.x) must be configured such that it has /proc and usb device file system support. (Or more recent info state that you need the kernel modules usbhid, ehci_hcd, and ohci_hcd; see this guide for detail.) Then install a &#8230; <a href="./../../../../../2009/03/epson-perfection-1260-on-debian-lenny/index.html">Continue reading <span class="meta-nav">&#8594;</span></a>]]></description>
				<content:encoded><![CDATA[<p>Kernel (version 2.6.x) must be configured such that it has <em>/proc</em> and usb device file system support.  (Or more recent info state that you need the kernel modules usbhid, ehci_hcd, and ohci_hcd; see <a href="http://viger.altervista.org/guide/scannerusb.html">this guide</a> for detail.)</p>
<p>Then install a bunch of software</p>
<pre style="border:1px solid #ccc;padding:4px;"># apt-get install dbus hal sane
# apt-get install sane-utils xsane libpng-dev usbutils</pre>
<p>Verify the scanner is detected:</p>
<pre style="border:1px solid #cccccc;padding:4px;"># sane-find-scanner</pre>
<p>should indicate something similar to</p>
<pre style="border:1px solid #cccccc;padding:4px;">found USB scanner (vendor=0x04b8 [EPSON], product=0x011d
[EPSON Scanner], chip=LM9832/3) at libusb:003:005</pre>
<p>Add a user who needs access to the scanner to the group scanner:</p>
<pre style="border:1px solid #ccc;padding:4px;"># adduser username scanner
# exit
$ scanimage -L</pre>
<p>Make sure that the last command shows something similar to</p>
<pre style="border:1px solid #ccc;padding:4px;">device `plustek:libusb:003:005' is a Epson Perfection 1260/Photo USB
flatbed scanner</pre>
<p>This confirms that the scanner is usable.  After starting a new session,</p>
<pre style="border:1px solid #ccc;padding:4px;">$ xsane</pre>
<p>should get you going.  Note that hotplugging may not recognize the scanner at times (e.g., after rebooting).  Try unplug and plug again the USB cable if that happens.</p>
]]></content:encoded>
			<wfw:commentRss>./../../../../../2009/03/epson-perfection-1260-on-debian-lenny/feed/index.html</wfw:commentRss>
		<slash:comments>0</slash:comments>
		</item>
		<item>
		<title>Timezone Setting for Windows / Debian Lenny Dual Boot</title>
		<link>./../../../../../2009/03/timezone-setting-for-windows-debian-lenny-dual-boot/index.html</link>
		<comments>./../../../../../2009/03/timezone-setting-for-windows-debian-lenny-dual-boot/index.html#respond</comments>
		<pubDate>Sun, 22 Mar 2009 20:38:17 +0000</pubDate>
		<dc:creator><![CDATA[Taro]]></dc:creator>
				<category><![CDATA[Debian]]></category>
		<category><![CDATA[Lenny]]></category>
		<category><![CDATA[Linux]]></category>

		<guid isPermaLink="false">http://nomo17k.wordpress.com/?p=181</guid>
		<description><![CDATA[In order to coexist with a dumb system like Microsoft Windows, it may be necessary to set up Debian to use localtime instead of UTC to keep track of time. In /etc/default/rcS, change a line to have UTC=no. Then reboot. &#8230; <a href="./../../../../../2009/03/timezone-setting-for-windows-debian-lenny-dual-boot/index.html">Continue reading <span class="meta-nav">&#8594;</span></a>]]></description>
				<content:encoded><![CDATA[<p>In order to coexist with a dumb system like Microsoft Windows, it may be necessary to set up Debian to use localtime instead of UTC to keep track of time.</p>
<p>In <em>/etc/default/rcS</em>, change a line to have <tt>UTC=no</tt>.  Then reboot.  If you wish, the <a href="http://nomo17k.wordpress.com/2009/03/22/using-ntp-server-to-synchronize-time-on-debian-lenny/">system time can be then synchronized with the ntp</a>.</p>
]]></content:encoded>
			<wfw:commentRss>./../../../../../2009/03/timezone-setting-for-windows-debian-lenny-dual-boot/feed/index.html</wfw:commentRss>
		<slash:comments>0</slash:comments>
		</item>
		<item>
		<title>Using KDict Locally on Debian Lenny</title>
		<link>./../../../../../2009/03/using-kdict-locally-on-debian-lenny/index.html</link>
		<comments>./../../../../../2009/03/using-kdict-locally-on-debian-lenny/index.html#respond</comments>
		<pubDate>Sun, 22 Mar 2009 20:10:03 +0000</pubDate>
		<dc:creator><![CDATA[Taro]]></dc:creator>
				<category><![CDATA[Debian]]></category>
		<category><![CDATA[Lenny]]></category>
		<category><![CDATA[Linux]]></category>

		<guid isPermaLink="false">http://nomo17k.wordpress.com/?p=174</guid>
		<description><![CDATA[Online dictionaries are fantastic, but once in a while an access to a dictionary without picking up wireless becomes necessary. It may be handy to have KDict set up so that it doesn&#8217;t query a remote host. If you will &#8230; <a href="./../../../../../2009/03/using-kdict-locally-on-debian-lenny/index.html">Continue reading <span class="meta-nav">&#8594;</span></a>]]></description>
				<content:encoded><![CDATA[<p>Online dictionaries are fantastic, but once in a while an access to a dictionary without picking up wireless becomes necessary.  It may be handy to have KDict set up so that it doesn&#8217;t query a remote host.</p>
<p>If you will be using dict.org through the web, just doing</p>
<pre style="border:1px solid #ccc;padding:4px;">
# apt-get install kdict
</pre>
<p>is enough to start using KDict right away.  If you wish to use it offline, you need a daemon and some database:</p>
<pre style="border:1px solid #ccc;padding:4px;">
# apt-get install dictd
# apt-get install dict-wn
# apt-get install dict-gcide
# apt-get install dict-jargon
# apt-get install dict-moby-thesaurus
# apt-get install dict-vera
# apt-get install dict-foldoc
</pre>
<p>You may select any of dict-*; they are <a href="http://packages.debian.org/search?keywords=dict&amp;searchon=names&amp;suite=all&amp;section=all">different dictionaries</a>.  Launch <tt>kdict</tt>, go to Settings -&gt; Configure Dictionary -&gt; Server, and specify &#8220;localhost&#8221; (instead of dict.org) as the hostname in DICT Server Configuration.</p>
]]></content:encoded>
			<wfw:commentRss>./../../../../../2009/03/using-kdict-locally-on-debian-lenny/feed/index.html</wfw:commentRss>
		<slash:comments>0</slash:comments>
		</item>
		<item>
		<title>Ruby on Debian Lenny</title>
		<link>./../../../../../2009/03/ruby-on-debian-lenny/index.html</link>
		<comments>./../../../../../2009/03/ruby-on-debian-lenny/index.html#respond</comments>
		<pubDate>Sun, 22 Mar 2009 20:02:08 +0000</pubDate>
		<dc:creator><![CDATA[Taro]]></dc:creator>
				<category><![CDATA[Debian]]></category>
		<category><![CDATA[Lenny]]></category>
		<category><![CDATA[Linux]]></category>

		<guid isPermaLink="false">http://nomo17k.wordpress.com/?p=171</guid>
		<description><![CDATA[Here I will keep adding Ruby-related reminders for my Debian box. # apt-get install ruby ruby-elisp]]></description>
				<content:encoded><![CDATA[<p>Here I will keep adding Ruby-related reminders for my Debian box.</p>
<pre style="border:1px solid #ccc;padding:4px;">
# apt-get install ruby ruby-elisp
</pre>
]]></content:encoded>
			<wfw:commentRss>./../../../../../2009/03/ruby-on-debian-lenny/feed/index.html</wfw:commentRss>
		<slash:comments>0</slash:comments>
		</item>
		<item>
		<title>Python on Debian Lenny</title>
		<link>./../../../../../2009/03/python-on-debian-lenny/index.html</link>
		<comments>./../../../../../2009/03/python-on-debian-lenny/index.html#respond</comments>
		<pubDate>Sun, 22 Mar 2009 09:32:05 +0000</pubDate>
		<dc:creator><![CDATA[Taro]]></dc:creator>
				<category><![CDATA[Debian]]></category>
		<category><![CDATA[Lenny]]></category>
		<category><![CDATA[Linux]]></category>

		<guid isPermaLink="false">http://nomo17k.wordpress.com/?p=153</guid>
		<description><![CDATA[# apt-get install python ipython python-doc # apt-get install python-numpy python-scipy python-matplotlib SciPy from Source It is recommended the stable versions to be downloaded and installed from www.scipy.org. # apt-get install subversion swig python2.5-dev python-nose # apt-get install libatlas-headers libatlas-base-dev &#8230; <a href="./../../../../../2009/03/python-on-debian-lenny/index.html">Continue reading <span class="meta-nav">&#8594;</span></a>]]></description>
				<content:encoded><![CDATA[<pre style="border:1px solid #ccc;padding:4px;"># apt-get install python ipython python-doc
# apt-get install python-numpy python-scipy python-matplotlib</pre>
<h2>SciPy from Source</h2>
<p>It is recommended the stable versions to be downloaded and installed from <a href="http://www.scipy.org/">www.scipy.org</a>.</p>
<pre style="border:1px solid #ccc;padding:4px;"># apt-get install subversion swig python2.5-dev python-nose
# apt-get install libatlas-headers libatlas-base-dev
# apt-get install libfftw3-dev libsuitesparse-dev
# apt-get install liblapack-dev gfortran</pre>
<p>For matplotlib (UNDER CONSTRUCTION),</p>
<pre style="border:1px solid #ccc;padding:4px;"># apt-get install libpng12-dev libfreetype6-dev dvipng python-dateutil python-tz

# # for gtk and gtkagg
# apt-get install python-gtk2-dev

# # for tkagg
# apt-get install tk-dev

# # for wxagg
# apt-get install python-wxgtk2.8 libwxbase2.8-dev
</pre>
<pre>and follow the installation instruction of the distribution.</pre>
<p>The following instruction is for installing from svn repository.  To install NumPy:</p>
<pre style="border:1px solid #ccc;padding:4px;"># rm -rf numpy.prev
# mv numpy numpy.prev
# svn co http://svn.scipy.org/svn/numpy/trunk numpy
# rm -rf /usr/lib/python2.5/site-packages/numpy.prev
# mv /usr/lib/python2.5/site-packages/numpy /usr/lib/python2.5/site-packages/numpy.prev
# cd numpy
# python setup.py install
# cd ..</pre>
<p>To install SciPy:</p>
<pre style="border:1px solid #ccc;padding:4px;"># rm -rf scipy.prev
# mv scipy scipy.prev
# svn co http://svn.scipy.org/svn/scipy/trunk scipy
# rm -rf /usr/lib/python2.5/site-packages/scipy.prev
# mv /usr/lib/python2.5/site-packages/scipy /usr/lib/python2.5/site-packages/scipy.prev
# cd scipy
# python setup.py install
# cd ..</pre>
]]></content:encoded>
			<wfw:commentRss>./../../../../../2009/03/python-on-debian-lenny/feed/index.html</wfw:commentRss>
		<slash:comments>0</slash:comments>
		</item>
		<item>
		<title>Emacs on Debian Lenny</title>
		<link>./../../../../../2009/03/emacs-on-debian-lenny/index.html</link>
		<comments>./../../../../../2009/03/emacs-on-debian-lenny/index.html#comments</comments>
		<pubDate>Sun, 22 Mar 2009 09:02:01 +0000</pubDate>
		<dc:creator><![CDATA[Taro]]></dc:creator>
				<category><![CDATA[Debian]]></category>
		<category><![CDATA[Lenny]]></category>
		<category><![CDATA[Linux]]></category>

		<guid isPermaLink="false">http://nomo17k.wordpress.com/?p=142</guid>
		<description><![CDATA[Install basic packages: # apt-get install emacs22 aspell aspell-en # apt-get install css-mode php-elisp html-helper-mode Changing the Size of Emacs Window Use xfontsel to select a desired font. In ~/.Xresources, write lines as follow: emacs.font: -misc-fixed-medium-r-semicondensed--13-*-*-*-c-60-iso8859-1 emacs.pane.menubar.font: -misc-fixed-medium-r-semicondensed--13-*-*-*-c-60-iso8859-1 to change &#8230; <a href="./../../../../../2009/03/emacs-on-debian-lenny/index.html">Continue reading <span class="meta-nav">&#8594;</span></a>]]></description>
				<content:encoded><![CDATA[<p>Install basic packages:</p>
<pre style="border:1px solid #ccc;padding:4px;">
# apt-get install emacs22 aspell aspell-en
# apt-get install css-mode php-elisp html-helper-mode
</pre>
<h2>Changing the Size of Emacs Window</h2>
<p>Use <tt>xfontsel</tt> to select a desired font.  In ~/.Xresources, write lines as follow:</p>
<pre style="border:1px solid #ccc;padding:4px;">
emacs.font:              -misc-fixed-medium-r-semicondensed--13-*-*-*-c-60-iso8859-1
emacs.pane.menubar.font: -misc-fixed-medium-r-semicondensed--13-*-*-*-c-60-iso8859-1
</pre>
<p>to change font setting in emacs.  To source a modified <em>~/.Xresources</em> file in the current session, do</p>
<pre style="border:1px solid #ccc;padding:4px;">
$ xrdb ~/.Xresources
</pre>
<p>and the next invocation of emacs will reflect the change.</p>
<h2>JavaScript Mode: javascript.el</h2>
<p>First, <a href="http://www.brgeight.se/downloads/emacs/javascript.el">download javascript.el</a>, and save it to <em>/usr/share/emacs/site-lisp</em>.  Add the following lines to the <em>~/.emacs</em> file in your home directory:</p>
<pre style="border:1px solid #ccc;padding:4px;">
;; for javascript mode
(add-to-list 'auto-mode-alist '("\.js\'" . javascript-mode))
(autoload 'javascript-mode "javascript" nil t)
</pre>
<p>This will enable emacs to recognize .js file as a javascript file.</p>
<h2>JavaScript Mode: js2</h2>
<p>First, <a href="http://code.google.com/p/js2-mode/downloads/list">download js2.el</a> and save it to <em>/usr/share/emacs/site-lisp</em> as <em>js2.el</em>.  Add the following lines to the <em>~/.emacs</em> file in your home directory:</p>
<pre style="border:1px solid #ccc;padding:4px;">
;; for js2 mode
(autoload 'js2-mode "js2" nil t)
(add-to-list 'auto-mode-alist '("\.js$" . js2-mode))
</pre>
<p>This will enable emacs to recognize .js file as a javascript file.  Also, in Emacs, do: <tt>M-x byte-compile-file RE js2.el RET</tt></p>
<h2>More Reliable Clipboard</h2>
<p>Add to <em>~/.emacs</em> the following lines:</p>
<pre style="border:1px solid #ccc;padding:4px;">
;; for clipboard
(setq x-select-enable-clipboard t)
(setq interprogram-paste-function 'x-cut-buffer-or-selection-value)
</pre>
<h2>Changing Title Bar</h2>
<p>Using this tip, the title bar will show the path to the file being modified.  See <a href="http://www.emacswiki.org/cgi-bin/wiki/FrameTitle#toc4">this tip</a>:</p>
<pre style="border:1px solid #ccc;padding:4px;">
$ wget http://www.emacswiki.org/cgi-bin/wiki/download/frame-cmds.el
$ mv frame-cmds.el ~/.emacs.d
</pre>
<p>Then add the following lines to <em>~/.emacs</em>:</p>
<pre style="border:1px solid #ccc;padding:4px;">
;; for frame-cmds.el
(setq frame-title-format '("" "%f"))
</pre>
]]></content:encoded>
			<wfw:commentRss>./../../../../../2009/03/emacs-on-debian-lenny/feed/index.html</wfw:commentRss>
		<slash:comments>1</slash:comments>
		</item>
		<item>
		<title>LaTeX on Debian Lenny</title>
		<link>./../../../../../2009/03/latex-on-debian-lenny/index.html</link>
		<comments>./../../../../../2009/03/latex-on-debian-lenny/index.html#respond</comments>
		<pubDate>Sun, 22 Mar 2009 08:16:12 +0000</pubDate>
		<dc:creator><![CDATA[Taro]]></dc:creator>
				<category><![CDATA[Debian]]></category>
		<category><![CDATA[Lenny]]></category>
		<category><![CDATA[Linux]]></category>

		<guid isPermaLink="false">http://nomo17k.wordpress.com/?p=138</guid>
		<description><![CDATA[Install basic packages for LaTeX: # apt-get install texlive texlive-latex-extra texlive-math-extra # apt-get install texinfo cm-super # apt-get install cjk-latex xdvik-ja dvipsk-ja latex-cjk-japanese ptex-jtex nkf # apt-get install cmap-adobe-cns1 cmap-adobe-gb1 cmap-adobe-japan1 cmap-adobe-japan2 # apt-get install gs-cjk-resource The last three lines &#8230; <a href="./../../../../../2009/03/latex-on-debian-lenny/index.html">Continue reading <span class="meta-nav">&#8594;</span></a>]]></description>
				<content:encoded><![CDATA[<p>Install basic packages for LaTeX:</p>
<blockquote>
<pre># apt-get install texlive texlive-latex-extra texlive-math-extra
# apt-get install texinfo cm-super

# apt-get install cjk-latex xdvik-ja dvipsk-ja latex-cjk-japanese ptex-jtex nkf
# apt-get install cmap-adobe-cns1 cmap-adobe-gb1 cmap-adobe-japan1 cmap-adobe-japan2
# apt-get install gs-cjk-resource</pre>
</blockquote>
<p>The last three lines are for using Japanese.  With \documentclass[a4j]{jarticle}, for example, we can generate a Japanese document with LaTeX. I like to make documents with international characters with UTF-8, but the Japanese documents here need to be encoded with EUC-JP before using platex command, by doing something like this:</p>
<blockquote><p>$ nkf -e doc.tex &gt; euc_doc.tex<br />
$ platex euc_doc.tex<br />
$ dvipdfmx euc_doc.dvi<br />
$ acroread euc_doc.pdf &amp;</p></blockquote>
<p>Hopefully UTF-8 can be used in Squeeze&#8230;</p>
<p>The rest of the sections are only relevant for astrophysicists.</p>
<h2>Installing AASTeX v5.2 LaTeX 2e</h2>
<pre style="border:1px solid #ccc;padding:4px;"># mkdir /usr/share/texmf/tex/latex/misc
# mkdir /usr/local/src/AASTeX
# cd /usr/local/src/AASTeX
# wget http://dopey.mcmaster.ca/AASTeX/aastex52_large.tar.gz
# gunzip -c aastex52_large.tar.gz | tar xvf -
# cd aastex52
# make install
# texconfig rehash
</pre>
<h2>Installing emulateapj.cls (ver. August 13, 2006)</h2>
<pre style="border:1px solid #ccc;padding:4px;"># mkdir /usr/share/texmf/tex/latex/misc
# mkdir /usr/local/src/emulateapj
# cd /usr/local/src/emulateapj
# wget http://hea-www.harvard.edu/~alexey/emulateapj/emulateapj.cls
# wget http://hea-www.harvard.edu/~alexey/emulateapj/apjfonts.sty
# cp emulateapj.cls /usr/share/texmf/tex/latex/misc
# cp apjfonts.sty /usr/share/texmf/tex/latex/misc
</pre>
]]></content:encoded>
			<wfw:commentRss>./../../../../../2009/03/latex-on-debian-lenny/feed/index.html</wfw:commentRss>
		<slash:comments>0</slash:comments>
		</item>
		<item>
		<title>PDF Utilities on Debian Lenny</title>
		<link>./../../../../../2009/03/pdf-utility-on-debian-lenny/index.html</link>
		<comments>./../../../../../2009/03/pdf-utility-on-debian-lenny/index.html#respond</comments>
		<pubDate>Sun, 22 Mar 2009 07:45:21 +0000</pubDate>
		<dc:creator><![CDATA[Taro]]></dc:creator>
				<category><![CDATA[Debian]]></category>
		<category><![CDATA[Lenny]]></category>
		<category><![CDATA[Linux]]></category>

		<guid isPermaLink="false">http://nomo17k.wordpress.com/?p=133</guid>
		<description><![CDATA[Programs for handling PDF files: # apt-get install acroread acroread-plugins mozilla-acroread # apt-get install xpdf gv # apt-get install pdftk To install Japanese fonts for acroread, go to a download site at Adobe get a relevant tarball. Run the install &#8230; <a href="./../../../../../2009/03/pdf-utility-on-debian-lenny/index.html">Continue reading <span class="meta-nav">&#8594;</span></a>]]></description>
				<content:encoded><![CDATA[<p>Programs for handling PDF files:</p>
<pre style="border:1px solid #ccc;padding:4px;">
# apt-get install acroread acroread-plugins mozilla-acroread
# apt-get install xpdf gv
# apt-get install pdftk
</pre>
<p>To install Japanese fonts for acroread, go to a <a href="http://www.adobe.com/products/acrobat/acrrasianfontpack.html">download site at Adobe</a> get a relevant tarball.  Run the install script and specify the installation direction as <em>/usr/lib</em>.</p>
]]></content:encoded>
			<wfw:commentRss>./../../../../../2009/03/pdf-utility-on-debian-lenny/feed/index.html</wfw:commentRss>
		<slash:comments>0</slash:comments>
		</item>
		<item>
		<title>Utility Programs for Debian Lenny</title>
		<link>./../../../../../2009/03/utility-programs-for-debian-lenny/index.html</link>
		<comments>./../../../../../2009/03/utility-programs-for-debian-lenny/index.html#respond</comments>
		<pubDate>Sun, 22 Mar 2009 07:40:44 +0000</pubDate>
		<dc:creator><![CDATA[Taro]]></dc:creator>
				<category><![CDATA[Debian]]></category>
		<category><![CDATA[Lenny]]></category>
		<category><![CDATA[Linux]]></category>

		<guid isPermaLink="false">http://nomo17k.wordpress.com/?p=131</guid>
		<description><![CDATA[Here I simply list the apt-get commands to fetch all the small utility programs that I often use. I cut and paste these to install complete an installation to my liking! Archiving # apt-get install bzip2 zip unzip]]></description>
				<content:encoded><![CDATA[<p>Here I simply list the apt-get commands to fetch all the small utility programs that I often use.  I cut and paste these to install complete an installation to my liking!</p>
<h2>Archiving</h2>
<pre style="border:1px solid #ccc;padding:4px;">
# apt-get install bzip2 zip unzip
</pre>
]]></content:encoded>
			<wfw:commentRss>./../../../../../2009/03/utility-programs-for-debian-lenny/feed/index.html</wfw:commentRss>
		<slash:comments>0</slash:comments>
		</item>
		<item>
		<title>Customizing &#038; Installing Linux Kernel 2.6.x on Debian Lenny</title>
		<link>./../../../../../2009/03/customizing-installing-linux-kernel-26x-on-debian-lenny/index.html</link>
		<comments>./../../../../../2009/03/customizing-installing-linux-kernel-26x-on-debian-lenny/index.html#comments</comments>
		<pubDate>Sun, 22 Mar 2009 07:34:31 +0000</pubDate>
		<dc:creator><![CDATA[Taro]]></dc:creator>
				<category><![CDATA[Debian]]></category>
		<category><![CDATA[Lenny]]></category>
		<category><![CDATA[Linux]]></category>

		<guid isPermaLink="false">http://nomo17k.wordpress.com/?p=118</guid>
		<description><![CDATA[Here is a quickie for customizing and install Linux kernel 2.6.x on Lenny. Install some packages and kernel source: $ sudo apt-get install kernel-package bzip2 g++ libqt3-mt-dev libncurses5-dev sudo fakeroot $ sudo apt-get install linux-source-2.6.26 If you do not belong &#8230; <a href="./../../../../../2009/03/customizing-installing-linux-kernel-26x-on-debian-lenny/index.html">Continue reading <span class="meta-nav">&#8594;</span></a>]]></description>
				<content:encoded><![CDATA[<p>Here is a quickie for customizing and install Linux kernel 2.6.x on Lenny.</p>
<p>Install some packages and kernel source:</p>
<blockquote>
<pre>$ sudo apt-get install kernel-package bzip2 g++ libqt3-mt-dev libncurses5-dev sudo fakeroot
$ sudo apt-get install linux-source-2.6.26</pre>
</blockquote>
<p>If you do not belong to group &#8220;src&#8221;, add yourself to the group as we work under <em>/usr/src</em>.  You also need to be able to use <em>sudo</em> or <em>su</em>.</p>
<p>Extract the source tree:</p>
<blockquote>
<pre>$ cd /usr/src
$ tar -jxf linux-source-2.6.26.tar.bz2
$ ln -s linux-source-2.6.26 linux
$ cd linux
</pre>
</blockquote>
<p>Edit the EXTRAVERSION entry in <em>Makefile</em>, as in:</p>
<blockquote>
<pre>EXTRAVERSION = .20100310.1
</pre>
</blockquote>
<p>for example to add .20100310.1 to the kernel version number.  This is convenient for keeping the existing, working kernels around when you need to recompile with different options.</p>
<p>Use <em>xconfig</em> or <em>menuconfig</em> to customize the kernel options.</p>
<blockquote>
<pre>$ make mrproper
$ make xconfig    # or make menuconfig
$ make-kpkg clean
$ fakeroot make-kpkg --initrd kernel_image
$ cd ..
$ sudo dpkg -i linux-image-2.6.26.20090322.1_2.6.26.20090322.1-10.00.Custom_i386.deb</pre>
</blockquote>
<p>Upon reboot in the GRUB menu you will find the newly installed kernel:</p>
<blockquote>
<pre>$ sudo shutdown -r now
</pre>
</blockquote>
<h2>Purging Old Kernel Image from System</h2>
<blockquote>
<pre>$ sudo dpkg -P linux-image-2.6.26.20091112.1
</pre>
</blockquote>
<p>Just specifying the kernel image to remove.  That&#8217;s it.  However it is often a good idea to keep at least one kernel image that you know for sure to be working, so that when your new custom kernel fails, you have something to fall back on to recompile it again.</p>
<h4>Update History</h4>
<p>March 13, 2010: Updated the tutorial to use <em>fakeroot</em> and <em>sudo</em> in stead of becoming root.</p>
]]></content:encoded>
			<wfw:commentRss>./../../../../../2009/03/customizing-installing-linux-kernel-26x-on-debian-lenny/feed/index.html</wfw:commentRss>
		<slash:comments>2</slash:comments>
		</item>
		<item>
		<title>Sharing an X Session between a Regular User &#038; Root</title>
		<link>./../../../../../2009/03/sharing-an-x-session-between-a-regular-user-root/index.html</link>
		<comments>./../../../../../2009/03/sharing-an-x-session-between-a-regular-user-root/index.html#comments</comments>
		<pubDate>Sun, 22 Mar 2009 07:28:55 +0000</pubDate>
		<dc:creator><![CDATA[Taro]]></dc:creator>
				<category><![CDATA[Debian]]></category>
		<category><![CDATA[Lenny]]></category>
		<category><![CDATA[Linux]]></category>

		<guid isPermaLink="false">http://nomo17k.wordpress.com/?p=123</guid>
		<description><![CDATA[When you use su to become a superuser (root) and launch a program that has GUI on KDE, you will notice that you get an error like this: # konqueror No protocol specified konqueror: cannot connect to X server :0 &#8230; <a href="./../../../../../2009/03/sharing-an-x-session-between-a-regular-user-root/index.html">Continue reading <span class="meta-nav">&#8594;</span></a>]]></description>
				<content:encoded><![CDATA[<p>When you use <tt>su</tt> to become a superuser (root) and launch a program that has GUI on KDE, you will notice that you get an error like this:</p>
<pre style="border:1px solid #ccc;padding:4px;">
# konqueror
No protocol specified
konqueror: cannot connect to X server :0
</pre>
<p>In order to share an X session with a regular user, say johndoe, root needs to share an authorization cookie.  One way to achieve this is to make a BASH script (called &#8220;usex&#8221; here):</p>
<pre style="border:1px solid #ccc;padding:4px;">
#!/bin/bash
#
# Share the authorization cookie for an X session between a regular
# user and root.
#

# specify the username of X session owner from which the authorization
# cookie is copied
USRNAME=johndoe


##############################################################################
# do not modify below

xauth -f /home/${USRNAME}/.Xauthority extract - :0 | xauth merge -
export DISPLAY=:0
</pre>
<p>and run this every time you become root.  Make this script accessible at <em>/root/bin/usex</em> and add a line to execute it within <em>/root/.bashrc</em>, somewhere toward the end of the file:</p>
<pre style="border:1px solid #ccc;padding:4px;">
~/bin/usex
</pre>
]]></content:encoded>
			<wfw:commentRss>./../../../../../2009/03/sharing-an-x-session-between-a-regular-user-root/feed/index.html</wfw:commentRss>
		<slash:comments>1</slash:comments>
		</item>
		<item>
		<title>More Fonts on Debian Lenny</title>
		<link>./../../../../../2009/03/more-fonts-on-debian-lenny/index.html</link>
		<comments>./../../../../../2009/03/more-fonts-on-debian-lenny/index.html#respond</comments>
		<pubDate>Sun, 22 Mar 2009 07:01:55 +0000</pubDate>
		<dc:creator><![CDATA[Taro]]></dc:creator>
				<category><![CDATA[Debian]]></category>
		<category><![CDATA[Lenny]]></category>
		<category><![CDATA[Linux]]></category>

		<guid isPermaLink="false">http://nomo17k.wordpress.com/?p=115</guid>
		<description><![CDATA[Install some commonly used fonts: # apt-get install x-ttcidfont-conf msttcorefonts ttf-xfree86-nonfree If you have TrueType font files (.ttf), it is easiest to install fonts via KDE Control Center: Control Center -&#62; System Administration -&#62; Font Installer.]]></description>
				<content:encoded><![CDATA[<p>Install some commonly used fonts:</p>
<pre style="border:1px solid #ccc;padding:4px;">
# apt-get install x-ttcidfont-conf msttcorefonts ttf-xfree86-nonfree
</pre>
<p>If you have TrueType font files (.ttf), it is easiest to install fonts via KDE Control Center: Control Center -&gt; System Administration -&gt; Font Installer.</p>
]]></content:encoded>
			<wfw:commentRss>./../../../../../2009/03/more-fonts-on-debian-lenny/feed/index.html</wfw:commentRss>
		<slash:comments>0</slash:comments>
		</item>
		<item>
		<title>Logitech MX Revolution on Debian Lenny</title>
		<link>./../../../../../2009/03/logitech-mx-revolution-on-debian-lenny/index.html</link>
		<comments>./../../../../../2009/03/logitech-mx-revolution-on-debian-lenny/index.html#respond</comments>
		<pubDate>Sun, 22 Mar 2009 06:02:17 +0000</pubDate>
		<dc:creator><![CDATA[Taro]]></dc:creator>
				<category><![CDATA[Debian]]></category>
		<category><![CDATA[Lenny]]></category>
		<category><![CDATA[Linux]]></category>

		<guid isPermaLink="false">http://nomo17k.wordpress.com/?p=104</guid>
		<description><![CDATA[For detail, see the instruction for Ubuntu. Before starting, make sure that the uinput kernel module is available. This means that you have the kernel options CONFIG_INPUT_MISC=y and CONFIG_UINPUT=m. If you cannot load uinput with modprobe uinput, you have to &#8230; <a href="./../../../../../2009/03/logitech-mx-revolution-on-debian-lenny/index.html">Continue reading <span class="meta-nav">&#8594;</span></a>]]></description>
				<content:encoded><![CDATA[<p>For detail, see the <a href="http://ubuntuforums.org/showthread.php?p=2727025">instruction for Ubuntu</a>.</p>
<p>Before starting, make sure that the uinput kernel module is available.  This means that you have the kernel options <tt>CONFIG_INPUT_MISC=y</tt> and <tt>CONFIG_UINPUT=m</tt>.  If you cannot load uinput with <tt>modprobe uinput</tt>, you have to <a href="http://nomo17k.wordpress.com/2009/03/22/customizing-installing-linux-kernel-26x-on-debian-lenny/">recompile the kernel</a>.</p>
<p>Compile from source:</p>
<pre style="border:1px solid #ccc;padding:4px;">
# apt-get install build-essential libgtk2.0-0 libgtk2.0-dev libglade2-0
# apt-get install libglade2-dev pkg-config libdaemon0 libdaemon-dev

$ mkdir /usr/local/src/btnx
$ cd /usr/local/src/btnx

$ wget http://www.ollisalonen.com/btnx/btnx-0.4.11.tar.gz
$ tar -xvvf btnx-0.4.11.tar.gz
$ cd btnx-0.4.11
$ ./configure
$ make
$ sudo make install

$ wget http://www.ollisalonen.com/btnx/btnx-config-0.4.9.tar.gz
$ tar -xvvf btnx-config-0.4.9.tar.gz
$ cd btnx-config-0.4.9
$ ./configure
$ make
$ sudo make install
</pre>
<p>Now btnx-config should be one of the menu item. In GNOME, Applications-&gt;System tools-&gt;btnx. In KDE, System-&gt;btnx. Press it to launch btnx-config.</p>
<p>Load from a backup archive for your customized configuration, if exists.</p>
<p>It doesn&#8217;t seem to be necessary to add anything to <em>/etc/X11/xorg.conf</em> to make MX Revolution work at this point.</p>
<p>If the kernel does not have necessary options, try this: Need the kernel support (&#8220;yes&#8221;) for Input Core Support (select for mouse as well), USB Human Interface Device (Full HID) Support, and HID Input Layer Support.<br />
star&lt;tt</p>
]]></content:encoded>
			<wfw:commentRss>./../../../../../2009/03/logitech-mx-revolution-on-debian-lenny/feed/index.html</wfw:commentRss>
		<slash:comments>0</slash:comments>
		</item>
		<item>
		<title>OpenOffice in Debian Lenny</title>
		<link>./../../../../../2009/03/openoffice-in-debian-lenny/index.html</link>
		<comments>./../../../../../2009/03/openoffice-in-debian-lenny/index.html#respond</comments>
		<pubDate>Sun, 22 Mar 2009 05:58:12 +0000</pubDate>
		<dc:creator><![CDATA[Taro]]></dc:creator>
				<category><![CDATA[Debian]]></category>
		<category><![CDATA[Lenny]]></category>
		<category><![CDATA[Linux]]></category>

		<guid isPermaLink="false">http://nomo17k.wordpress.com/?p=101</guid>
		<description><![CDATA[This is simple! # apt-get install openoffice.org Even using Japanese works out of the box.]]></description>
				<content:encoded><![CDATA[<p>This is simple!</p>
<pre style="border:1px solid #ccc;padding:4px;">
# apt-get install openoffice.org
</pre>
<p>Even using Japanese works out of the box.</p>
]]></content:encoded>
			<wfw:commentRss>./../../../../../2009/03/openoffice-in-debian-lenny/feed/index.html</wfw:commentRss>
		<slash:comments>0</slash:comments>
		</item>
		<item>
		<title>Using Japanese in Debian Lenny</title>
		<link>./../../../../../2009/03/using-japanese-in-debian-lenny/index.html</link>
		<comments>./../../../../../2009/03/using-japanese-in-debian-lenny/index.html#comments</comments>
		<pubDate>Sun, 22 Mar 2009 04:43:40 +0000</pubDate>
		<dc:creator><![CDATA[Taro]]></dc:creator>
				<category><![CDATA[Debian]]></category>
		<category><![CDATA[Lenny]]></category>
		<category><![CDATA[Linux]]></category>

		<guid isPermaLink="false">http://nomo17k.wordpress.com/?p=95</guid>
		<description><![CDATA[The goal is to make the system capable for Japanese input, while the base remains English. The software of choice is Anthy and scim. First, install Japnese locales ja_JP.EUC-JP and ja_JP.UTF-8: $ sudo apt-get install locales $ sudo dpkg-reconfigure locales &#8230; <a href="./../../../../../2009/03/using-japanese-in-debian-lenny/index.html">Continue reading <span class="meta-nav">&#8594;</span></a>]]></description>
				<content:encoded><![CDATA[<p>The goal is to make the system capable for Japanese input, while the base remains English.  The software of choice is <a href="http://anthy.sourceforge.jp/">Anthy</a> and <a href="http://www.scim-im.org/">scim</a>.</p>
<p>First, install Japnese locales ja_JP.EUC-JP and ja_JP.UTF-8:</p>
<blockquote><pre>$ sudo apt-get install locales
$ sudo dpkg-reconfigure locales</pre>
</blockquote>
<p>Set the default locale for the system to en_US (or something else if you wish).</p>
<p>Install necessary Debian packages:</p>
<blockquote><pre>$ sudo apt-get install anthy anthy-el libanthy0
$ sudo apt-get install scim-tables-ja scim-anthy scim
$ sudo apt-get install skim scim-gtk2-immodule scim-modules-socket kasumi
$ sudo apt-get install ttf-kochi-mincho ttf-kochi-gothic
</pre>
</blockquote>
<p>Launch skim (for KDE):</p>
<blockquote><pre>$ skim -d -f</pre>
</blockquote>
<p>and you will see an icon in the system tray.  Right click on the system tray icon and click on Configure to launch it.  Go to FrontEnd -&gt; General SCIM -&gt; Other and change &#8220;Panel Program&#8221; to &#8220;scim-panel-kde&#8221; and &#8220;Config Module&#8221; to &#8220;kconfig&#8221; to optimize for KDE.</p>
<p>Then run <em>im-switch -c</em> and choose skim from the list.  This will make it possible to use the input method in any locale.</p>
<p>After restarting X, you should be able to use the input method.  Try visiting Google and place the focus on the search word input form.  Shift + space (and some other key combinations) will switch between the Japanese and English modes.</p>
<p>Some applications still need some environment variable set to display Japanese appropriately.  I make a little script that I will source whenever I wish to type Japanese in an application.  The application launched from the same shell will have Japanese capacity.</p>
<pre style="border:1px solid #ccc;padding:4px;">#!/bin/bash
export LC_CTYPE="ja_JP.UTF-8"
export XMODIFIERS=@im=SCIM
export GTK_IM_MODULE=scim
export QT_IM_MODULE=scim
</pre>
<h2>Emacs</h2>
<p>Install packages:</p>
<blockquote><p># sudo apt-get install emacs22 mule-ucs anthy-el emacs21-el emacs-goodies-el</p></blockquote>
<p>Add the following lines to ~/.emacs:</p>
<blockquote><p>;; Japanese with Anthy<br />
(set-language-environment &#8220;Japanese&#8221;)<br />
(set-terminal-coding-system &#8216;utf-8)<br />
(set-keyboard-coding-system &#8216;utf-8)<br />
(set-buffer-file-coding-system &#8216;utf-8)<br />
(setq default-buffer-file-coding-system &#8216;utf-8)<br />
(prefer-coding-system &#8216;utf-8)<br />
(set-default-coding-systems &#8216;utf-8)<br />
(setq file-name-coding-system &#8216;utf-8)<br />
;; Following is probably not necessary unless using without GUI.<br />
;;(load-library &#8220;anthy&#8221;)<br />
;;(setq default-input-method &#8220;japanese-anthy&#8221;)</p></blockquote>
<p>(See <a href="https://wiki.ubuntulinux.jp/UbuntuTips/Application/EmacsJapaneseSetup">here</a> for Ubuntu documentation.)</p>
<h2>Using M+ IPA Fonts</h2>
<p>If you want to have more choices on fonts, you might try <a href="http://mix-mplus-ipa.sourceforge.jp/">M + IPA fonts</a>.  The font is slightly anti-aliased and people say it looks better.  Here is the installation summary.</p>
<p><a href="http://sourceforge.jp/projects/mix-mplus-ipa/releases/">Download the font pack</a> to, say, <em>~/tmp</em>.  Then</p>
<pre style="border:1px solid #ccc;padding:4px;">$ cd ~/tmp
$ tar xvf mixfont-mplus-ipa-TrueType-20060520p1.tar.bz2
$ cd mixfont-mplus-ipa-TrueType-20060520p1/opfc-ModuleHP-1.1.1_withIPAFonts_and_Mplus/fonts
$ cp *.ttf ~/.fonts
$ fc-cache
</pre>
<p>The change takes effect after restarting X.  Choose the fonts with names starting with M+1P+IPAG, etc., to make use of them.</p>
<blockquote><p>&lt;</p></blockquote>
]]></content:encoded>
			<wfw:commentRss>./../../../../../2009/03/using-japanese-in-debian-lenny/feed/index.html</wfw:commentRss>
		<slash:comments>2</slash:comments>
		</item>
		<item>
		<title>Sound Applications (Amarok, Ogg, etc.) in Debian Lenny</title>
		<link>./../../../../../2009/03/amarok-ogg-in-debian-lenny/index.html</link>
		<comments>./../../../../../2009/03/amarok-ogg-in-debian-lenny/index.html#respond</comments>
		<pubDate>Sun, 22 Mar 2009 04:28:56 +0000</pubDate>
		<dc:creator><![CDATA[Taro]]></dc:creator>
				<category><![CDATA[Debian]]></category>
		<category><![CDATA[Lenny]]></category>
		<category><![CDATA[Linux]]></category>

		<guid isPermaLink="false">http://nomo17k.wordpress.com/?p=88</guid>
		<description><![CDATA[Amarok is my favorite audio player. For tagging ogg files, I use EasyTAG: $ sudo apt-get install amarok easytag-aac kmix In order to make Amarok adjust volume automatically for different volume level at which music are recorded, I use ReplayGain &#8230; <a href="./../../../../../2009/03/amarok-ogg-in-debian-lenny/index.html">Continue reading <span class="meta-nav">&#8594;</span></a>]]></description>
				<content:encoded><![CDATA[<p><a href="http://amarok.kde.org/">Amarok</a> is my favorite audio player.  For tagging ogg files, I use <a href="http://easytag.sourceforge.net/">EasyTAG</a>:</p>
<blockquote>
<pre>$ sudo apt-get install amarok easytag-aac kmix
</pre>
</blockquote>
<p>In order to make Amarok adjust volume automatically for different volume level at which music are recorded, I use ReplayGain script for Amarok.  It needs to be <a href="http://www.kde-apps.org/content/show.php?content=26073">downloaded manually</a> and installed via script manager.</p>
]]></content:encoded>
			<wfw:commentRss>./../../../../../2009/03/amarok-ogg-in-debian-lenny/feed/index.html</wfw:commentRss>
		<slash:comments>0</slash:comments>
		</item>
		<item>
		<title>Installing Firefox (Iceweasel) on Debian Lenny</title>
		<link>./../../../../../2009/03/firefox-iceweasel-on-debian-lenny/index.html</link>
		<comments>./../../../../../2009/03/firefox-iceweasel-on-debian-lenny/index.html#respond</comments>
		<pubDate>Sun, 22 Mar 2009 04:06:33 +0000</pubDate>
		<dc:creator><![CDATA[Taro]]></dc:creator>
				<category><![CDATA[Debian]]></category>
		<category><![CDATA[Lenny]]></category>
		<category><![CDATA[Linux]]></category>

		<guid isPermaLink="false">http://nomo17k.wordpress.com/?p=84</guid>
		<description><![CDATA[Note that in Debian, Firefox is called iceweasel. $ sudo apt-get install iceweasel Then install some popular plugins. Java For i386: $ sudo apt-get install sun-java5-plugin sun-java5-fonts For AMD64, I have not looked up yet. Flash For i386: $ sudo &#8230; <a href="./../../../../../2009/03/firefox-iceweasel-on-debian-lenny/index.html">Continue reading <span class="meta-nav">&#8594;</span></a>]]></description>
				<content:encoded><![CDATA[<p>Note that in Debian, Firefox is called <em>iceweasel</em>.</p>
<blockquote>
<pre>$ sudo apt-get install iceweasel
</pre>
</blockquote>
<p>Then install some popular plugins.</p>
<h2>Java</h2>
<p>For i386:</p>
<blockquote>
<pre>$ sudo apt-get install sun-java5-plugin sun-java5-fonts
</pre>
</blockquote>
<p>For AMD64, I have not looked up yet.</p>
<h2>Flash</h2>
<p>For i386:</p>
<blockquote>
<pre>$ sudo apt-get install flashplayer-mozilla
</pre>
</blockquote>
<p>For AMD64, the <em>flashplayer-mozilla</em> package does not exist.  You have to add the backports.org repository to <em>/etc/apt/sources.list</em> and do</p>
<blockquote>
<pre>$ sudo apt-get install flashplugin-nonfree
</pre>
</blockquote>
<p>This should do it.  Try youtube.com to see if Flash is working.</p>
<h2>MPlayer</h2>
<blockquote>
<pre>$ sudo apt-get install mozilla-mplayer
</pre>
</blockquote>
<h2>Other Tips</h2>
<h3>Speeding Up via Pipelining</h3>
<p>Visit the URL about:config with Firefox and set the following items:</p>
<pre style="border:1px solid #ccc;padding:4px;">network.http.pipelining = true
network.http.pipelining.maxrequests = 30
network.http.proxy.pipelining = true
</pre>
<h3>Send Link Bug</h3>
<p>If &#8220;Send Link&#8230;&#8221; in Firefox does not open your email client, visit the URL about:config, and add an entry:</p>
<pre style="border:1px solid #ccc;padding:4px;">network.protocol-handler.app.mailto : 'icedove'
</pre>
<p>and restart Firefox.  This sets the default emailer to Thunderbird (icedove in Debian).</p>
<h4>Update History:</h4>
<p>March 13, 2010: Added infor for AMD64 architecture.</p>
]]></content:encoded>
			<wfw:commentRss>./../../../../../2009/03/firefox-iceweasel-on-debian-lenny/feed/index.html</wfw:commentRss>
		<slash:comments>0</slash:comments>
		</item>
		<item>
		<title>Turning Off Auto-checking of Filesystems on Boot</title>
		<link>./../../../../../2009/03/turning-off-auto-checking-of-filesystems-on-boot/index.html</link>
		<comments>./../../../../../2009/03/turning-off-auto-checking-of-filesystems-on-boot/index.html#respond</comments>
		<pubDate>Sun, 22 Mar 2009 03:44:11 +0000</pubDate>
		<dc:creator><![CDATA[Taro]]></dc:creator>
				<category><![CDATA[Debian]]></category>
		<category><![CDATA[Lenny]]></category>
		<category><![CDATA[Linux]]></category>

		<guid isPermaLink="false">http://nomo17k.wordpress.com/?p=80</guid>
		<description><![CDATA[By default the filesystems will be regularly checked even if the filesystem is marked clean. Typically, this happens on every few dozen mounts on boot. This quite possibly not what you want to happen for laptop. In fact, one of &#8230; <a href="./../../../../../2009/03/turning-off-auto-checking-of-filesystems-on-boot/index.html">Continue reading <span class="meta-nav">&#8594;</span></a>]]></description>
				<content:encoded><![CDATA[<p>By default the filesystems will be regularly checked even if the filesystem is marked clean.  Typically, this happens on every few dozen mounts on boot.  This quite possibly not what you want to happen for laptop.  In fact, one of the advantages of ext3 filesystem is journaling which makes regular checks of filesystems unnecessary.  To disable the automatic checking, do as root:</p>
<pre class="brush: bash; title: ; notranslate">$ sudo tune2fs -c 0 -i 0 /dev/sdxx</pre>
<p>where <em>/dev/sdXX</em> is the partition assigned to the filesystem (e.g., <em>/dev/sdb1</em>).</p>
<h3>Update History</h3>
<p>May 2, 2012 &#8212; Minor updates.</p>
]]></content:encoded>
			<wfw:commentRss>./../../../../../2009/03/turning-off-auto-checking-of-filesystems-on-boot/feed/index.html</wfw:commentRss>
		<slash:comments>0</slash:comments>
		</item>
		<item>
		<title>Configuring Devices Using udev</title>
		<link>./../../../../../2009/03/configuring-devices-using-udev/index.html</link>
		<comments>./../../../../../2009/03/configuring-devices-using-udev/index.html#respond</comments>
		<pubDate>Sun, 22 Mar 2009 03:24:57 +0000</pubDate>
		<dc:creator><![CDATA[Taro]]></dc:creator>
				<category><![CDATA[Debian]]></category>
		<category><![CDATA[Lenny]]></category>
		<category><![CDATA[Linux]]></category>

		<guid isPermaLink="false">http://nomo17k.wordpress.com/?p=72</guid>
		<description><![CDATA[First, install udev if not already: # apt-get install udev In the /etc/udev directory, a text file (e.g., johndoe.rules where johndoe should be something like your username) with custom rules should be created. For making these rules, a fine tutorial &#8230; <a href="./../../../../../2009/03/configuring-devices-using-udev/index.html">Continue reading <span class="meta-nav">&#8594;</span></a>]]></description>
				<content:encoded><![CDATA[<p>First, install udev if not already:</p>
<pre style="border:1px solid #ccc;padding:4px;">
# apt-get install udev
</pre>
<p>In the <i>/etc/udev</i> directory, a text file (e.g., <i>johndoe.rules</i> where johndoe should be something like your username) with custom rules should be created.  For making these rules, a <a href="http://wiki.debian.org/udev">fine tutorial</a> should be referenced.</p>
<p>After making rules, under <i>/etc/udev/rules.d</i>, a symlink named like <i>010_johndoe.rules</i> should be created and pointed to <i>../johndoe.rules</i>.</p>
]]></content:encoded>
			<wfw:commentRss>./../../../../../2009/03/configuring-devices-using-udev/feed/index.html</wfw:commentRss>
		<slash:comments>0</slash:comments>
		</item>
		<item>
		<title>Watching DVD on Debian Lenny</title>
		<link>./../../../../../2009/03/watching-dvd-on-debian-lenny/index.html</link>
		<comments>./../../../../../2009/03/watching-dvd-on-debian-lenny/index.html#respond</comments>
		<pubDate>Sun, 22 Mar 2009 02:56:34 +0000</pubDate>
		<dc:creator><![CDATA[Taro]]></dc:creator>
				<category><![CDATA[Debian]]></category>
		<category><![CDATA[Lenny]]></category>
		<category><![CDATA[Linux]]></category>

		<guid isPermaLink="false">http://nomo17k.wordpress.com/?p=64</guid>
		<description><![CDATA[Install mplayer and some codecs (to install these, you need to add a line: deb http://www.debian-multimedia.org/ lenny main to /etc/apt/sources.list, if not already): # apt-get install mplayer libdvdread3 libdvdcss2 w32codecs Use gmplayer: $ gmplayer and set video driver to &#8220;xv&#8221; &#8230; <a href="./../../../../../2009/03/watching-dvd-on-debian-lenny/index.html">Continue reading <span class="meta-nav">&#8594;</span></a>]]></description>
				<content:encoded><![CDATA[<p>Install mplayer and some codecs (to install these, you need to add a line:</p>
<pre style="border:1px solid #ccc;padding:4px;">
deb http://www.debian-multimedia.org/ lenny main
</pre>
<p>to <i>/etc/apt/sources.list</i>, if not already):</p>
<pre style="border:1px solid #ccc;padding:4px;">
# apt-get install mplayer libdvdread3 libdvdcss2 w32codecs
</pre>
<p>Use gmplayer:</p>
<pre style="border:1px solid #ccc;padding:4px;">
$ gmplayer
</pre>
<p>and set video driver to &#8220;xv&#8221; for smooth DVD playback.</p>
]]></content:encoded>
			<wfw:commentRss>./../../../../../2009/03/watching-dvd-on-debian-lenny/feed/index.html</wfw:commentRss>
		<slash:comments>0</slash:comments>
		</item>
		<item>
		<title>K3b on Debian Lenny</title>
		<link>./../../../../../2009/03/k3b-on-debian-lenny/index.html</link>
		<comments>./../../../../../2009/03/k3b-on-debian-lenny/index.html#respond</comments>
		<pubDate>Sun, 22 Mar 2009 02:43:08 +0000</pubDate>
		<dc:creator><![CDATA[Taro]]></dc:creator>
				<category><![CDATA[Debian]]></category>
		<category><![CDATA[Lenny]]></category>
		<category><![CDATA[Linux]]></category>

		<guid isPermaLink="false">http://nomo17k.wordpress.com/?p=53</guid>
		<description><![CDATA[Install k3b and utilities: # apt-get install k3b cdrdao dvd+rw-tools normalize-audio For replaygain support in making ogg files: # apt-get install vorbisgain If I don&#8217;t already belong (use groups), add my user account to the cdrom group: # adduser username &#8230; <a href="./../../../../../2009/03/k3b-on-debian-lenny/index.html">Continue reading <span class="meta-nav">&#8594;</span></a>]]></description>
				<content:encoded><![CDATA[<p>Install <a href="http://k3b.plainblack.com/">k3b</a> and utilities:</p>
<pre style="border:1px solid #ccc;padding:4px;">
# apt-get install k3b cdrdao dvd+rw-tools normalize-audio
</pre>
<p>For replaygain support in making ogg files:</p>
<pre style="border:1px solid #ccc;padding:4px;">
# apt-get install vorbisgain
</pre>
<p>If I don&#8217;t already belong (use <tt>groups</tt>), add my user account to the cdrom group:</p>
<pre style="border:1px solid #ccc;padding:4px;">
# adduser username cdrom
</pre>
]]></content:encoded>
			<wfw:commentRss>./../../../../../2009/03/k3b-on-debian-lenny/feed/index.html</wfw:commentRss>
		<slash:comments>0</slash:comments>
		</item>
	</channel>
</rss>
