<?xml version="1.0" encoding="UTF-8"?><rss version="2.0"
	xmlns:content="http://purl.org/rss/1.0/modules/content/"
	xmlns:dc="http://purl.org/dc/elements/1.1/"
	xmlns:atom="http://www.w3.org/2005/Atom"
	xmlns:sy="http://purl.org/rss/1.0/modules/syndication/"
	
	>
<channel>
	<title>Comments on: Installing Debian Squeeze from Hard Disk</title>
	<atom:link href="./index.html" rel="self" type="application/rss+xml" />
	<link>./../index.html</link>
	<description>Taro Sato&#039;s Memorandum</description>
	<lastBuildDate>Mon, 07 Jan 2019 10:59:38 +0000</lastBuildDate>
	<sy:updatePeriod>hourly</sy:updatePeriod>
	<sy:updateFrequency>1</sy:updateFrequency>
	<generator>https://wordpress.org/?v=4.4.17</generator>
	<item>
		<title>By: René F. Franke</title>
		<link>./../index.html#comment-28242</link>
		<dc:creator><![CDATA[René F. Franke]]></dc:creator>
		<pubDate>Tue, 02 Apr 2013 10:39:41 +0000</pubDate>
		<guid isPermaLink="false">http://nomo17k.wordpress.com/?p=1386#comment-28242</guid>
		<description><![CDATA[Thanx for that hint. Works great. But the somewhat easier (and kind of self-explaining) alternative to edit grub.cfg is to my mind adding an entry like

menuentry &quot;Debian Installer FromISO&quot; {
  loopback loop (hd0,11)/netinst.iso
  linux (hd0,11)/vmlinuz 
  initrd (hd0,11)/initrd.gz
}

to a script within /etc/grub.d/ (i.e. 40_custom) and running update-grub afterwards.]]></description>
		<content:encoded><![CDATA[<p>Thanx for that hint. Works great. But the somewhat easier (and kind of self-explaining) alternative to edit grub.cfg is to my mind adding an entry like</p>
<p>menuentry &#8220;Debian Installer FromISO&#8221; {<br />
  loopback loop (hd0,11)/netinst.iso<br />
  linux (hd0,11)/vmlinuz<br />
  initrd (hd0,11)/initrd.gz<br />
}</p>
<p>to a script within /etc/grub.d/ (i.e. 40_custom) and running update-grub afterwards.</p>
]]></content:encoded>
	</item>
	<item>
		<title>By: Taro</title>
		<link>./../index.html#comment-20665</link>
		<dc:creator><![CDATA[Taro]]></dc:creator>
		<pubDate>Thu, 20 Dec 2012 22:02:51 +0000</pubDate>
		<guid isPermaLink="false">http://nomo17k.wordpress.com/?p=1386#comment-20665</guid>
		<description><![CDATA[Denis -- This should help you find the UUID of the partition:

$ sudo blkid]]></description>
		<content:encoded><![CDATA[<p>Denis &#8212; This should help you find the UUID of the partition:</p>
<p>$ sudo blkid</p>
]]></content:encoded>
	</item>
	<item>
		<title>By: Denis Pshenov</title>
		<link>./../index.html#comment-20595</link>
		<dc:creator><![CDATA[Denis Pshenov]]></dc:creator>
		<pubDate>Thu, 20 Dec 2012 10:49:38 +0000</pubDate>
		<guid isPermaLink="false">http://nomo17k.wordpress.com/?p=1386#comment-20595</guid>
		<description><![CDATA[This is exactly what I need right now. However can you please explain this line:

&lt;code&gt;linux /vmlinuz root=UUID=SOMELENGTHYHASH&lt;/code&gt;

What will &lt;code&gt;UUID&lt;/code&gt; be here?

At the moment when I try to boot the install partition, it says file no found.]]></description>
		<content:encoded><![CDATA[<p>This is exactly what I need right now. However can you please explain this line:</p>
<p><code>linux /vmlinuz root=UUID=SOMELENGTHYHASH</code></p>
<p>What will <code>UUID</code> be here?</p>
<p>At the moment when I try to boot the install partition, it says file no found.</p>
]]></content:encoded>
	</item>
	<item>
		<title>By: Installing Debian Squeeze from Hard Disk &#124; Debian-News.net - Your one stop for news about Debian</title>
		<link>./../index.html#comment-125</link>
		<dc:creator><![CDATA[Installing Debian Squeeze from Hard Disk &#124; Debian-News.net - Your one stop for news about Debian]]></dc:creator>
		<pubDate>Tue, 14 Dec 2010 18:49:43 +0000</pubDate>
		<guid isPermaLink="false">http://nomo17k.wordpress.com/?p=1386#comment-125</guid>
		<description><![CDATA[[...] Unfortunately the Debian installer does not work on my Dell desktop box. I still wanted to do a fresh install of Squeeze, and the only sensible option for me is to install off hard disk. This method may work well even if I have working install USB stick/CD media. More here [...]]]></description>
		<content:encoded><![CDATA[<p>[&#8230;] Unfortunately the Debian installer does not work on my Dell desktop box. I still wanted to do a fresh install of Squeeze, and the only sensible option for me is to install off hard disk. This method may work well even if I have working install USB stick/CD media. More here [&#8230;]</p>
]]></content:encoded>
	</item>
	<item>
		<title>By: Installing Debian Squeeze on Dell XPS 630i &#171; Biboroku</title>
		<link>./../index.html#comment-124</link>
		<dc:creator><![CDATA[Installing Debian Squeeze on Dell XPS 630i &#171; Biboroku]]></dc:creator>
		<pubDate>Tue, 14 Dec 2010 14:39:57 +0000</pubDate>
		<guid isPermaLink="false">http://nomo17k.wordpress.com/?p=1386#comment-124</guid>
		<description><![CDATA[[...] been able to get help on the Debian bug reporting thing.  So this time I decided to do a fresh install of hard drive, after installing Debian Lenny normally, carefully keeping the disk partitions that I do [...]]]></description>
		<content:encoded><![CDATA[<p>[&#8230;] been able to get help on the Debian bug reporting thing.  So this time I decided to do a fresh install of hard drive, after installing Debian Lenny normally, carefully keeping the disk partitions that I do [&#8230;]</p>
]]></content:encoded>
	</item>
</channel>
</rss>
