<?xml version="1.0" encoding="UTF-8"?><rss version="2.0"
	xmlns:content="http://purl.org/rss/1.0/modules/content/"
	xmlns:wfw="http://wellformedweb.org/CommentAPI/"
	xmlns:dc="http://purl.org/dc/elements/1.1/"
	xmlns:atom="http://www.w3.org/2005/Atom"
	xmlns:sy="http://purl.org/rss/1.0/modules/syndication/"
	xmlns:slash="http://purl.org/rss/1.0/modules/slash/"
	>

<channel>
	<title>Cpp &#8211; cs4bum</title>
	<atom:link href="./index.html" rel="self" type="application/rss+xml" />
	<link>./../../../index.html</link>
	<description>Algorithms, data structures, brain teasers, etc.</description>
	<lastBuildDate>Sat, 06 Oct 2012 06:38:03 +0000</lastBuildDate>
	<language>en-US</language>
	<sy:updatePeriod>hourly</sy:updatePeriod>
	<sy:updateFrequency>1</sy:updateFrequency>
	<generator>https://wordpress.org/?v=4.4.17</generator>
	<item>
		<title>Swapping integers without temporary storage</title>
		<link>./../../../2012/09/06/swapping-integers-without-temporary-storage/index.html</link>
		<comments>./../../../2012/09/06/swapping-integers-without-temporary-storage/index.html#respond</comments>
		<pubDate>Fri, 07 Sep 2012 01:27:33 +0000</pubDate>
		<dc:creator><![CDATA[okomestudio]]></dc:creator>
				<category><![CDATA[Uncategorized]]></category>
		<category><![CDATA[algorithm]]></category>
		<category><![CDATA[bit operation]]></category>
		<category><![CDATA[brain teaser]]></category>
		<category><![CDATA[Cpp]]></category>

		<guid isPermaLink="false">./../../../index.html?p=175</guid>
		<description><![CDATA[Swap two integers without using temporary variable. Use the properties of XOR bit operation. C++]]></description>
				<content:encoded><![CDATA[<blockquote><p>Swap two integers without using temporary variable.</p></blockquote>
<p>Use the properties of <a href="http://en.wikipedia.org/wiki/XOR_swap_algorithm">XOR bit operation</a>.</p>
<h3>C++</h3>
<pre class="brush: cpp; light: false; title: ; toolbar: true; notranslate">#include &lt;iostream&gt;

using namespace std;


// swap without using a temporary storage.
void swap(int &amp;a, int &amp;b)
{
  if (a != b) {
    b = a ^ b;
    a = a ^ b;
    b = a ^ b;
  }
}


// without bit operation
void swap2(int &amp;a, int &amp;b)
{
  b = a - b;
  a = a - b;
  b = b + a;
}


int main()
{
  int const A = -9, B = 2;
  int a, b;

  cout &lt;&lt; &quot;Numbers to be swapped:&quot; &lt;&lt; endl;
  cout &lt;&lt; A &lt;&lt; ' ' &lt;&lt; B &lt;&lt; endl;

  cout &lt;&lt; endl;
  cout &lt;&lt; &quot;Swapped:&quot; &lt;&lt; endl;

  a = A;
  b = B;
  swap(a, b);
  cout &lt;&lt; a &lt;&lt; ' ' &lt;&lt; b &lt;&lt; endl;

  a = A;
  b = B;
  swap2(a, b);
  cout &lt;&lt; a &lt;&lt; ' ' &lt;&lt; b &lt;&lt; endl;

  return 0;
}</pre>
]]></content:encoded>
			<wfw:commentRss>./../../../2012/09/06/swapping-integers-without-temporary-storage/feed/index.html</wfw:commentRss>
		<slash:comments>0</slash:comments>
		</item>
		<item>
		<title>Shortest path in a maze</title>
		<link>./../../../2012/09/06/shortest-path-in-a-maze/index.html</link>
		<comments>./../../../2012/09/06/shortest-path-in-a-maze/index.html#respond</comments>
		<pubDate>Thu, 06 Sep 2012 22:21:16 +0000</pubDate>
		<dc:creator><![CDATA[okomestudio]]></dc:creator>
				<category><![CDATA[Uncategorized]]></category>
		<category><![CDATA[algorithm]]></category>
		<category><![CDATA[BFS]]></category>
		<category><![CDATA[Cpp]]></category>
		<category><![CDATA[data structure]]></category>
		<category><![CDATA[queue]]></category>

		<guid isPermaLink="false">./../../../index.html?p=173</guid>
		<description><![CDATA[Given a maze of size N by M constituting of hallways and walls, find the shortest path from the beginning and ending points. Assume that you can only move vertically or horizontally by one at a turn. Assume there is at least one way to go from the beginning to the end. Use the breadth-first [&#8230;]]]></description>
				<content:encoded><![CDATA[<blockquote><p>Given a maze of size N by M constituting of hallways and walls, find the shortest path from the beginning and ending points.  Assume that you can only move vertically or horizontally by one at a turn.  Assume there is at least one way to go from the beginning to the end.</p></blockquote>
<p>Use the breadth-first search algorithm.</p>
<h3>C++</h3>
<pre class="brush: cpp; light: false; title: ; toolbar: true; notranslate">#include &lt;iostream&gt;
#include &lt;tuple&gt;
#include &lt;queue&gt;
#include &lt;vector&gt;

using namespace std;

typedef pair&lt;int, int&gt; Pair;


// a maze consists of N x M grids
static int const N = 12;
static int const M = 8;


int find_shortest_path(char maze[][M], Pair const &amp;beg, Pair const &amp;end)
{
  // stores distance from the begining, negative for unvisited
  int dist[N][M];
  for (int y = 0; y &lt; N; ++y)
    for (int x = 0; x &lt; M; ++x)
      dist[y][x] = -99;

  // can move in four directions
  vector&lt;Pair&gt; dmove;
  dmove.push_back(Pair(0, -1));
  dmove.push_back(Pair(0, +1));
  dmove.push_back(Pair(-1, 0));
  dmove.push_back(Pair(+1, 0));

  // use BFS.  the queue stores unvisited positions.
  queue&lt;Pair&gt; q;

  // start from the begining point
  q.push(beg);
  dist[beg.first][beg.second] = 0;

  while (! q.empty()) {
    // p is current position
    Pair p = q.front();
    q.pop();

    // if this is the ending position, finish.
    if (p.first == end.first &amp;&amp; p.second == end.second)
      break;

    // find adjacent unvisited positions
    for (vector&lt;Pair&gt;::iterator it = dmove.begin(); it != dmove.end(); ++it) {
      int y = p.first + it-&gt;first;
      int x = p.second + it-&gt;second;
      // ensure the new position is unvisited and visitable
      if (x &gt;= 0 &amp;&amp; x &lt; M &amp;&amp; y &gt;= 0 &amp;&amp; y &lt; N &amp;&amp; maze[y][x] != '*'
          &amp;&amp; dist[y][x] &lt; 0) {
        // put the unvisited position in the queue
        q.push(Pair(y, x));
        
        // update the distance at the unvisited position
        dist[y][x] = dist[p.first][p.second] + 1;
      }
    }
  }

  return dist[end.first][end.second];
}


void show_maze(char c[][M], Pair const &amp;beg, Pair const &amp;end)
{
  // '*' = wall, 'b' = starting point, 'e' = ending point
  c[beg.first][beg.second] = 'b';
  c[end.first][end.second] = 'e';
  for (int y = 0; y &lt; N; ++y) {
    for (int x = 0; x &lt; M; ++x) {
      cout &lt;&lt; c[y][x];
    }
    cout &lt;&lt; endl;
  }
}


int main()
{
  // define a maze, begining and ending points
  char maze[N][M] = {{' ', '*', ' ', ' ', ' ', ' ', ' ', ' '},
                     {' ', '*', '*', '*', '*', ' ', '*', ' '},
                     {' ', ' ', ' ', ' ', '*', ' ', '*', ' '},
                     {'*', '*', ' ', '*', ' ', ' ', '*', ' '},
                     {' ', ' ', ' ', '*', '*', ' ', '*', '*'},
                     {' ', '*', '*', '*', ' ', ' ', ' ', ' '},
                     {' ', ' ', ' ', '*', '*', '*', '*', ' '},
                     {'*', '*', ' ', '*', ' ', ' ', ' ', ' '},
                     {' ', ' ', ' ', ' ', ' ', '*', '*', ' '},
                     {' ', '*', '*', '*', ' ', '*', ' ', ' '},
                     {' ', ' ', ' ', '*', ' ', '*', ' ', '*'},
                     {'*', '*', ' ', ' ', ' ', '*', ' ', ' '}};
  Pair beg(2, 3);
  Pair end(11, 7);

  show_maze(maze, beg, end);
  
  int shortest_path = find_shortest_path(maze, beg, end);
  cout &lt;&lt; shortest_path &lt;&lt; endl;

  return 0;
}</pre>
]]></content:encoded>
			<wfw:commentRss>./../../../2012/09/06/shortest-path-in-a-maze/feed/index.html</wfw:commentRss>
		<slash:comments>0</slash:comments>
		</item>
		<item>
		<title>Expedition</title>
		<link>./../../../2012/09/06/expedition/index.html</link>
		<comments>./../../../2012/09/06/expedition/index.html#respond</comments>
		<pubDate>Thu, 06 Sep 2012 08:59:43 +0000</pubDate>
		<dc:creator><![CDATA[okomestudio]]></dc:creator>
				<category><![CDATA[Uncategorized]]></category>
		<category><![CDATA[algorithm]]></category>
		<category><![CDATA[Cpp]]></category>
		<category><![CDATA[heap]]></category>
		<category><![CDATA[POJ]]></category>
		<category><![CDATA[priority queue]]></category>

		<guid isPermaLink="false">./../../../index.html?p=167</guid>
		<description><![CDATA[A group of cows grabbed a truck and ventured on an expedition deep into the jungle. Being rather poor drivers, the cows unfortunately managed to run over a rock and puncture the truck&#8217;s fuel tank. The truck now leaks one unit of fuel every unit of distance it travels. To repair the truck, the cows [&#8230;]]]></description>
				<content:encoded><![CDATA[<blockquote><p>A group of cows grabbed a truck and ventured on an expedition deep into the jungle. Being rather poor drivers, the cows unfortunately managed to run over a rock and puncture the truck&#8217;s fuel tank. The truck now leaks one unit of fuel every unit of distance it travels.</p>
<p>To repair the truck, the cows need to drive to the nearest town (no more than 1,000,000 units distant) down a long, winding road. On this road, between the town and the current location of the truck, there are N (1 <= N <= 10,000) fuel stops where the cows can stop to acquire additional fuel (1..100 units at each stop).

The jungle is a dangerous place for humans and is especially dangerous for cows. Therefore, the cows want to make the minimum possible number of stops for fuel on the way to the town. Fortunately, the capacity of the fuel tank on their truck is so large that there is effectively no limit to the amount of fuel it can hold. The truck is currently L units away from the town and has P units of fuel (1 <= P <= 1,000,000).

Determine the minimum number of stops needed to reach the town, or if the cows cannot reach the town at all. </p></blockquote>
<p>(This is <a href="http://poj.org/problem?id=2431">POJ 2431</a>.)</p>
<h3>C++</h3>
<pre class="brush: cpp; light: false; title: ; toolbar: true; notranslate">#include &lt;iostream&gt;
#include &lt;vector&gt;
#include &lt;queue&gt;
using namespace std;


int main()
{
  // total length for travel
  int L = 25;

  // remaining fuel
  int P = 10;

  // N stops for fuel
  queue&lt;int&gt; location;
  location.push(10);
  location.push(14);
  location.push(20);
  location.push(21);

  queue&lt;int&gt; stock;
  stock.push(10);
  stock.push(5);
  stock.push(2);
  stock.push(4);

  // queue for fuel stops already passed by
  priority_queue&lt;int&gt; pq;

  // distance already traveled
  int traveled = 0;

  // number of fuel stands used (answer)
  int nstands = 0;

  while (true) {
    traveled += P;
    if (traveled &gt;= L) {
      // travel finished!
      break;
    }

    // coming to this part means needing more refuel.

    // identify available gas stands within the distance traveled and
    // put them in queue.
    while (! location.empty()) {
      if (location.front() &gt; traveled) {
        // passed by no fuel stops
        break;
      }
      // passed by this fuel stop
      pq.push(stock.front());
      stock.pop();
      location.pop();
    }

    if (pq.empty()) {
      // no gas stand, so cannot finish the travel
      nstands = -1;
      break;
    }

    // recharge from the station with highest amount of fuel.
    P = pq.top();
    pq.pop();
    nstands += 1;
  }

  cout &lt;&lt; nstands &lt;&lt; endl;

  return 0;
}</pre>
]]></content:encoded>
			<wfw:commentRss>./../../../2012/09/06/expedition/feed/index.html</wfw:commentRss>
		<slash:comments>0</slash:comments>
		</item>
		<item>
		<title>Permutation</title>
		<link>./../../../2012/09/03/permutation/index.html</link>
		<comments>./../../../2012/09/03/permutation/index.html#respond</comments>
		<pubDate>Tue, 04 Sep 2012 00:26:22 +0000</pubDate>
		<dc:creator><![CDATA[okomestudio]]></dc:creator>
				<category><![CDATA[Uncategorized]]></category>
		<category><![CDATA[algorithm]]></category>
		<category><![CDATA[C]]></category>
		<category><![CDATA[Cpp]]></category>
		<category><![CDATA[permutation]]></category>
		<category><![CDATA[Python]]></category>

		<guid isPermaLink="false">./../../../index.html?p=144</guid>
		<description><![CDATA[Print out all permutations of a string. Python C C++]]></description>
				<content:encoded><![CDATA[<blockquote><p>Print out all permutations of a string.</p></blockquote>
<h3>Python</h3>
<pre class="brush: python; light: false; title: ; toolbar: true; notranslate">#!/usr/bin/env python2.6


def permutate(s, prefix=''):
    if len(s):
        for i in range(len(s)):
            permutate(s[:i] + s[i+1:], prefix + s[i])
    else:
        print prefix


permutate('abcd')</pre>
<h3>C</h3>
<pre class="brush: cpp; light: false; title: ; toolbar: true; notranslate">#include &lt;stdio.h&gt;
#include &lt;stdlib.h&gt;


void swap(char *x, char *y)
{
  char t;
  t = *x;
  *x = *y;
  *y = t;
}


void permutate(char *s, int beg, int end)
{
  if (beg == end) {
    printf(&quot;%s\n&quot;, s);
  }
  else {
    int i;
    for (i = beg; i &lt;= end; ++i) {
      swap((s + beg), (s + i));
      permutate(s, beg + 1, end);
      swap((s + beg), (s + i));
    }
  }
}


int main()
{
  char s[] = &quot;abcd&quot;;
  permutate(s, 0, 3);
  return 0;
}</pre>
<h3>C++</h3>
<pre class="brush: cpp; light: false; title: ; toolbar: true; notranslate">#include &lt;iostream&gt;
#include &lt;string&gt;
using namespace std;


void permutate(string s, string prefix=&quot;&quot;)
{
  if (s.empty()) {
    cout &lt;&lt; prefix &lt;&lt; endl;
  }
  else {
    for (int i = 0; i &lt; s.size(); ++i) {
      permutate(s.substr(0, i) + s.substr(i + 1), prefix + s.at(i));
    }
  }
}


int main()
{
  string s = &quot;abcd&quot;;
  permutate(s);
  return 0;
}</pre>
]]></content:encoded>
			<wfw:commentRss>./../../../2012/09/03/permutation/feed/index.html</wfw:commentRss>
		<slash:comments>0</slash:comments>
		</item>
		<item>
		<title>Linked list: Basic implementation</title>
		<link>./../../../2012/09/01/linked-list-basic-implementation/index.html</link>
		<comments>./../../../2012/09/01/linked-list-basic-implementation/index.html#respond</comments>
		<pubDate>Sun, 02 Sep 2012 04:00:51 +0000</pubDate>
		<dc:creator><![CDATA[okomestudio]]></dc:creator>
				<category><![CDATA[Uncategorized]]></category>
		<category><![CDATA[algorithm]]></category>
		<category><![CDATA[C]]></category>
		<category><![CDATA[Cpp]]></category>
		<category><![CDATA[data structure]]></category>
		<category><![CDATA[Java]]></category>
		<category><![CDATA[linked list]]></category>
		<category><![CDATA[Python]]></category>

		<guid isPermaLink="false">./../../../index.html?p=122</guid>
		<description><![CDATA[Implement a basic singly linked list data structure. Write functions/methods to append a node at the end and delete a node. Python C C++ Java]]></description>
				<content:encoded><![CDATA[<blockquote><p>Implement a basic singly linked list data structure.  Write functions/methods to append a node at the end and delete a node.</p></blockquote>
<h3>Python</h3>
<pre class="brush: python; light: false; title: ; toolbar: true; notranslate">#!/usr/bin/env python2.6


class Node(object):

    def __init__(self, d):
        self.data = d
        self.next = None


class LinkedList(object):

    def __init__(self):
        self.head = None

    def append(self, d):
        end = Node(d)
        if self.head is None:
            self.head = end
            return
        n = self.head
        while n.next is not None:
            n = n.next
        n.next = end

    def delete(self, d):
        if self.head is not None:
            n = self.head
            if n.data == d:
                self.head = n.next
                return
            m = n
            while n.next is not None:
                if n.next.data == d:
                    n.next = n.next.next
                    self.head = m
                    return
                n = n.next

    def view(self):
        n = self.head
        while n is not None:
            print n.data
            n = n.next


llist = LinkedList()
for i in range(10):
    llist.append(i)

llist.delete(3)
llist.delete(7)
llist.delete(11)
llist.delete(0)
llist.delete(9)

llist.view()</pre>
<h3>C</h3>
<pre class="brush: cpp; light: false; title: ; toolbar: true; notranslate">#include &lt;stdio.h&gt;
#include &lt;stdlib.h&gt;


struct Node_
{
  int data;
  struct Node_ *next;
};
typedef struct Node_ Node;


typedef struct
{
  Node *head;
} LinkedList;


Node *create_node(int d)
{
  Node *node = malloc(sizeof(Node));
  node-&gt;data = d;
  node-&gt;next = 0;
  return node;
}


void destroy_node(Node *node)
{
  free(node);
}


void append(LinkedList *l, int d)
{
  Node *end = create_node(d);

  if (l-&gt;head == 0) {
    l-&gt;head = end;
    return;
  }

  Node *n = l-&gt;head;
  while (n-&gt;next != 0) {
    n = n-&gt;next;
  }
  n-&gt;next = end;
}


void delete(LinkedList *l, int d)
{
  if (l-&gt;head != 0) {
    Node *n = l-&gt;head;
    if (n-&gt;data == d) {
      l-&gt;head = n-&gt;next;
      return;
    }

    while (n-&gt;next != 0) {
      if (n-&gt;next-&gt;data == d) {
        Node *m = n-&gt;next-&gt;next;
        destroy_node(n-&gt;next);
        n-&gt;next = m;
        return;
      }
      n = n-&gt;next;
    }
  }
}


void view(LinkedList *l)
{
  Node *n = l-&gt;head;
  while (n != 0) {
    printf(&quot;%d\n&quot;, n-&gt;data);
    n = n-&gt;next;
  }
}


int main()
{
  LinkedList llist = {.head = 0};

  int i;
  for (i = 0; i &lt; 10; ++i) {
    append(&amp;llist, i);
  }

  delete(&amp;llist, 3);
  delete(&amp;llist, 7);
  delete(&amp;llist, 11);
  delete(&amp;llist, 0);
  delete(&amp;llist, 9);

  view(&amp;llist);

  return 0;
}</pre>
<h3>C++</h3>
<pre class="brush: cpp; light: false; title: ; toolbar: true; notranslate">#include &lt;iostream&gt;

using namespace std;


class Node
{
public:
  Node(int d) : next(0) { data = d; };
  int data;
  Node *next;
};


class LinkedList
{
public:
  LinkedList() : head(0) {};
  Node *head;

  void append(int d)
  {
    Node *end = new Node(d);
    if (head == 0) {
      head = end;
      return;
    }
    Node *n = head;
    while (n-&gt;next != 0) {
      n = n-&gt;next;
    }
    n-&gt;next = end;
  }

  void remove(int d)
  {
    if (head != 0) {
      if (head-&gt;data == d) {
        Node *m = head-&gt;next;
        delete head;
        head = m;
        return;
      }
      Node *n = head;
      while (n-&gt;next != 0) {
        if (n-&gt;next-&gt;data == d) {
          Node *m = n-&gt;next-&gt;next;
          delete n-&gt;next;
          n-&gt;next = m;
          return;
        }
        n = n-&gt;next;
      }
    }
  }

  void view()
  {
    Node *n = head;
    while (n != 0) {
      cout &lt;&lt; n-&gt;data &lt;&lt; endl;
      n = n-&gt;next;
    }
  }
};


int main()
{
  LinkedList llist;
  for (int i = 0; i &lt; 10; ++i) {
    llist.append(i);
  }
  llist.remove(3);
  llist.remove(7);
  llist.remove(11);
  llist.remove(0);
  llist.remove(9);
  llist.view();
  return 0;
}</pre>
<h3>Java</h3>
<pre class="brush: java; light: false; title: ; toolbar: true; notranslate">class Node
{
  Node next = null;
  int data;

  public Node(int d) { data = d; }
}


class LinkedList
{
  Node head = null;

  LinkedList() {}
  LinkedList(Node n) { head = n; }

  void view()
  {
    Node n = head;
    while (n != null) {
      System.out.println(n.data);
      n = n.next;
    }
  }

  void append(int d)
  {
    Node end = new Node(d);
    if (head == null) {
      head = end;
    }
    else {
      Node n = head;
      while (n.next != null) {
        n = n.next;
      }
      n.next = end;
    }
  }

  void delete(int d)
  {
    Node n = head;
    if (n != null) {
      if (n.data == d) {
        head = n.next;
        return;
      }

      Node m = n;
      while (n.next != null) {
        if (n.next.data == d) {
          n.next = n.next.next;
          head = m;
          return;
        }
        n = n.next;
      }
    }
  }
}


public class linked_list
{
  public static void main(String[] args)
  {
    LinkedList llist = new LinkedList();
    for (int i = 0; i &lt; 10; ++i) {
      llist.append(i);
    }

    llist.delete(3);
    llist.delete(7);
    llist.delete(11);
    llist.delete(0);
    llist.delete(9);

    llist.view();
  }
}</pre>
]]></content:encoded>
			<wfw:commentRss>./../../../2012/09/01/linked-list-basic-implementation/feed/index.html</wfw:commentRss>
		<slash:comments>0</slash:comments>
		</item>
		<item>
		<title>Computing square roots: Newton&#8217;s method</title>
		<link>./../../../2012/09/01/computing-square-roots-newtons-method/index.html</link>
		<comments>./../../../2012/09/01/computing-square-roots-newtons-method/index.html#respond</comments>
		<pubDate>Sat, 01 Sep 2012 09:44:21 +0000</pubDate>
		<dc:creator><![CDATA[okomestudio]]></dc:creator>
				<category><![CDATA[Uncategorized]]></category>
		<category><![CDATA[algorithm]]></category>
		<category><![CDATA[C]]></category>
		<category><![CDATA[Cpp]]></category>
		<category><![CDATA[Java]]></category>
		<category><![CDATA[Newton's method]]></category>
		<category><![CDATA[numerical method]]></category>
		<category><![CDATA[Python]]></category>
		<category><![CDATA[root finding]]></category>

		<guid isPermaLink="false">./../../../index.html?p=87</guid>
		<description><![CDATA[Compute the square root using Newton&#8217;s method. (The image is from the Wikipedia article for Newton&#8217;s method.) The gist of Newton&#8217;s method is to find a root of function by iteratively improving the approximation for the tangent line at one of the roots at ; see the figure animation. Take the initial guess for the [&#8230;]]]></description>
				<content:encoded><![CDATA[<blockquote><p>Compute the square root using Newton&#8217;s method.</p></blockquote>
<p><a href="./../../../wp-content/uploads/2012/09/NewtonIteration_Ani.gif"><img src="./../../../wp-content/uploads/2012/09/NewtonIteration_Ani.gif" alt="" title="NewtonIteration_Ani" width="337" height="240" class="alignnone size-full wp-image-88" /></a></p>
<p><em>(The image is from the <a href="http://en.wikipedia.org/wiki/Newton%27s_method">Wikipedia article for Newton&#8217;s method</a>.)</em></p>
<p>The gist of Newton&#8217;s method is to find a root of function <img src='http://s0.wp.com/latex.php?latex=f%28x%29&#038;bg=ffffff&#038;fg=000000&#038;s=0' alt='f(x)' title='f(x)' class='latex' /> by iteratively improving the approximation for the tangent line at one of the roots at <img src='http://s0.wp.com/latex.php?latex=f%28x%29+%3D+0&#038;bg=ffffff&#038;fg=000000&#038;s=0' alt='f(x) = 0' title='f(x) = 0' class='latex' />; see the figure animation.</p>
<p>Take the initial guess for the root to be <img src='http://s0.wp.com/latex.php?latex=x_0&#038;bg=ffffff&#038;fg=000000&#038;s=0' alt='x_0' title='x_0' class='latex' />.  The tangent to function <img src='http://s0.wp.com/latex.php?latex=f%28x%29&#038;bg=ffffff&#038;fg=000000&#038;s=0' alt='f(x)' title='f(x)' class='latex' /> evaluated at <img src='http://s0.wp.com/latex.php?latex=x_0&#038;bg=ffffff&#038;fg=000000&#038;s=0' alt='x_0' title='x_0' class='latex' /> is expressed by <img src='http://s0.wp.com/latex.php?latex=f%28x_0%29+%3D+f%5E%5Cprime%28x_0%29+x_0+%2B+b&#038;bg=ffffff&#038;fg=000000&#038;s=0' alt='f(x_0) = f^\prime(x_0) x_0 + b' title='f(x_0) = f^\prime(x_0) x_0 + b' class='latex' />, which gives the <img src='http://s0.wp.com/latex.php?latex=y&#038;bg=ffffff&#038;fg=000000&#038;s=0' alt='y' title='y' class='latex' />-intercept of <img src='http://s0.wp.com/latex.php?latex=b+%3D+f%28x_0%29+-+f%5E%5Cprime%28x_0%29+x_0&#038;bg=ffffff&#038;fg=000000&#038;s=0' alt='b = f(x_0) - f^\prime(x_0) x_0' title='b = f(x_0) - f^\prime(x_0) x_0' class='latex' />.  The tangent is therefore expressed as<br />
<img src='http://s0.wp.com/latex.php?latex=++++y+%3D+f%5E%5Cprime%28x_0%29+x+%2B+f%28x_0%29+-+f%5E%5Cprime%28x_0%29+x_0+%5C+.++&#038;bg=ffffff&#038;fg=000000&#038;s=0' alt='    y = f^\prime(x_0) x + f(x_0) - f^\prime(x_0) x_0 \ .  ' title='    y = f^\prime(x_0) x + f(x_0) - f^\prime(x_0) x_0 \ .  ' class='latex' /><br />
Now we want to find <img src='http://s0.wp.com/latex.php?latex=x_1&#038;bg=ffffff&#038;fg=000000&#038;s=0' alt='x_1' title='x_1' class='latex' /> where <img src='http://s0.wp.com/latex.php?latex=y+%3D+0&#038;bg=ffffff&#038;fg=000000&#038;s=0' alt='y = 0' title='y = 0' class='latex' /> to find a tangent closer to the target root.  Plugging in and rearranging, we get <img src='http://s0.wp.com/latex.php?latex=x_1+%3D+x_0+-+f%28x_0%29+%2F+f%5E%5Cprime%28x_0%29&#038;bg=ffffff&#038;fg=000000&#038;s=0' alt='x_1 = x_0 - f(x_0) / f^\prime(x_0)' title='x_1 = x_0 - f(x_0) / f^\prime(x_0)' class='latex' />.  Or more generally,<br />
<img src='http://s0.wp.com/latex.php?latex=%5Cdisplaystyle++++x_%7Bi+%2B+1%7D+%3D+x_i+-+%5Cfrac%7Bf%28x_i%29%7D%7Bf%5E%5Cprime%28x_i%29%7D+%5C+%2C++&#038;bg=ffffff&#038;fg=000000&#038;s=0' alt='\displaystyle    x_{i + 1} = x_i - \frac{f(x_i)}{f^\prime(x_i)} \ ,  ' title='\displaystyle    x_{i + 1} = x_i - \frac{f(x_i)}{f^\prime(x_i)} \ ,  ' class='latex' /><br />
where the iteration should be stopped when desired accuracy is reached.</p>
<h3>Python</h3>
<pre class="brush: python; light: false; title: ; toolbar: true; notranslate">def derivative(x, f, h=1e-7):
    return (f(x + h) - f(x)) / h


def root(x0, f, eps=1e-6):
    x1 = x0 - f(x0) / derivative(x0, f)
    while abs(x1 - x0) &gt; eps:
        x0 = x1
        x1 = x0 - f(x0) / derivative(x0, f)
    return x1


def f(x):
    # root of x^2 = 256
    return x * x - 256


print root(5, f)</pre>
<h3>C</h3>
<pre class="brush: cpp; light: false; title: ; toolbar: true; notranslate">#include &lt;stdio.h&gt;
#include &lt;math.h&gt;

#define EPS 1e-4
#define DELX 1e-6


double derivative(double x, double (*f)(double))
{
  return ((*f)(x + DELX) - (*f)(x)) / DELX;
}


double root(double x0, double (*f)(double))
{
  double x1 = x0;
  do {
    x0 = x1;
    x1 = x0 - (*f)(x0) / derivative(x0, f);
  }
  while (fabs(x1 - x0) &gt; EPS);
  return x1;
}


double f(double x)
{
  return x * x - 256;
}


int main()
{
  printf(&quot;%f\n&quot;, root(5, f));
  return 0;
}</pre>
<h3>C++</h3>
<pre class="brush: cpp; light: false; title: ; toolbar: true; notranslate">#include &lt;iostream&gt;
#include &lt;cmath&gt;

using namespace std;


// using a functor
struct F
{
  F(double c) : c_(c) {}
  double operator()(double x) { return x * x - c_; }
  
private:
  double c_;
};


double derivative(double x, F&amp; f, double delx=1e-6)
{
  return (f(x + delx) - f(x)) / delx;
}


double root(double x0, F&amp; f, double eps=1e-4)
{
  double x1 = x0;
  do {
    x0 = x1;
    x1 = x0 - f(x0) / derivative(x0, f);
  }
  while (abs(x1 - x0) &gt; eps);
  return x1;
}


int main()
{
  F f(256);
  cout &lt;&lt; root(5, f) &lt;&lt; endl;

  F f2(2.);
  cout &lt;&lt; root(5, f2) &lt;&lt; endl;
  return 0;
}</pre>
<h3>Java</h3>
<pre class="brush: java; light: false; title: ; toolbar: true; notranslate">// ugly, can make it a more generic.

public class newtons_method
{

  private static double eps = 1e-6;
  private static double delx = 1e-8;

  public static double root(double x0)
  {
    double x1 = x0;
    do {
      x0 = x1;
      x1 = x0 - f(x0) / fp(x0);
    }
    while (Math.abs(x1 - x0) &gt; eps);
    return x1;
  }

  public static double f(double x)
  {
    return x * x - 256;
  }

  public static double fp(double x)
  {
    return (f(x + delx) - f(x)) / delx;
  }

  public static void main(String[] args)
  {
    System.out.println(root(5));
  }
}</pre>
]]></content:encoded>
			<wfw:commentRss>./../../../2012/09/01/computing-square-roots-newtons-method/feed/index.html</wfw:commentRss>
		<slash:comments>0</slash:comments>
		</item>
		<item>
		<title>Computing square roots: Babylonian method</title>
		<link>./../../../2012/09/01/computing-square-roots-babylonian-method/index.html</link>
		<comments>./../../../2012/09/01/computing-square-roots-babylonian-method/index.html#respond</comments>
		<pubDate>Sat, 01 Sep 2012 07:42:47 +0000</pubDate>
		<dc:creator><![CDATA[okomestudio]]></dc:creator>
				<category><![CDATA[Uncategorized]]></category>
		<category><![CDATA[algorithm]]></category>
		<category><![CDATA[Babylonian method]]></category>
		<category><![CDATA[C]]></category>
		<category><![CDATA[Cpp]]></category>
		<category><![CDATA[Java]]></category>
		<category><![CDATA[numerical method]]></category>
		<category><![CDATA[Python]]></category>
		<category><![CDATA[square root]]></category>

		<guid isPermaLink="false">./../../../index.html?p=76</guid>
		<description><![CDATA[Compute the square root using the Babylonian method. The Babylonian method of estimating a square root goes like this. We want , or . Our initial estimate is most likely an overestimate of . If overestimating (r < r_0[/latex]), we have [latex] s / r_0 = r (r / r_0) < r[/latex] which means [latex]s [&#8230;]]]></description>
				<content:encoded><![CDATA[<blockquote><p>Compute the square root using the Babylonian method.</p></blockquote>
<p>The Babylonian method of estimating a square root goes like this.  We want <img src='http://s0.wp.com/latex.php?latex=r+%3D+%5Csqrt%7Bs%7D&#038;bg=ffffff&#038;fg=000000&#038;s=0' alt='r = \sqrt{s}' title='r = \sqrt{s}' class='latex' />, or <img src='http://s0.wp.com/latex.php?latex=r%5E2+%3D+s&#038;bg=ffffff&#038;fg=000000&#038;s=0' alt='r^2 = s' title='r^2 = s' class='latex' />.  Our initial estimate <img src='http://s0.wp.com/latex.php?latex=r_0&#038;bg=ffffff&#038;fg=000000&#038;s=0' alt='r_0' title='r_0' class='latex' /> is most likely an overestimate of <img src='http://s0.wp.com/latex.php?latex=r&#038;bg=ffffff&#038;fg=000000&#038;s=0' alt='r' title='r' class='latex' />.  If overestimating (<img src='http://s0.wp.com/latex.php?latex&#038;bg=ffffff&#038;fg=000000&#038;s=0' alt='' title='' class='latex' />r < r_0[/latex]), we have
[latex] s / r_0 = r (r / r_0) < r[/latex]
which means [latex]s / r_0[/latex] is an underestimate.  Then [latex]r_0[/latex] and [latex]s / r_0[/latex] should be bracketing the value [latex]r[/latex] to be estimated.  By taking the average of these, the estimate can be improved iteratively
[latex]\displaystyle
  r_i = \frac{1}{2} \left( r_{i - 1} + \frac{s}{r_{i - 1}} \right)
[/latex]
until a desired accuracy is reached.</p>
<p>This method works similarly if the initial estimate is an underestimate.</p>
<h3>Python</h3>
<pre class="brush: python; light: false; title: ; toolbar: true; notranslate">
def sqrt(x, eps=1e-6):
    r = x * 1.
    while abs(x - r * r) &gt; eps:
        r = 0.5 * (r + x / r)
    return r

print sqrt(256)
</pre>
<h3>C</h3>
<pre class="brush: cpp; light: false; title: ; toolbar: true; notranslate">#include &lt;stdio.h&gt;
#include &lt;math.h&gt;

#define EPS 1e-6

float sqrt_babylonian(float x)
{
  float r = x;
  while (fabs(r * r - x) &gt; EPS) {
    r = 0.5 * (r + x / r);
  }
  return r;
}


int main()
{
  printf(&quot;%f\n&quot;, sqrt_babylonian(256.0));
  printf(&quot;%f\n&quot;, sqrt_babylonian(0.25));
  printf(&quot;%f\n&quot;, sqrt_babylonian(1.0));
  return 0;
}</pre>
<h3>C++</h3>
<pre class="brush: cpp; light: false; title: ; toolbar: true; notranslate">#include &lt;iostream&gt;
#include &lt;cmath&gt;

using namespace std;

static const float EPS = 1e-6;


float sqrt_babylonian(float x)
{
  float r = x;
  while (abs(r * r - x) &gt; EPS) {
    r = 0.5 * (r + x / r);
  }
  return r;
}


int main()
{
  cout &lt;&lt; sqrt_babylonian(256.0) &lt;&lt; endl;
  cout &lt;&lt; sqrt_babylonian(0.25) &lt;&lt; endl;
  cout &lt;&lt; sqrt_babylonian(1.0) &lt;&lt; endl;
  return 0;
}</pre>
<h3>Java</h3>
<pre class="brush: java; light: false; title: ; toolbar: true; notranslate">public class sqrt_babylonian
{
  private static double eps = 1e-6;

  public static double sqrt(double x)
  {
    double r = x;
    while (r * r - x &gt; eps) {
      r = 0.5 * (r + x / r);
    }
    return r;
  }

  public static void main(String[] args)
  {
    System.out.println(sqrt(256));
    System.out.println(sqrt(0.25));
    System.out.println(sqrt(1));
  }
}</pre>
]]></content:encoded>
			<wfw:commentRss>./../../../2012/09/01/computing-square-roots-babylonian-method/feed/index.html</wfw:commentRss>
		<slash:comments>0</slash:comments>
		</item>
	</channel>
</rss>
