<?xml version="1.0" encoding="UTF-8"?><rss version="2.0"
	xmlns:content="http://purl.org/rss/1.0/modules/content/"
	xmlns:dc="http://purl.org/dc/elements/1.1/"
	xmlns:atom="http://www.w3.org/2005/Atom"
	xmlns:sy="http://purl.org/rss/1.0/modules/syndication/"
	
	>
<channel>
	<title>Comments on: Using Hostnames in Local Area Network on Debian Lenny</title>
	<atom:link href="./index.html" rel="self" type="application/rss+xml" />
	<link>./../index.html</link>
	<description>Taro Sato&#039;s Memorandum</description>
	<lastBuildDate>Mon, 07 Jan 2019 10:59:38 +0000</lastBuildDate>
	<sy:updatePeriod>hourly</sy:updatePeriod>
	<sy:updateFrequency>1</sy:updateFrequency>
	<generator>https://wordpress.org/?v=4.4.17</generator>
	<item>
		<title>By: Local Area Networking with Cross-over Cable in Debian &#171; Biboroku</title>
		<link>./../index.html#comment-15</link>
		<dc:creator><![CDATA[Local Area Networking with Cross-over Cable in Debian &#171; Biboroku]]></dc:creator>
		<pubDate>Sun, 22 Mar 2009 21:55:20 +0000</pubDate>
		<guid isPermaLink="false">http://nomo17k.wordpress.com/?p=200#comment-15</guid>
		<description><![CDATA[[...] method (which I used often when Debian stable was Woody) is obsolete as there is what I think is a much nicer solution. I leave this note just for [...]]]></description>
		<content:encoded><![CDATA[<p>[&#8230;] method (which I used often when Debian stable was Woody) is obsolete as there is what I think is a much nicer solution. I leave this note just for [&#8230;]</p>
]]></content:encoded>
	</item>
</channel>
</rss>
