<?xml version="1.0" encoding="UTF-8"?><rss version="2.0"
	xmlns:content="http://purl.org/rss/1.0/modules/content/"
	xmlns:dc="http://purl.org/dc/elements/1.1/"
	xmlns:atom="http://www.w3.org/2005/Atom"
	xmlns:sy="http://purl.org/rss/1.0/modules/syndication/"
	
	>
<channel>
	<title>Comments on: Power Management on Lenovo T410s</title>
	<atom:link href="./index.html" rel="self" type="application/rss+xml" />
	<link>./../index.html</link>
	<description>Taro Sato&#039;s Memorandum</description>
	<lastBuildDate>Mon, 07 Jan 2019 10:59:38 +0000</lastBuildDate>
	<sy:updatePeriod>hourly</sy:updatePeriod>
	<sy:updateFrequency>1</sy:updateFrequency>
	<generator>https://wordpress.org/?v=4.4.17</generator>
	<item>
		<title>By: Taro</title>
		<link>./../index.html#comment-583</link>
		<dc:creator><![CDATA[Taro]]></dc:creator>
		<pubDate>Sat, 16 Apr 2011 13:23:51 +0000</pubDate>
		<guid isPermaLink="false">http://nomo17k.wordpress.com/?p=1406#comment-583</guid>
		<description><![CDATA[It depends on what you need to keep running.  Say you do web development, but also college course work as well.  You like to write a paper on openoffice.org in a cafe but don&#039;t do web development on the go.  If you are like that it makes sense to stop your web service while on battery to save energy.  Of course for those occasions in which you feel like doing web development in a cafe, you can start web service manually.  So it&#039;s entirely due to your life style.]]></description>
		<content:encoded><![CDATA[<p>It depends on what you need to keep running.  Say you do web development, but also college course work as well.  You like to write a paper on openoffice.org in a cafe but don&#8217;t do web development on the go.  If you are like that it makes sense to stop your web service while on battery to save energy.  Of course for those occasions in which you feel like doing web development in a cafe, you can start web service manually.  So it&#8217;s entirely due to your life style.</p>
]]></content:encoded>
	</item>
	<item>
		<title>By: user</title>
		<link>./../index.html#comment-580</link>
		<dc:creator><![CDATA[user]]></dc:creator>
		<pubDate>Sat, 16 Apr 2011 07:09:27 +0000</pubDate>
		<guid isPermaLink="false">http://nomo17k.wordpress.com/?p=1406#comment-580</guid>
		<description><![CDATA[Nice article, but I&#039;d like to ask which services do you stop when on battery?]]></description>
		<content:encoded><![CDATA[<p>Nice article, but I&#8217;d like to ask which services do you stop when on battery?</p>
]]></content:encoded>
	</item>
</channel>
</rss>
