<?xml version="1.0" encoding="UTF-8"?><rss version="2.0"
	xmlns:content="http://purl.org/rss/1.0/modules/content/"
	xmlns:dc="http://purl.org/dc/elements/1.1/"
	xmlns:atom="http://www.w3.org/2005/Atom"
	xmlns:sy="http://purl.org/rss/1.0/modules/syndication/"
	
	>
<channel>
	<title>Comments on: Creating a Debian Bootable USB Stick with Non-Free Firmware</title>
	<atom:link href="./index.html" rel="self" type="application/rss+xml" />
	<link>./../index.html</link>
	<description>Taro Sato&#039;s Memorandum</description>
	<lastBuildDate>Mon, 07 Jan 2019 10:59:38 +0000</lastBuildDate>
	<sy:updatePeriod>hourly</sy:updatePeriod>
	<sy:updateFrequency>1</sy:updateFrequency>
	<generator>https://wordpress.org/?v=4.4.17</generator>
	<item>
		<title>By: Ruslanas Gžibovskis</title>
		<link>./../index.html#comment-142015</link>
		<dc:creator><![CDATA[Ruslanas Gžibovskis]]></dc:creator>
		<pubDate>Mon, 10 Sep 2018 07:12:00 +0000</pubDate>
		<guid isPermaLink="false">./../../../../index.html?p=2657#comment-142015</guid>
		<description><![CDATA[I think you done it &quot;ubuntu way&quot;. I would suggest using Debian way for debian:
cat debian.iso &#062; /dev/sdb &#038;&#038; sync]]></description>
		<content:encoded><![CDATA[<p>I think you done it &#8220;ubuntu way&#8221;. I would suggest using Debian way for debian:<br />
cat debian.iso &gt; /dev/sdb &amp;&amp; sync</p>
]]></content:encoded>
	</item>
</channel>
</rss>
