<?xml version="1.0" encoding="UTF-8"?><rss version="2.0"
	xmlns:content="http://purl.org/rss/1.0/modules/content/"
	xmlns:dc="http://purl.org/dc/elements/1.1/"
	xmlns:atom="http://www.w3.org/2005/Atom"
	xmlns:sy="http://purl.org/rss/1.0/modules/syndication/"
	
	>
<channel>
	<title>Comments on: ATLAS on Debian Squeeze (AMD64)</title>
	<atom:link href="./index.html" rel="self" type="application/rss+xml" />
	<link>./../index.html</link>
	<description>Taro Sato&#039;s Memorandum</description>
	<lastBuildDate>Mon, 07 Jan 2019 10:59:38 +0000</lastBuildDate>
	<sy:updatePeriod>hourly</sy:updatePeriod>
	<sy:updateFrequency>1</sy:updateFrequency>
	<generator>https://wordpress.org/?v=4.4.17</generator>
	<item>
		<title>By: SExtractor on Debian Squeeze (AMD64) &#124; Biboroku</title>
		<link>./../index.html#comment-134</link>
		<dc:creator><![CDATA[SExtractor on Debian Squeeze (AMD64) &#124; Biboroku]]></dc:creator>
		<pubDate>Sun, 02 Jan 2011 05:48:44 +0000</pubDate>
		<guid isPermaLink="false">http://nomo17k.wordpress.com/?p=1328#comment-134</guid>
		<description><![CDATA[[...] need FFTW and ATLAS installed already, and assume that FFTW was installed at /usr/local/fftw, and ATLAS at [...]]]></description>
		<content:encoded><![CDATA[<p>[&#8230;] need FFTW and ATLAS installed already, and assume that FFTW was installed at /usr/local/fftw, and ATLAS at [&#8230;]</p>
]]></content:encoded>
	</item>
	<item>
		<title>By: Bruno</title>
		<link>./../index.html#comment-121</link>
		<dc:creator><![CDATA[Bruno]]></dc:creator>
		<pubDate>Thu, 30 Dec 2010 23:15:09 +0000</pubDate>
		<guid isPermaLink="false">http://nomo17k.wordpress.com/?p=1328#comment-121</guid>
		<description><![CDATA[Many thanks for the solution of the &quot;hidden symbol `__powidf2&#039; bug&quot;.]]></description>
		<content:encoded><![CDATA[<p>Many thanks for the solution of the &#8220;hidden symbol `__powidf2&#8242; bug&#8221;.</p>
]]></content:encoded>
	</item>
	<item>
		<title>By: SExtractor on Debian Squeeze (AMD64) &#171; Biboroku</title>
		<link>./../index.html#comment-120</link>
		<dc:creator><![CDATA[SExtractor on Debian Squeeze (AMD64) &#171; Biboroku]]></dc:creator>
		<pubDate>Tue, 30 Nov 2010 14:30:38 +0000</pubDate>
		<guid isPermaLink="false">http://nomo17k.wordpress.com/?p=1328#comment-120</guid>
		<description><![CDATA[[...] need FFTW and ATLAS installed already, and assume that FFTW was installed at /usr/local/fftw, and ATLAS at [...]]]></description>
		<content:encoded><![CDATA[<p>[&#8230;] need FFTW and ATLAS installed already, and assume that FFTW was installed at /usr/local/fftw, and ATLAS at [&#8230;]</p>
]]></content:encoded>
	</item>
</channel>
</rss>
