<?xml version="1.0" encoding="UTF-8"?><rss version="2.0"
	xmlns:content="http://purl.org/rss/1.0/modules/content/"
	xmlns:dc="http://purl.org/dc/elements/1.1/"
	xmlns:atom="http://www.w3.org/2005/Atom"
	xmlns:sy="http://purl.org/rss/1.0/modules/syndication/"
	
	>
<channel>
	<title>Comments on: Setting Up Astro Research Environment on Mac OS X Leopard</title>
	<atom:link href="./index.html" rel="self" type="application/rss+xml" />
	<link>./../index.html</link>
	<description>Taro Sato&#039;s Memorandum</description>
	<lastBuildDate>Mon, 07 Jan 2019 10:59:38 +0000</lastBuildDate>
	<sy:updatePeriod>hourly</sy:updatePeriod>
	<sy:updateFrequency>1</sy:updateFrequency>
	<generator>https://wordpress.org/?v=4.4.17</generator>
	<item>
		<title>By: Setting Up Astro Research Environment on Mac OS X Leopard « Biboroku &#124; I AM OSX</title>
		<link>./../index.html#comment-18</link>
		<dc:creator><![CDATA[Setting Up Astro Research Environment on Mac OS X Leopard « Biboroku &#124; I AM OSX]]></dc:creator>
		<pubDate>Sat, 20 Jun 2009 04:20:35 +0000</pubDate>
		<guid isPermaLink="false">http://nomo17k.wordpress.com/?p=481#comment-18</guid>
		<description><![CDATA[[...] The rest is here: Setting Up Astro Research Environment on Mac OS X Leopard « Biboroku [...]]]></description>
		<content:encoded><![CDATA[<p>[&#8230;] The rest is here: Setting Up Astro Research Environment on Mac OS X Leopard « Biboroku [&#8230;]</p>
]]></content:encoded>
	</item>
</channel>
</rss>
