<?xml version="1.0" encoding="UTF-8"?><rss version="2.0"
	xmlns:content="http://purl.org/rss/1.0/modules/content/"
	xmlns:dc="http://purl.org/dc/elements/1.1/"
	xmlns:atom="http://www.w3.org/2005/Atom"
	xmlns:sy="http://purl.org/rss/1.0/modules/syndication/"
	
	>
<channel>
	<title>Comments on: Installing Dropbox without Gnome on Debian Squeeze (AMD64)</title>
	<atom:link href="./index.html" rel="self" type="application/rss+xml" />
	<link>./../index.html</link>
	<description>Taro Sato&#039;s Memorandum</description>
	<lastBuildDate>Mon, 07 Jan 2019 10:59:38 +0000</lastBuildDate>
	<sy:updatePeriod>hourly</sy:updatePeriod>
	<sy:updateFrequency>1</sy:updateFrequency>
	<generator>https://wordpress.org/?v=4.4.17</generator>
	<item>
		<title>By: klearchos-angelos gkountras</title>
		<link>./../index.html#comment-6396</link>
		<dc:creator><![CDATA[klearchos-angelos gkountras]]></dc:creator>
		<pubDate>Wed, 06 Jun 2012 17:11:04 +0000</pubDate>
		<guid isPermaLink="false">http://nomo17k.wordpress.com/?p=1045#comment-6396</guid>
		<description><![CDATA[nice post ...]]></description>
		<content:encoded><![CDATA[<p>nice post &#8230;</p>
]]></content:encoded>
	</item>
	<item>
		<title>By: Denis Kobylinsky</title>
		<link>./../index.html#comment-5783</link>
		<dc:creator><![CDATA[Denis Kobylinsky]]></dc:creator>
		<pubDate>Tue, 01 May 2012 07:12:01 +0000</pubDate>
		<guid isPermaLink="false">http://nomo17k.wordpress.com/?p=1045#comment-5783</guid>
		<description><![CDATA[Thank you for this manual!

It is very clear and works perfect!]]></description>
		<content:encoded><![CDATA[<p>Thank you for this manual!</p>
<p>It is very clear and works perfect!</p>
]]></content:encoded>
	</item>
	<item>
		<title>By: Gilberto Mendez</title>
		<link>./../index.html#comment-620</link>
		<dc:creator><![CDATA[Gilberto Mendez]]></dc:creator>
		<pubDate>Tue, 19 Apr 2011 20:34:05 +0000</pubDate>
		<guid isPermaLink="false">http://nomo17k.wordpress.com/?p=1045#comment-620</guid>
		<description><![CDATA[Thanks a lot guy for this post. 
You&#039;ve saved me a lot of time. I really appreciate it

B.R.
Gilberto]]></description>
		<content:encoded><![CDATA[<p>Thanks a lot guy for this post.<br />
You&#8217;ve saved me a lot of time. I really appreciate it</p>
<p>B.R.<br />
Gilberto</p>
]]></content:encoded>
	</item>
	<item>
		<title>By: Installing Debian Squeeze (AMD64) on Lenovo T410s &#171; Biboroku</title>
		<link>./../index.html#comment-109</link>
		<dc:creator><![CDATA[Installing Debian Squeeze (AMD64) on Lenovo T410s &#171; Biboroku]]></dc:creator>
		<pubDate>Sat, 27 Nov 2010 21:13:04 +0000</pubDate>
		<guid isPermaLink="false">http://nomo17k.wordpress.com/?p=1045#comment-109</guid>
		<description><![CDATA[[...] Dropbox [...]]]></description>
		<content:encoded><![CDATA[<p>[&#8230;] Dropbox [&#8230;]</p>
]]></content:encoded>
	</item>
	<item>
		<title>By: nomo17k</title>
		<link>./../index.html#comment-108</link>
		<dc:creator><![CDATA[nomo17k]]></dc:creator>
		<pubDate>Tue, 02 Nov 2010 03:46:13 +0000</pubDate>
		<guid isPermaLink="false">http://nomo17k.wordpress.com/?p=1045#comment-108</guid>
		<description><![CDATA[Alfredo -- Are you installing it as root?  I&#039;d recommend that you do things as a regular user.

But I think the problem is simple.  You just need to create the directory first:

$ mkdir ~/.kde/Autostart

before you cd into it.]]></description>
		<content:encoded><![CDATA[<p>Alfredo &#8212; Are you installing it as root?  I&#8217;d recommend that you do things as a regular user.</p>
<p>But I think the problem is simple.  You just need to create the directory first:</p>
<p>$ mkdir ~/.kde/Autostart</p>
<p>before you cd into it.</p>
]]></content:encoded>
	</item>
	<item>
		<title>By: Alfredo</title>
		<link>./../index.html#comment-107</link>
		<dc:creator><![CDATA[Alfredo]]></dc:creator>
		<pubDate>Tue, 02 Nov 2010 03:40:27 +0000</pubDate>
		<guid isPermaLink="false">http://nomo17k.wordpress.com/?p=1045#comment-107</guid>
		<description><![CDATA[Hi there:

I appreciate your post.

My system is also running on Squeeze and KDE.
I tried to install Dropbox as you said, but I have this problem:


root@alfredo-laptop:~# cd ~/.kde/Autostart
bash: cd: /root/.kde/Autostart: No such file or directory

I wonder if I made a mistake, and if you can help me with this.
thanks,
A.]]></description>
		<content:encoded><![CDATA[<p>Hi there:</p>
<p>I appreciate your post.</p>
<p>My system is also running on Squeeze and KDE.<br />
I tried to install Dropbox as you said, but I have this problem:</p>
<p>root@alfredo-laptop:~# cd ~/.kde/Autostart<br />
bash: cd: /root/.kde/Autostart: No such file or directory</p>
<p>I wonder if I made a mistake, and if you can help me with this.<br />
thanks,<br />
A.</p>
]]></content:encoded>
	</item>
</channel>
</rss>
