<?xml version="1.0" encoding="UTF-8"?><rss version="2.0"
	xmlns:content="http://purl.org/rss/1.0/modules/content/"
	xmlns:wfw="http://wellformedweb.org/CommentAPI/"
	xmlns:dc="http://purl.org/dc/elements/1.1/"
	xmlns:atom="http://www.w3.org/2005/Atom"
	xmlns:sy="http://purl.org/rss/1.0/modules/syndication/"
	xmlns:slash="http://purl.org/rss/1.0/modules/slash/"
	>

<channel>
	<title>cs4bum</title>
	<atom:link href="./index.html" rel="self" type="application/rss+xml" />
	<link>./../index.html</link>
	<description>Algorithms, data structures, brain teasers, etc.</description>
	<lastBuildDate>Sat, 06 Oct 2012 06:38:03 +0000</lastBuildDate>
	<language>en-US</language>
	<sy:updatePeriod>hourly</sy:updatePeriod>
	<sy:updateFrequency>1</sy:updateFrequency>
	<generator>https://wordpress.org/?v=4.4.17</generator>
	<item>
		<title>Type of Copy Operations in Python</title>
		<link>./../2012/10/05/type-of-copy-operations-in-python/index.html</link>
		<comments>./../2012/10/05/type-of-copy-operations-in-python/index.html#respond</comments>
		<pubDate>Sat, 06 Oct 2012 06:37:08 +0000</pubDate>
		<dc:creator><![CDATA[okomestudio]]></dc:creator>
				<category><![CDATA[Uncategorized]]></category>
		<category><![CDATA[Python]]></category>

		<guid isPermaLink="false">./../index.html?p=200</guid>
		<description><![CDATA[What is the difference between shallow and deep copy operation in Python? The difference is relevant only for a compound object (i.e., an object which contains other object(s)). Shallow copy constructs a new object which has the reference(s) to the same object(s) in the original compound object; the references point to the same objects. Deep [&#8230;]]]></description>
				<content:encoded><![CDATA[<blockquote><p>What is the difference between shallow and deep copy operation in Python?</p></blockquote>
<p>The difference is relevant only for a compound object (i.e., an object which contains other object(s)).  Shallow copy constructs a new object which has the reference(s) to the same object(s) in the original compound object; the references point to the same objects.  Deep copy constructs a new object consisting of the copies of the objects contained in the original compound object; they are distinct objects.  See the example code below.</p>
<pre class="brush: python; light: false; title: ; toolbar: true; notranslate">import copy

# src is a compound object, a dict object containing list objects:
src = {'a': [1, 2, 3],
       'b': [4, 5, 6],
       'c': [7, 8, 9]}
print src
print 

# a new dict object with references to the original lists:
shallow_copied = copy.copy(src)
print shallow_copied

# a new dict object with copies of the original lists:
deep_copied = copy.deepcopy(src)
print deep_copied

# accessing and changing an element of the original list:
shallow_copied['b'][2] = 10

# accessing and changing an element of a copy of the original list:
deep_copied['c'][2] = 3

print 
print src
print shallow_copied
print deep_copied</pre>
<p>The output is:</p>
<pre class="brush: bash; light: false; title: ; toolbar: true; notranslate">$ python type_of_copies.py 
{'a': [1, 2, 3], 'c': [7, 8, 9], 'b': [4, 5, 6]}

{'a': [1, 2, 3], 'c': [7, 8, 9], 'b': [4, 5, 6]}
{'a': [1, 2, 3], 'c': [7, 8, 9], 'b': [4, 5, 6]}

{'a': [1, 2, 3], 'c': [7, 8, 9], 'b': [4, 5, 10]}
{'a': [1, 2, 3], 'c': [7, 8, 9], 'b': [4, 5, 10]}
{'a': [1, 2, 3], 'c': [7, 8, 3], 'b': [4, 5, 6]}</pre>
]]></content:encoded>
			<wfw:commentRss>./../2012/10/05/type-of-copy-operations-in-python/feed/index.html</wfw:commentRss>
		<slash:comments>0</slash:comments>
		</item>
		<item>
		<title>Quicksort</title>
		<link>./../2012/09/09/quicksort/index.html</link>
		<comments>./../2012/09/09/quicksort/index.html#respond</comments>
		<pubDate>Sun, 09 Sep 2012 09:44:48 +0000</pubDate>
		<dc:creator><![CDATA[okomestudio]]></dc:creator>
				<category><![CDATA[Uncategorized]]></category>
		<category><![CDATA[algorithm]]></category>
		<category><![CDATA[Python]]></category>
		<category><![CDATA[quicksort]]></category>
		<category><![CDATA[recursion]]></category>
		<category><![CDATA[sort]]></category>

		<guid isPermaLink="false">./../index.html?p=196</guid>
		<description><![CDATA[Python]]></description>
				<content:encoded><![CDATA[<h3>Python</h3>
<pre class="brush: python; light: false; title: ; toolbar: true; notranslate">from random import randint


def quicksort(arr):
    if len(arr) &lt;= 1:
        return arr
    ipivot = len(arr) / 2
    pivot = arr[ipivot]
    less, greater = [], []
    for i in range(len(arr)):
        if i == ipivot:
            continue
        if arr[i] &lt; pivot:
            less.append(arr[i])
        else:
            greater.append(arr[i])
    return quicksort(less) + [pivot] + quicksort(greater)


def main():
    arr = [randint(0, 1000) for i in range(100)]
    arr2 = quicksort(arr)
    print arr
    print arr2
    arr.sort()
    assert arr == arr2


if __name__ == '__main__':
    main()</pre>
]]></content:encoded>
			<wfw:commentRss>./../2012/09/09/quicksort/feed/index.html</wfw:commentRss>
		<slash:comments>0</slash:comments>
		</item>
		<item>
		<title>Merge sort</title>
		<link>./../2012/09/09/merge-sort/index.html</link>
		<comments>./../2012/09/09/merge-sort/index.html#respond</comments>
		<pubDate>Sun, 09 Sep 2012 09:30:57 +0000</pubDate>
		<dc:creator><![CDATA[okomestudio]]></dc:creator>
				<category><![CDATA[Uncategorized]]></category>
		<category><![CDATA[algorithm]]></category>
		<category><![CDATA[Python]]></category>
		<category><![CDATA[recursion]]></category>
		<category><![CDATA[sort]]></category>

		<guid isPermaLink="false">./../index.html?p=194</guid>
		<description><![CDATA[Python]]></description>
				<content:encoded><![CDATA[<h3>Python</h3>
<pre class="brush: python; light: false; title: ; toolbar: true; notranslate">from random import randint


def merge(left, right):
    arr = []
    i, j = 0, 0
    while True:
        if i == len(left):
            arr.extend(right[j:])
            break
        elif j == len(right):
            arr.extend(left[i:])
            break
        if left[i] &lt; right[j]:
            arr.append(left[i])
            i += 1
        else:
            arr.append(right[j])
            j += 1
    return arr


def merge_sort(arr):
    if len(arr) &lt;= 1:
        return arr
    imid = len(arr) / 2
    left = arr[:imid]
    right = arr[imid:]
    left = merge_sort(left)
    right = merge_sort(right)
    return merge(left, right)


def main():
    arr = [randint(0, 100) for i in range(100)]
    arr2 = merge_sort(arr)
    print arr
    print arr2
    arr.sort()
    assert arr == arr2


if __name__ == '__main__':
    main()</pre>
]]></content:encoded>
			<wfw:commentRss>./../2012/09/09/merge-sort/feed/index.html</wfw:commentRss>
		<slash:comments>0</slash:comments>
		</item>
		<item>
		<title>Selection sort</title>
		<link>./../2012/09/09/selection-sort/index.html</link>
		<comments>./../2012/09/09/selection-sort/index.html#respond</comments>
		<pubDate>Sun, 09 Sep 2012 09:06:50 +0000</pubDate>
		<dc:creator><![CDATA[okomestudio]]></dc:creator>
				<category><![CDATA[Uncategorized]]></category>
		<category><![CDATA[algorithm]]></category>
		<category><![CDATA[Python]]></category>
		<category><![CDATA[selection sort]]></category>
		<category><![CDATA[sort]]></category>

		<guid isPermaLink="false">./../index.html?p=192</guid>
		<description><![CDATA[Python]]></description>
				<content:encoded><![CDATA[<h3>Python</h3>
<pre class="brush: python; light: false; title: ; toolbar: true; notranslate">from random import randint


def selection_sort(arr):
    for i in range(0, len(arr), 1):
        imin = i
        for j in range(i + 1, len(arr), 1):
            if arr[j] &lt; arr[imin]:
                imin = j
        t = arr[i]
        arr[i] = arr[imin]
        arr[imin] = t


def main():
    arr = [randint(0, 100) for i in range(10)]
    print arr
    selection_sort(arr)
    print arr


if __name__ == '__main__':
    main()</pre>
]]></content:encoded>
			<wfw:commentRss>./../2012/09/09/selection-sort/feed/index.html</wfw:commentRss>
		<slash:comments>0</slash:comments>
		</item>
		<item>
		<title>Bubble sort</title>
		<link>./../2012/09/09/bubble-sort/index.html</link>
		<comments>./../2012/09/09/bubble-sort/index.html#respond</comments>
		<pubDate>Sun, 09 Sep 2012 08:56:26 +0000</pubDate>
		<dc:creator><![CDATA[okomestudio]]></dc:creator>
				<category><![CDATA[Uncategorized]]></category>
		<category><![CDATA[algorithm]]></category>
		<category><![CDATA[bubble sort]]></category>
		<category><![CDATA[Python]]></category>
		<category><![CDATA[sort]]></category>

		<guid isPermaLink="false">./../index.html?p=190</guid>
		<description><![CDATA[Python]]></description>
				<content:encoded><![CDATA[<h3>Python</h3>
<pre class="brush: python; light: false; title: ; toolbar: true; notranslate">from random import randint


def bubble_sort(arr):
    swapped = True
    while swapped:
        swapped = False
        for i in range(len(arr) - 1):
            if arr[i] &gt; arr[i+1]:
                t = arr[i+1]
                arr[i+1] = arr[i]
                arr[i] = t
                swapped = True
    return arr


def main():
    arr = [randint(0, 100) for i in range(50)]
    print arr
    bubble_sort(arr)
    print arr


if __name__ == '__main__':
    main()</pre>
]]></content:encoded>
			<wfw:commentRss>./../2012/09/09/bubble-sort/feed/index.html</wfw:commentRss>
		<slash:comments>0</slash:comments>
		</item>
		<item>
		<title>The second largest element in a binary search tree</title>
		<link>./../2012/09/09/the-second-largest-element-in-a-binary-search-tree/index.html</link>
		<comments>./../2012/09/09/the-second-largest-element-in-a-binary-search-tree/index.html#respond</comments>
		<pubDate>Sun, 09 Sep 2012 08:32:01 +0000</pubDate>
		<dc:creator><![CDATA[okomestudio]]></dc:creator>
				<category><![CDATA[Uncategorized]]></category>
		<category><![CDATA[algorithm]]></category>
		<category><![CDATA[binary search tree]]></category>
		<category><![CDATA[data structure]]></category>
		<category><![CDATA[Python]]></category>
		<category><![CDATA[recursion]]></category>

		<guid isPermaLink="false">./../index.html?p=187</guid>
		<description><![CDATA[Find the second largest element in a binary search tree. Python]]></description>
				<content:encoded><![CDATA[<blockquote><p>Find the second largest element in a binary search tree.</p></blockquote>
<h3>Python</h3>
<pre class="brush: python; light: false; title: ; toolbar: true; notranslate">from numpy.random import randint


def insert(bst, key):
    &quot;&quot;&quot;Insert a key to BST&quot;&quot;&quot;
    if bst is None:
        return [key, None, None]
    elif key &lt; bst[0]:
        bst[1] = insert(bst[1], key)
        return bst
    else:
        bst[2] = insert(bst[2], key)
        return bst


def get_max_node(node):
    &quot;&quot;&quot;Given a node in a BST, find the node with max key.&quot;&quot;&quot;
    if node is None:
        return None
    if node[2] is None:
        return node
    return get_max_node(node[2])


def find_second_largest(node):
    if node is None:
        return None

    # if the current node is the max, the second largest is the max
    # node on the left tree.
    if node[1] is not None and node[2] is None:
        return get_max_node(node[1])

    # if the right child node is the max, the current node is the
    # second largest.
    if node[2] is not None:
        if node[2][1] is None and node[2][2] is None:
            return node

    # otherwise, move on to the right child.
    return find_second_largest(node[2])


def main():
    # random data
    xs = randint(0, 100, size=20)

    # build BST
    bst = None
    for x in xs:
        bst = insert(bst, x)
    
    sl = find_second_largest(bst)

    # check answer
    xs.sort()
    print sl[0], xs[-2]
    assert sl[0] == xs[-2]
    

if __name__ == '__main__':
    main()</pre>
]]></content:encoded>
			<wfw:commentRss>./../2012/09/09/the-second-largest-element-in-a-binary-search-tree/feed/index.html</wfw:commentRss>
		<slash:comments>0</slash:comments>
		</item>
		<item>
		<title>Greatest common divisor of two non-zero integers</title>
		<link>./../2012/09/08/greatest-common-divisor-of-two-non-zero-integers/index.html</link>
		<comments>./../2012/09/08/greatest-common-divisor-of-two-non-zero-integers/index.html#respond</comments>
		<pubDate>Sun, 09 Sep 2012 04:24:56 +0000</pubDate>
		<dc:creator><![CDATA[okomestudio]]></dc:creator>
				<category><![CDATA[Uncategorized]]></category>
		<category><![CDATA[algorithm]]></category>
		<category><![CDATA[Euclid's method]]></category>
		<category><![CDATA[numerical method]]></category>
		<category><![CDATA[Python]]></category>

		<guid isPermaLink="false">./../index.html?p=184</guid>
		<description><![CDATA[Compute the greatest common divisor of two non-zero integers. Use Euclid&#8217;s algorithm. Python]]></description>
				<content:encoded><![CDATA[<blockquote><p>Compute the greatest common divisor of two non-zero integers.</p></blockquote>
<p>Use Euclid&#8217;s algorithm.</p>
<h3>Python</h3>
<pre class="brush: python; light: false; title: ; toolbar: true; notranslate">def gcd(a, b):
    a, b = abs(a), abs(b)
    a, b = (a, b) if a &gt; b else (b, a)
    d = a - b
    while b % d != 0:
        a = b
        b = d
        d = a - b
    return d


def main():
    n = 4
    a, b = 4*n, 7*n

    print a, b
    print gcd(a, b)


if __name__ == '__main__':
    main()</pre>
]]></content:encoded>
			<wfw:commentRss>./../2012/09/08/greatest-common-divisor-of-two-non-zero-integers/feed/index.html</wfw:commentRss>
		<slash:comments>0</slash:comments>
		</item>
		<item>
		<title>Reconstructing a binary tree from pre-order and in-order traversals</title>
		<link>./../2012/09/08/reconstructing-a-binary-tree/index.html</link>
		<comments>./../2012/09/08/reconstructing-a-binary-tree/index.html#respond</comments>
		<pubDate>Sat, 08 Sep 2012 23:09:53 +0000</pubDate>
		<dc:creator><![CDATA[okomestudio]]></dc:creator>
				<category><![CDATA[Uncategorized]]></category>
		<category><![CDATA[algorithm]]></category>
		<category><![CDATA[binary tree]]></category>
		<category><![CDATA[data structure]]></category>
		<category><![CDATA[Python]]></category>
		<category><![CDATA[recursion]]></category>

		<guid isPermaLink="false">./../index.html?p=178</guid>
		<description><![CDATA[Given pre-order and in-order traversal of a tree, reconstruct the binary tree. Python]]></description>
				<content:encoded><![CDATA[<blockquote><p>Given pre-order and in-order traversal of a tree, reconstruct the binary tree.</p></blockquote>
<h3>Python</h3>
<pre class="brush: python; light: false; title: ; toolbar: true; notranslate">#!/usr/bin/env python2.6
#
# Problem:
#
#   Given pre-order and in-order traversal of a tree, reconstruct the
#   binary tree.


def find_bt(preorder, inorder):
    if len(preorder) == 0 and len(inorder) == 0:
        return None

    key = preorder[0]
    bt = [key, None, None]
    
    idx = inorder.index(key)

    bt[1] = find_bt(preorder[1:1+idx], inorder[:idx])
    bt[2] = find_bt(preorder[1+idx:], inorder[idx+1:])

    return bt


def main():
    preorder = [7, 10, 4, 3, 1, 2, 8, 11]
    inorder = [4, 10, 3, 1, 7, 11, 8, 2]

    bt = find_bt(preorder, inorder)

    # binary tree in Python can be represented by a list of lists
    # [key, left, right]
    print bt


if __name__ == '__main__':
    main()</pre>
]]></content:encoded>
			<wfw:commentRss>./../2012/09/08/reconstructing-a-binary-tree/feed/index.html</wfw:commentRss>
		<slash:comments>0</slash:comments>
		</item>
		<item>
		<title>Swapping integers without temporary storage</title>
		<link>./../2012/09/06/swapping-integers-without-temporary-storage/index.html</link>
		<comments>./../2012/09/06/swapping-integers-without-temporary-storage/index.html#respond</comments>
		<pubDate>Fri, 07 Sep 2012 01:27:33 +0000</pubDate>
		<dc:creator><![CDATA[okomestudio]]></dc:creator>
				<category><![CDATA[Uncategorized]]></category>
		<category><![CDATA[algorithm]]></category>
		<category><![CDATA[bit operation]]></category>
		<category><![CDATA[brain teaser]]></category>
		<category><![CDATA[Cpp]]></category>

		<guid isPermaLink="false">./../index.html?p=175</guid>
		<description><![CDATA[Swap two integers without using temporary variable. Use the properties of XOR bit operation. C++]]></description>
				<content:encoded><![CDATA[<blockquote><p>Swap two integers without using temporary variable.</p></blockquote>
<p>Use the properties of <a href="http://en.wikipedia.org/wiki/XOR_swap_algorithm">XOR bit operation</a>.</p>
<h3>C++</h3>
<pre class="brush: cpp; light: false; title: ; toolbar: true; notranslate">#include &lt;iostream&gt;

using namespace std;


// swap without using a temporary storage.
void swap(int &amp;a, int &amp;b)
{
  if (a != b) {
    b = a ^ b;
    a = a ^ b;
    b = a ^ b;
  }
}


// without bit operation
void swap2(int &amp;a, int &amp;b)
{
  b = a - b;
  a = a - b;
  b = b + a;
}


int main()
{
  int const A = -9, B = 2;
  int a, b;

  cout &lt;&lt; &quot;Numbers to be swapped:&quot; &lt;&lt; endl;
  cout &lt;&lt; A &lt;&lt; ' ' &lt;&lt; B &lt;&lt; endl;

  cout &lt;&lt; endl;
  cout &lt;&lt; &quot;Swapped:&quot; &lt;&lt; endl;

  a = A;
  b = B;
  swap(a, b);
  cout &lt;&lt; a &lt;&lt; ' ' &lt;&lt; b &lt;&lt; endl;

  a = A;
  b = B;
  swap2(a, b);
  cout &lt;&lt; a &lt;&lt; ' ' &lt;&lt; b &lt;&lt; endl;

  return 0;
}</pre>
]]></content:encoded>
			<wfw:commentRss>./../2012/09/06/swapping-integers-without-temporary-storage/feed/index.html</wfw:commentRss>
		<slash:comments>0</slash:comments>
		</item>
		<item>
		<title>Shortest path in a maze</title>
		<link>./../2012/09/06/shortest-path-in-a-maze/index.html</link>
		<comments>./../2012/09/06/shortest-path-in-a-maze/index.html#respond</comments>
		<pubDate>Thu, 06 Sep 2012 22:21:16 +0000</pubDate>
		<dc:creator><![CDATA[okomestudio]]></dc:creator>
				<category><![CDATA[Uncategorized]]></category>
		<category><![CDATA[algorithm]]></category>
		<category><![CDATA[BFS]]></category>
		<category><![CDATA[Cpp]]></category>
		<category><![CDATA[data structure]]></category>
		<category><![CDATA[queue]]></category>

		<guid isPermaLink="false">./../index.html?p=173</guid>
		<description><![CDATA[Given a maze of size N by M constituting of hallways and walls, find the shortest path from the beginning and ending points. Assume that you can only move vertically or horizontally by one at a turn. Assume there is at least one way to go from the beginning to the end. Use the breadth-first [&#8230;]]]></description>
				<content:encoded><![CDATA[<blockquote><p>Given a maze of size N by M constituting of hallways and walls, find the shortest path from the beginning and ending points.  Assume that you can only move vertically or horizontally by one at a turn.  Assume there is at least one way to go from the beginning to the end.</p></blockquote>
<p>Use the breadth-first search algorithm.</p>
<h3>C++</h3>
<pre class="brush: cpp; light: false; title: ; toolbar: true; notranslate">#include &lt;iostream&gt;
#include &lt;tuple&gt;
#include &lt;queue&gt;
#include &lt;vector&gt;

using namespace std;

typedef pair&lt;int, int&gt; Pair;


// a maze consists of N x M grids
static int const N = 12;
static int const M = 8;


int find_shortest_path(char maze[][M], Pair const &amp;beg, Pair const &amp;end)
{
  // stores distance from the begining, negative for unvisited
  int dist[N][M];
  for (int y = 0; y &lt; N; ++y)
    for (int x = 0; x &lt; M; ++x)
      dist[y][x] = -99;

  // can move in four directions
  vector&lt;Pair&gt; dmove;
  dmove.push_back(Pair(0, -1));
  dmove.push_back(Pair(0, +1));
  dmove.push_back(Pair(-1, 0));
  dmove.push_back(Pair(+1, 0));

  // use BFS.  the queue stores unvisited positions.
  queue&lt;Pair&gt; q;

  // start from the begining point
  q.push(beg);
  dist[beg.first][beg.second] = 0;

  while (! q.empty()) {
    // p is current position
    Pair p = q.front();
    q.pop();

    // if this is the ending position, finish.
    if (p.first == end.first &amp;&amp; p.second == end.second)
      break;

    // find adjacent unvisited positions
    for (vector&lt;Pair&gt;::iterator it = dmove.begin(); it != dmove.end(); ++it) {
      int y = p.first + it-&gt;first;
      int x = p.second + it-&gt;second;
      // ensure the new position is unvisited and visitable
      if (x &gt;= 0 &amp;&amp; x &lt; M &amp;&amp; y &gt;= 0 &amp;&amp; y &lt; N &amp;&amp; maze[y][x] != '*'
          &amp;&amp; dist[y][x] &lt; 0) {
        // put the unvisited position in the queue
        q.push(Pair(y, x));
        
        // update the distance at the unvisited position
        dist[y][x] = dist[p.first][p.second] + 1;
      }
    }
  }

  return dist[end.first][end.second];
}


void show_maze(char c[][M], Pair const &amp;beg, Pair const &amp;end)
{
  // '*' = wall, 'b' = starting point, 'e' = ending point
  c[beg.first][beg.second] = 'b';
  c[end.first][end.second] = 'e';
  for (int y = 0; y &lt; N; ++y) {
    for (int x = 0; x &lt; M; ++x) {
      cout &lt;&lt; c[y][x];
    }
    cout &lt;&lt; endl;
  }
}


int main()
{
  // define a maze, begining and ending points
  char maze[N][M] = {{' ', '*', ' ', ' ', ' ', ' ', ' ', ' '},
                     {' ', '*', '*', '*', '*', ' ', '*', ' '},
                     {' ', ' ', ' ', ' ', '*', ' ', '*', ' '},
                     {'*', '*', ' ', '*', ' ', ' ', '*', ' '},
                     {' ', ' ', ' ', '*', '*', ' ', '*', '*'},
                     {' ', '*', '*', '*', ' ', ' ', ' ', ' '},
                     {' ', ' ', ' ', '*', '*', '*', '*', ' '},
                     {'*', '*', ' ', '*', ' ', ' ', ' ', ' '},
                     {' ', ' ', ' ', ' ', ' ', '*', '*', ' '},
                     {' ', '*', '*', '*', ' ', '*', ' ', ' '},
                     {' ', ' ', ' ', '*', ' ', '*', ' ', '*'},
                     {'*', '*', ' ', ' ', ' ', '*', ' ', ' '}};
  Pair beg(2, 3);
  Pair end(11, 7);

  show_maze(maze, beg, end);
  
  int shortest_path = find_shortest_path(maze, beg, end);
  cout &lt;&lt; shortest_path &lt;&lt; endl;

  return 0;
}</pre>
]]></content:encoded>
			<wfw:commentRss>./../2012/09/06/shortest-path-in-a-maze/feed/index.html</wfw:commentRss>
		<slash:comments>0</slash:comments>
		</item>
	</channel>
</rss>
