<?xml version="1.0" encoding="UTF-8"?><rss version="2.0"
	xmlns:content="http://purl.org/rss/1.0/modules/content/"
	xmlns:dc="http://purl.org/dc/elements/1.1/"
	xmlns:atom="http://www.w3.org/2005/Atom"
	xmlns:sy="http://purl.org/rss/1.0/modules/syndication/"
	
	>
<channel>
	<title>Comments on: Using NTP Server to Synchronize Time on Debian Lenny</title>
	<atom:link href="./index.html" rel="self" type="application/rss+xml" />
	<link>./../index.html</link>
	<description>Taro Sato&#039;s Memorandum</description>
	<lastBuildDate>Mon, 07 Jan 2019 10:59:38 +0000</lastBuildDate>
	<sy:updatePeriod>hourly</sy:updatePeriod>
	<sy:updateFrequency>1</sy:updateFrequency>
	<generator>https://wordpress.org/?v=4.4.17</generator>
	<item>
		<title>By: Timezone Setting for Windows / Debian Lenny Dual Boot &#171; Biboroku</title>
		<link>./../index.html#comment-9</link>
		<dc:creator><![CDATA[Timezone Setting for Windows / Debian Lenny Dual Boot &#171; Biboroku]]></dc:creator>
		<pubDate>Mon, 23 Mar 2009 01:11:23 +0000</pubDate>
		<guid isPermaLink="false">http://nomo17k.wordpress.com/?p=161#comment-9</guid>
		<description><![CDATA[[...] /etc/default/rcS, change a line to have UTC=no. Then reboot. If you wish, the system time can be then synchronized with the ntp. Possibly related posts: (automatically generated)Using NTP Server to Synchronize Time on Debian [...]]]></description>
		<content:encoded><![CDATA[<p>[&#8230;] /etc/default/rcS, change a line to have UTC=no. Then reboot. If you wish, the system time can be then synchronized with the ntp. Possibly related posts: (automatically generated)Using NTP Server to Synchronize Time on Debian [&#8230;]</p>
]]></content:encoded>
	</item>
</channel>
</rss>
