<?xml version="1.0" encoding="UTF-8"?><rss version="2.0"
	xmlns:content="http://purl.org/rss/1.0/modules/content/"
	xmlns:wfw="http://wellformedweb.org/CommentAPI/"
	xmlns:dc="http://purl.org/dc/elements/1.1/"
	xmlns:atom="http://www.w3.org/2005/Atom"
	xmlns:sy="http://purl.org/rss/1.0/modules/syndication/"
	xmlns:slash="http://purl.org/rss/1.0/modules/slash/"
	>

<channel>
	<title>maximum &#8211; cs4bum</title>
	<atom:link href="./index.html" rel="self" type="application/rss+xml" />
	<link>./../../../index.html</link>
	<description>Algorithms, data structures, brain teasers, etc.</description>
	<lastBuildDate>Sat, 06 Oct 2012 06:38:03 +0000</lastBuildDate>
	<language>en-US</language>
	<sy:updatePeriod>hourly</sy:updatePeriod>
	<sy:updateFrequency>1</sy:updateFrequency>
	<generator>https://wordpress.org/?v=4.4.17</generator>
	<item>
		<title>Bit operation: Finding the max of two integers</title>
		<link>./../../../2012/09/03/bit-operation-finding-the-max-of-two-integers/index.html</link>
		<comments>./../../../2012/09/03/bit-operation-finding-the-max-of-two-integers/index.html#respond</comments>
		<pubDate>Mon, 03 Sep 2012 21:47:59 +0000</pubDate>
		<dc:creator><![CDATA[okomestudio]]></dc:creator>
				<category><![CDATA[Uncategorized]]></category>
		<category><![CDATA[algorithm]]></category>
		<category><![CDATA[bit operation]]></category>
		<category><![CDATA[C]]></category>
		<category><![CDATA[maximum]]></category>

		<guid isPermaLink="false">./../../../index.html?p=138</guid>
		<description><![CDATA[Write a function which computes the maximum of two integers without using if-else or comparison operators. Assuming integers are represented by two&#8217;s compliment, the following works, so long as the difference of two numbers (x &#8211; y) are within INT_MIN and INT_MAX (i.e., does not overflow). C]]></description>
				<content:encoded><![CDATA[<blockquote><p>Write a function which computes the maximum of two integers without using if-else or comparison operators.</p></blockquote>
<p>Assuming integers are represented by two&#8217;s compliment, the following works, so long as the difference of two numbers (x &#8211; y) are within INT_MIN and INT_MAX (i.e., does not overflow).</p>
<h3>C</h3>
<pre class="brush: cpp; light: false; title: ; toolbar: true; notranslate">#include &lt;stdio.h&gt;
#include &lt;limits.h&gt;


int maximum(x, y)
{
  return x - ((x - y) &amp; ((x - y) &gt;&gt; (sizeof(int) * CHAR_BIT - 1)));
}


int main()
{
  printf(&quot;%d\n&quot;, maximum(3, 7));
  printf(&quot;%d\n&quot;, maximum(11, 7));
  printf(&quot;%d\n&quot;, maximum(0, 0));
  printf(&quot;%d\n&quot;, maximum(-23, -3));
  printf(&quot;%d\n&quot;, maximum(-23, 7));
  printf(&quot;%d\n&quot;, maximum(2147483643, -22222222)); // overflows
  return 0;
}</pre>
]]></content:encoded>
			<wfw:commentRss>./../../../2012/09/03/bit-operation-finding-the-max-of-two-integers/feed/index.html</wfw:commentRss>
		<slash:comments>0</slash:comments>
		</item>
	</channel>
</rss>
