<?xml version="1.0" encoding="UTF-8"?><rss version="2.0"
	xmlns:content="http://purl.org/rss/1.0/modules/content/"
	xmlns:dc="http://purl.org/dc/elements/1.1/"
	xmlns:atom="http://www.w3.org/2005/Atom"
	xmlns:sy="http://purl.org/rss/1.0/modules/syndication/"
	
	>
<channel>
	<title>Comments on: Installing Bruzual &#038; Charlot 2003 (GALAXEV) on Debian Squeeze</title>
	<atom:link href="./index.html" rel="self" type="application/rss+xml" />
	<link>./../index.html</link>
	<description>Taro Sato&#039;s Memorandum</description>
	<lastBuildDate>Mon, 07 Jan 2019 10:59:38 +0000</lastBuildDate>
	<sy:updatePeriod>hourly</sy:updatePeriod>
	<sy:updateFrequency>1</sy:updateFrequency>
	<generator>https://wordpress.org/?v=4.4.17</generator>
	<item>
		<title>By: Taro</title>
		<link>./../index.html#comment-73671</link>
		<dc:creator><![CDATA[Taro]]></dc:creator>
		<pubDate>Tue, 01 Jul 2014 22:36:26 +0000</pubDate>
		<guid isPermaLink="false">http://nomo17k.wordpress.com/?p=1009#comment-73671</guid>
		<description><![CDATA[Zhuchang -- I suspect that gfortran might be too up-to-date for the B&amp;C FORTRAN code. (Many programs in astronomy use obsolete tools.) If you have a FORTRAN 77 compatible compiler, I would try compiling using that compiler. The problem might be the difference in FORTRAN version.]]></description>
		<content:encoded><![CDATA[<p>Zhuchang &#8212; I suspect that gfortran might be too up-to-date for the B&#038;C FORTRAN code. (Many programs in astronomy use obsolete tools.) If you have a FORTRAN 77 compatible compiler, I would try compiling using that compiler. The problem might be the difference in FORTRAN version.</p>
]]></content:encoded>
	</item>
	<item>
		<title>By: Zhuchang Zhan</title>
		<link>./../index.html#comment-72922</link>
		<dc:creator><![CDATA[Zhuchang Zhan]]></dc:creator>
		<pubDate>Tue, 17 Jun 2014 19:05:40 +0000</pubDate>
		<guid isPermaLink="false">http://nomo17k.wordpress.com/?p=1009#comment-72922</guid>
		<description><![CDATA[Hi, I&#039;ve encountered a problem when installing the program.

I&#039;m currently using a mac mountain lion and using gfortran. I followed the step above. Everything seems to work right until the final step to make all. The result would end up with the error message below.

make public_utilities.a
gfortran -ffixed-line-length-132 -c file_header.f
file_header.f:42.8:

     *  &#039; (includes processed gas recycling)&#039;,16X,&#039;I&#039;)                         
        1
Warning: Extension: Tab character in format at (1)
file_header.f:57.8:

     *  &#039; (does not include processed gas recycling)&#039;, 8X,&#039;I&#039;)                 
        1
Warning: Extension: Tab character in format at (1)
file_header.f:84.132:

                    from m     to m     segment    of stars      c&#039;,24x,&#039;I&#039;
                                                                           1
Error: Unexpected end of format string in format string at (1)
file_header.f:99.132:

                x   from m     to m     segment    of stars      c&#039;,24x,&#039;I&#039;
                                                                           1
Error: Unexpected end of format string in format string at (1)
file_header.f:118.8:

     *  &#039;#&#039;,10x,&#039;I&#039;,14x,&#039;Ho=&#039;,f4.0,2x,&#039;Omega=&#039;,f4.2,2x,&#039;Omega_lambda=&#039;,f4.2,2x,
        1
Warning: Extension: Tab character in format at (1)
file_header.f:83.23:

         write (iun,223)                                                       
                       1
Error: FORMAT label 223 at (1) not defined
file_header.f:98.23:

         write (iun,213)                                                       
                       1
Error: FORMAT label 213 at (1) not defined
make[1]: *** [file_header.o] Error 1
make: *** [all] Error 2]]></description>
		<content:encoded><![CDATA[<p>Hi, I&#8217;ve encountered a problem when installing the program.</p>
<p>I&#8217;m currently using a mac mountain lion and using gfortran. I followed the step above. Everything seems to work right until the final step to make all. The result would end up with the error message below.</p>
<p>make public_utilities.a<br />
gfortran -ffixed-line-length-132 -c file_header.f<br />
file_header.f:42.8:</p>
<p>     *  &#8216; (includes processed gas recycling)&#8217;,16X,&#8217;I&#8217;)<br />
        1<br />
Warning: Extension: Tab character in format at (1)<br />
file_header.f:57.8:</p>
<p>     *  &#8216; (does not include processed gas recycling)&#8217;, 8X,&#8217;I&#8217;)<br />
        1<br />
Warning: Extension: Tab character in format at (1)<br />
file_header.f:84.132:</p>
<p>                    from m     to m     segment    of stars      c&#8217;,24x,&#8217;I&#8217;<br />
                                                                           1<br />
Error: Unexpected end of format string in format string at (1)<br />
file_header.f:99.132:</p>
<p>                x   from m     to m     segment    of stars      c&#8217;,24x,&#8217;I&#8217;<br />
                                                                           1<br />
Error: Unexpected end of format string in format string at (1)<br />
file_header.f:118.8:</p>
<p>     *  &#8216;#&#8217;,10x,&#8217;I&#8217;,14x,&#8217;Ho=&#8217;,f4.0,2x,&#8217;Omega=&#8217;,f4.2,2x,&#8217;Omega_lambda=&#8217;,f4.2,2x,<br />
        1<br />
Warning: Extension: Tab character in format at (1)<br />
file_header.f:83.23:</p>
<p>         write (iun,223)<br />
                       1<br />
Error: FORMAT label 223 at (1) not defined<br />
file_header.f:98.23:</p>
<p>         write (iun,213)<br />
                       1<br />
Error: FORMAT label 213 at (1) not defined<br />
make[1]: *** [file_header.o] Error 1<br />
make: *** [all] Error 2</p>
]]></content:encoded>
	</item>
	<item>
		<title>By: nomo17k</title>
		<link>./../index.html#comment-105</link>
		<dc:creator><![CDATA[nomo17k]]></dc:creator>
		<pubDate>Fri, 29 Oct 2010 15:52:11 +0000</pubDate>
		<guid isPermaLink="false">http://nomo17k.wordpress.com/?p=1009#comment-105</guid>
		<description><![CDATA[Bri -- Yeah I think I can reproduce what you&#039;re saying here.  Need to see what fixes this...

By the way new models from Charlot &#038; Bruzual are available already.  They also gave me new source codes (with bug fixes, improvements and all), which may or may not be related to the problems here.  If you want to try their new models you&#039;ll have to contact them directly; they are nice enough to give you access...]]></description>
		<content:encoded><![CDATA[<p>Bri &#8212; Yeah I think I can reproduce what you&#8217;re saying here.  Need to see what fixes this&#8230;</p>
<p>By the way new models from Charlot &amp; Bruzual are available already.  They also gave me new source codes (with bug fixes, improvements and all), which may or may not be related to the problems here.  If you want to try their new models you&#8217;ll have to contact them directly; they are nice enough to give you access&#8230;</p>
]]></content:encoded>
	</item>
	<item>
		<title>By: Bri</title>
		<link>./../index.html#comment-104</link>
		<dc:creator><![CDATA[Bri]]></dc:creator>
		<pubDate>Thu, 28 Oct 2010 14:54:20 +0000</pubDate>
		<guid isPermaLink="false">http://nomo17k.wordpress.com/?p=1009#comment-104</guid>
		<description><![CDATA[I have Leopard and fink... with supposedly the newest gcc and gfortran version and the newest available Xcode... I saw that there are no mac instructions, just linux. But it turns out that it mostly works... The big difference is this:
#FC =  g77 -ffixed-line-length-132  # comment out this line and add:
FC = gfortran -ffixed-line-length-none
... in the Makefile. I still had lots of warnings (complaining about tab errors?) but at least it ran with no Fatal Errors. So the source codes compile, but when I try to run galaxevpl it doesn&#039;t always take my input but uses the default values, also sometimes extra &#039;returns&#039; are required. So I think there is something still amiss here. Any suggestions?]]></description>
		<content:encoded><![CDATA[<p>I have Leopard and fink&#8230; with supposedly the newest gcc and gfortran version and the newest available Xcode&#8230; I saw that there are no mac instructions, just linux. But it turns out that it mostly works&#8230; The big difference is this:<br />
#FC =  g77 -ffixed-line-length-132  # comment out this line and add:<br />
FC = gfortran -ffixed-line-length-none<br />
&#8230; in the Makefile. I still had lots of warnings (complaining about tab errors?) but at least it ran with no Fatal Errors. So the source codes compile, but when I try to run galaxevpl it doesn&#8217;t always take my input but uses the default values, also sometimes extra &#8216;returns&#8217; are required. So I think there is something still amiss here. Any suggestions?</p>
]]></content:encoded>
	</item>
	<item>
		<title>By: Installing Bruzual &#38; Charlot 2003 (GALAXEV) on Mac OS X Snow Leopard &#171; Biboroku</title>
		<link>./../index.html#comment-103</link>
		<dc:creator><![CDATA[Installing Bruzual &#38; Charlot 2003 (GALAXEV) on Mac OS X Snow Leopard &#171; Biboroku]]></dc:creator>
		<pubDate>Tue, 19 Oct 2010 18:44:39 +0000</pubDate>
		<guid isPermaLink="false">http://nomo17k.wordpress.com/?p=1009#comment-103</guid>
		<description><![CDATA[[...] can follow the same procedure for Linux, except that csh probably is already installed at /bin/csh and gfortran needs to be installed [...]]]></description>
		<content:encoded><![CDATA[<p>[&#8230;] can follow the same procedure for Linux, except that csh probably is already installed at /bin/csh and gfortran needs to be installed [&#8230;]</p>
]]></content:encoded>
	</item>
</channel>
</rss>
