<?xml version="1.0" encoding="UTF-8"?><rss version="2.0"
	xmlns:content="http://purl.org/rss/1.0/modules/content/"
	xmlns:dc="http://purl.org/dc/elements/1.1/"
	xmlns:atom="http://www.w3.org/2005/Atom"
	xmlns:sy="http://purl.org/rss/1.0/modules/syndication/"
	
	>
<channel>
	<title>Comments on: Installing NumPy, SciPy, &#038; Matplotlib on Debian Lenny (AMD64) with Python 2.6</title>
	<atom:link href="./index.html" rel="self" type="application/rss+xml" />
	<link>./../index.html</link>
	<description>Taro Sato&#039;s Memorandum</description>
	<lastBuildDate>Mon, 07 Jan 2019 10:59:38 +0000</lastBuildDate>
	<sy:updatePeriod>hourly</sy:updatePeriod>
	<sy:updateFrequency>1</sy:updateFrequency>
	<generator>https://wordpress.org/?v=4.4.17</generator>
	<item>
		<title>By: Alex</title>
		<link>./../index.html#comment-44</link>
		<dc:creator><![CDATA[Alex]]></dc:creator>
		<pubDate>Thu, 15 Apr 2010 19:18:36 +0000</pubDate>
		<guid isPermaLink="false">http://nomo17k.wordpress.com/?p=675#comment-44</guid>
		<description><![CDATA[Well done, thanks a lot!]]></description>
		<content:encoded><![CDATA[<p>Well done, thanks a lot!</p>
]]></content:encoded>
	</item>
</channel>
</rss>
