<?xml version="1.0" encoding="UTF-8"?><rss version="2.0"
	xmlns:content="http://purl.org/rss/1.0/modules/content/"
	xmlns:wfw="http://wellformedweb.org/CommentAPI/"
	xmlns:dc="http://purl.org/dc/elements/1.1/"
	xmlns:atom="http://www.w3.org/2005/Atom"
	xmlns:sy="http://purl.org/rss/1.0/modules/syndication/"
	xmlns:slash="http://purl.org/rss/1.0/modules/slash/"
	>

<channel>
	<title>sort &#8211; cs4bum</title>
	<atom:link href="./index.html" rel="self" type="application/rss+xml" />
	<link>./../../../index.html</link>
	<description>Algorithms, data structures, brain teasers, etc.</description>
	<lastBuildDate>Sat, 06 Oct 2012 06:38:03 +0000</lastBuildDate>
	<language>en-US</language>
	<sy:updatePeriod>hourly</sy:updatePeriod>
	<sy:updateFrequency>1</sy:updateFrequency>
	<generator>https://wordpress.org/?v=4.4.17</generator>
	<item>
		<title>Quicksort</title>
		<link>./../../../2012/09/09/quicksort/index.html</link>
		<comments>./../../../2012/09/09/quicksort/index.html#respond</comments>
		<pubDate>Sun, 09 Sep 2012 09:44:48 +0000</pubDate>
		<dc:creator><![CDATA[okomestudio]]></dc:creator>
				<category><![CDATA[Uncategorized]]></category>
		<category><![CDATA[algorithm]]></category>
		<category><![CDATA[Python]]></category>
		<category><![CDATA[quicksort]]></category>
		<category><![CDATA[recursion]]></category>
		<category><![CDATA[sort]]></category>

		<guid isPermaLink="false">./../../../index.html?p=196</guid>
		<description><![CDATA[Python]]></description>
				<content:encoded><![CDATA[<h3>Python</h3>
<pre class="brush: python; light: false; title: ; toolbar: true; notranslate">from random import randint


def quicksort(arr):
    if len(arr) &lt;= 1:
        return arr
    ipivot = len(arr) / 2
    pivot = arr[ipivot]
    less, greater = [], []
    for i in range(len(arr)):
        if i == ipivot:
            continue
        if arr[i] &lt; pivot:
            less.append(arr[i])
        else:
            greater.append(arr[i])
    return quicksort(less) + [pivot] + quicksort(greater)


def main():
    arr = [randint(0, 1000) for i in range(100)]
    arr2 = quicksort(arr)
    print arr
    print arr2
    arr.sort()
    assert arr == arr2


if __name__ == '__main__':
    main()</pre>
]]></content:encoded>
			<wfw:commentRss>./../../../2012/09/09/quicksort/feed/index.html</wfw:commentRss>
		<slash:comments>0</slash:comments>
		</item>
		<item>
		<title>Merge sort</title>
		<link>./../../../2012/09/09/merge-sort/index.html</link>
		<comments>./../../../2012/09/09/merge-sort/index.html#respond</comments>
		<pubDate>Sun, 09 Sep 2012 09:30:57 +0000</pubDate>
		<dc:creator><![CDATA[okomestudio]]></dc:creator>
				<category><![CDATA[Uncategorized]]></category>
		<category><![CDATA[algorithm]]></category>
		<category><![CDATA[Python]]></category>
		<category><![CDATA[recursion]]></category>
		<category><![CDATA[sort]]></category>

		<guid isPermaLink="false">./../../../index.html?p=194</guid>
		<description><![CDATA[Python]]></description>
				<content:encoded><![CDATA[<h3>Python</h3>
<pre class="brush: python; light: false; title: ; toolbar: true; notranslate">from random import randint


def merge(left, right):
    arr = []
    i, j = 0, 0
    while True:
        if i == len(left):
            arr.extend(right[j:])
            break
        elif j == len(right):
            arr.extend(left[i:])
            break
        if left[i] &lt; right[j]:
            arr.append(left[i])
            i += 1
        else:
            arr.append(right[j])
            j += 1
    return arr


def merge_sort(arr):
    if len(arr) &lt;= 1:
        return arr
    imid = len(arr) / 2
    left = arr[:imid]
    right = arr[imid:]
    left = merge_sort(left)
    right = merge_sort(right)
    return merge(left, right)


def main():
    arr = [randint(0, 100) for i in range(100)]
    arr2 = merge_sort(arr)
    print arr
    print arr2
    arr.sort()
    assert arr == arr2


if __name__ == '__main__':
    main()</pre>
]]></content:encoded>
			<wfw:commentRss>./../../../2012/09/09/merge-sort/feed/index.html</wfw:commentRss>
		<slash:comments>0</slash:comments>
		</item>
		<item>
		<title>Selection sort</title>
		<link>./../../../2012/09/09/selection-sort/index.html</link>
		<comments>./../../../2012/09/09/selection-sort/index.html#respond</comments>
		<pubDate>Sun, 09 Sep 2012 09:06:50 +0000</pubDate>
		<dc:creator><![CDATA[okomestudio]]></dc:creator>
				<category><![CDATA[Uncategorized]]></category>
		<category><![CDATA[algorithm]]></category>
		<category><![CDATA[Python]]></category>
		<category><![CDATA[selection sort]]></category>
		<category><![CDATA[sort]]></category>

		<guid isPermaLink="false">./../../../index.html?p=192</guid>
		<description><![CDATA[Python]]></description>
				<content:encoded><![CDATA[<h3>Python</h3>
<pre class="brush: python; light: false; title: ; toolbar: true; notranslate">from random import randint


def selection_sort(arr):
    for i in range(0, len(arr), 1):
        imin = i
        for j in range(i + 1, len(arr), 1):
            if arr[j] &lt; arr[imin]:
                imin = j
        t = arr[i]
        arr[i] = arr[imin]
        arr[imin] = t


def main():
    arr = [randint(0, 100) for i in range(10)]
    print arr
    selection_sort(arr)
    print arr


if __name__ == '__main__':
    main()</pre>
]]></content:encoded>
			<wfw:commentRss>./../../../2012/09/09/selection-sort/feed/index.html</wfw:commentRss>
		<slash:comments>0</slash:comments>
		</item>
		<item>
		<title>Bubble sort</title>
		<link>./../../../2012/09/09/bubble-sort/index.html</link>
		<comments>./../../../2012/09/09/bubble-sort/index.html#respond</comments>
		<pubDate>Sun, 09 Sep 2012 08:56:26 +0000</pubDate>
		<dc:creator><![CDATA[okomestudio]]></dc:creator>
				<category><![CDATA[Uncategorized]]></category>
		<category><![CDATA[algorithm]]></category>
		<category><![CDATA[bubble sort]]></category>
		<category><![CDATA[Python]]></category>
		<category><![CDATA[sort]]></category>

		<guid isPermaLink="false">./../../../index.html?p=190</guid>
		<description><![CDATA[Python]]></description>
				<content:encoded><![CDATA[<h3>Python</h3>
<pre class="brush: python; light: false; title: ; toolbar: true; notranslate">from random import randint


def bubble_sort(arr):
    swapped = True
    while swapped:
        swapped = False
        for i in range(len(arr) - 1):
            if arr[i] &gt; arr[i+1]:
                t = arr[i+1]
                arr[i+1] = arr[i]
                arr[i] = t
                swapped = True
    return arr


def main():
    arr = [randint(0, 100) for i in range(50)]
    print arr
    bubble_sort(arr)
    print arr


if __name__ == '__main__':
    main()</pre>
]]></content:encoded>
			<wfw:commentRss>./../../../2012/09/09/bubble-sort/feed/index.html</wfw:commentRss>
		<slash:comments>0</slash:comments>
		</item>
	</channel>
</rss>
