<?xml version="1.0" encoding="UTF-8"?><rss version="2.0"
	xmlns:content="http://purl.org/rss/1.0/modules/content/"
	xmlns:dc="http://purl.org/dc/elements/1.1/"
	xmlns:atom="http://www.w3.org/2005/Atom"
	xmlns:sy="http://purl.org/rss/1.0/modules/syndication/"
	
	>
<channel>
	<title>Comments on: Running Scripts at Login or Logout of a KDE Session</title>
	<atom:link href="./index.html" rel="self" type="application/rss+xml" />
	<link>./../index.html</link>
	<description>Taro Sato&#039;s Memorandum</description>
	<lastBuildDate>Mon, 07 Jan 2019 10:59:38 +0000</lastBuildDate>
	<sy:updatePeriod>hourly</sy:updatePeriod>
	<sy:updateFrequency>1</sy:updateFrequency>
	<generator>https://wordpress.org/?v=4.4.17</generator>
	<item>
		<title>By: kde4user</title>
		<link>./../index.html#comment-150892</link>
		<dc:creator><![CDATA[kde4user]]></dc:creator>
		<pubDate>Mon, 07 Jan 2019 10:59:38 +0000</pubDate>
		<guid isPermaLink="false">http://nomo17k.wordpress.com/?p=303#comment-150892</guid>
		<description><![CDATA[Very useful, works in KDE4. 
Thank you for this!]]></description>
		<content:encoded><![CDATA[<p>Very useful, works in KDE4.<br />
Thank you for this!</p>
]]></content:encoded>
	</item>
</channel>
</rss>
