<?xml version="1.0" encoding="UTF-8"?><rss version="2.0"
	xmlns:content="http://purl.org/rss/1.0/modules/content/"
	xmlns:dc="http://purl.org/dc/elements/1.1/"
	xmlns:atom="http://www.w3.org/2005/Atom"
	xmlns:sy="http://purl.org/rss/1.0/modules/syndication/"
	
	>
<channel>
	<title>Comments on: Using NTP Server to Synchronize Time on Debian Squeeze</title>
	<atom:link href="./index.html" rel="self" type="application/rss+xml" />
	<link>./../index.html</link>
	<description>Taro Sato&#039;s Memorandum</description>
	<lastBuildDate>Mon, 07 Jan 2019 10:59:38 +0000</lastBuildDate>
	<sy:updatePeriod>hourly</sy:updatePeriod>
	<sy:updateFrequency>1</sy:updateFrequency>
	<generator>https://wordpress.org/?v=4.4.17</generator>
	<item>
		<title>By: Time Synchronization: NTP &#124; The One with the Thoughts of Frans</title>
		<link>./../index.html#comment-789</link>
		<dc:creator><![CDATA[Time Synchronization: NTP &#124; The One with the Thoughts of Frans]]></dc:creator>
		<pubDate>Fri, 27 May 2011 09:17:52 +0000</pubDate>
		<guid isPermaLink="false">./../../../../index.html?p=1582#comment-789</guid>
		<description><![CDATA[[...] see how to disable the daemon on battery power. I don&#8217;t know how much of a difference that would actually make, but as the Dutch idiom goes, [...]]]></description>
		<content:encoded><![CDATA[<p>[&#8230;] see how to disable the daemon on battery power. I don&#8217;t know how much of a difference that would actually make, but as the Dutch idiom goes, [&#8230;]</p>
]]></content:encoded>
	</item>
</channel>
</rss>
