<?xml version="1.0" encoding="UTF-8"?><rss version="2.0"
	xmlns:content="http://purl.org/rss/1.0/modules/content/"
	xmlns:dc="http://purl.org/dc/elements/1.1/"
	xmlns:atom="http://www.w3.org/2005/Atom"
	xmlns:sy="http://purl.org/rss/1.0/modules/syndication/"
	
	>
<channel>
	<title>Comments on: Installing Firefox 4 Beta on Debian Squeeze</title>
	<atom:link href="./index.html" rel="self" type="application/rss+xml" />
	<link>./../index.html</link>
	<description>Taro Sato&#039;s Memorandum</description>
	<lastBuildDate>Mon, 07 Jan 2019 10:59:38 +0000</lastBuildDate>
	<sy:updatePeriod>hourly</sy:updatePeriod>
	<sy:updateFrequency>1</sy:updateFrequency>
	<generator>https://wordpress.org/?v=4.4.17</generator>
	<item>
		<title>By: Taro</title>
		<link>./../index.html#comment-487</link>
		<dc:creator><![CDATA[Taro]]></dc:creator>
		<pubDate>Sun, 03 Apr 2011 21:13:20 +0000</pubDate>
		<guid isPermaLink="false">http://nomo17k.wordpress.com/?p=1166#comment-487</guid>
		<description><![CDATA[I think they have changed the way they distribute the package.

http://mozilla.debian.net/

Visit the site above and they have a documentation on how to install.  Maybe I should obsolete this document on this site.]]></description>
		<content:encoded><![CDATA[<p>I think they have changed the way they distribute the package.</p>
<p><a href="http://mozilla.debian.net/" rel="nofollow">http://mozilla.debian.net/</a></p>
<p>Visit the site above and they have a documentation on how to install.  Maybe I should obsolete this document on this site.</p>
]]></content:encoded>
	</item>
	<item>
		<title>By: tony</title>
		<link>./../index.html#comment-486</link>
		<dc:creator><![CDATA[tony]]></dc:creator>
		<pubDate>Sun, 03 Apr 2011 17:06:52 +0000</pubDate>
		<guid isPermaLink="false">http://nomo17k.wordpress.com/?p=1166#comment-486</guid>
		<description><![CDATA[I couldn&#039;t get past installing the lib.
I keep getting:
dpkg-deb: `libmozjs4d_2.0~b7-2_amd64.deb&#039; is not a debian format archive
dpkg: error processing libmozjs4d_2.0~b7-2_amd64.deb (--install):
 subprocess dpkg-deb --control returned error exit status 2
Errors were encountered while processing:
 libmozjs4d_2.0~b7-2_amd64.deb

despite wgetting that file 3 times, even, to make sure I have the correct file.]]></description>
		<content:encoded><![CDATA[<p>I couldn&#8217;t get past installing the lib.<br />
I keep getting:<br />
dpkg-deb: `libmozjs4d_2.0~b7-2_amd64.deb&#8217; is not a debian format archive<br />
dpkg: error processing libmozjs4d_2.0~b7-2_amd64.deb (&#8211;install):<br />
 subprocess dpkg-deb &#8211;control returned error exit status 2<br />
Errors were encountered while processing:<br />
 libmozjs4d_2.0~b7-2_amd64.deb</p>
<p>despite wgetting that file 3 times, even, to make sure I have the correct file.</p>
]]></content:encoded>
	</item>
	<item>
		<title>By: Tshepang Lekhonkhobe</title>
		<link>./../index.html#comment-137</link>
		<dc:creator><![CDATA[Tshepang Lekhonkhobe]]></dc:creator>
		<pubDate>Sat, 08 Jan 2011 17:42:54 +0000</pubDate>
		<guid isPermaLink="false">http://nomo17k.wordpress.com/?p=1166#comment-137</guid>
		<description><![CDATA[Very thorough. Thanks.]]></description>
		<content:encoded><![CDATA[<p>Very thorough. Thanks.</p>
]]></content:encoded>
	</item>
	<item>
		<title>By: Eric</title>
		<link>./../index.html#comment-136</link>
		<dc:creator><![CDATA[Eric]]></dc:creator>
		<pubDate>Sat, 08 Jan 2011 17:17:43 +0000</pubDate>
		<guid isPermaLink="false">http://nomo17k.wordpress.com/?p=1166#comment-136</guid>
		<description><![CDATA[Thanks : http://debian-bits-and-snips.blogspot.com/2011/01/installing-firefox-4-beta-on-debian.html]]></description>
		<content:encoded><![CDATA[<p>Thanks : <a href="http://debian-bits-and-snips.blogspot.com/2011/01/installing-firefox-4-beta-on-debian.html" rel="nofollow">http://debian-bits-and-snips.blogspot.com/2011/01/installing-firefox-4-beta-on-debian.html</a></p>
]]></content:encoded>
	</item>
	<item>
		<title>By: Installing Firefox 4 Beta 9 on Debian Squeeze &#124; Biboroku</title>
		<link>./../index.html#comment-130</link>
		<dc:creator><![CDATA[Installing Firefox 4 Beta 9 on Debian Squeeze &#124; Biboroku]]></dc:creator>
		<pubDate>Sun, 02 Jan 2011 04:52:47 +0000</pubDate>
		<guid isPermaLink="false">http://nomo17k.wordpress.com/?p=1166#comment-130</guid>
		<description><![CDATA[[...] some post install configurations (such as incompatible add-ons), see a previous post.   This entry was posted in Misc. and tagged admin, Debian, Debian/Squeeze, Firefox, install [...]]]></description>
		<content:encoded><![CDATA[<p>[&#8230;] some post install configurations (such as incompatible add-ons), see a previous post.   This entry was posted in Misc. and tagged admin, Debian, Debian/Squeeze, Firefox, install [&#8230;]</p>
]]></content:encoded>
	</item>
	<item>
		<title>By: Eric</title>
		<link>./../index.html#comment-116</link>
		<dc:creator><![CDATA[Eric]]></dc:creator>
		<pubDate>Mon, 20 Dec 2010 00:33:25 +0000</pubDate>
		<guid isPermaLink="false">http://nomo17k.wordpress.com/?p=1166#comment-116</guid>
		<description><![CDATA[Almost a month later I took your steps to install iceweasel4 besides iceweasel 3.6.13-1 ( from experimental ) in my Debian Squeeuze 64 bit. And it works like a charm !]]></description>
		<content:encoded><![CDATA[<p>Almost a month later I took your steps to install iceweasel4 besides iceweasel 3.6.13-1 ( from experimental ) in my Debian Squeeuze 64 bit. And it works like a charm !</p>
]]></content:encoded>
	</item>
	<item>
		<title>By: Installing Debian Squeeze (AMD64) on Lenovo T410s &#171; Biboroku</title>
		<link>./../index.html#comment-115</link>
		<dc:creator><![CDATA[Installing Debian Squeeze (AMD64) on Lenovo T410s &#171; Biboroku]]></dc:creator>
		<pubDate>Sat, 27 Nov 2010 21:12:59 +0000</pubDate>
		<guid isPermaLink="false">http://nomo17k.wordpress.com/?p=1166#comment-115</guid>
		<description><![CDATA[[...] Firefox 4 (beta) [...]]]></description>
		<content:encoded><![CDATA[<p>[&#8230;] Firefox 4 (beta) [&#8230;]</p>
]]></content:encoded>
	</item>
	<item>
		<title>By: nomo17k</title>
		<link>./../index.html#comment-114</link>
		<dc:creator><![CDATA[nomo17k]]></dc:creator>
		<pubDate>Mon, 22 Nov 2010 19:11:38 +0000</pubDate>
		<guid isPermaLink="false">http://nomo17k.wordpress.com/?p=1166#comment-114</guid>
		<description><![CDATA[Oops copy &#038; paste glitch...  Thanks for spotting them.]]></description>
		<content:encoded><![CDATA[<p>Oops copy &amp; paste glitch&#8230;  Thanks for spotting them.</p>
]]></content:encoded>
	</item>
	<item>
		<title>By: Eric</title>
		<link>./../index.html#comment-113</link>
		<dc:creator><![CDATA[Eric]]></dc:creator>
		<pubDate>Mon, 22 Nov 2010 19:02:21 +0000</pubDate>
		<guid isPermaLink="false">http://nomo17k.wordpress.com/?p=1166#comment-113</guid>
		<description><![CDATA[In the part starting with &quot;Then.....$sudo dpkg.........&quot; replace the part &quot;b4-0&quot; with &quot; b7-2&quot;.]]></description>
		<content:encoded><![CDATA[<p>In the part starting with &#8220;Then&#8230;..$sudo dpkg&#8230;&#8230;&#8230;&#8221; replace the part &#8220;b4-0&#8243; with &#8221; b7-2&#8243;.</p>
]]></content:encoded>
	</item>
</channel>
</rss>
