<?xml version="1.0" encoding="UTF-8"?><rss version="2.0"
	xmlns:content="http://purl.org/rss/1.0/modules/content/"
	xmlns:wfw="http://wellformedweb.org/CommentAPI/"
	xmlns:dc="http://purl.org/dc/elements/1.1/"
	xmlns:atom="http://www.w3.org/2005/Atom"
	xmlns:sy="http://purl.org/rss/1.0/modules/syndication/"
	xmlns:slash="http://purl.org/rss/1.0/modules/slash/"
	>

<channel>
	<title>Cooking &#8211; Biboroku</title>
	<atom:link href="./index.html" rel="self" type="application/rss+xml" />
	<link>./../../../index.html</link>
	<description>Taro Sato&#039;s Memorandum</description>
	<lastBuildDate>Fri, 20 Apr 2018 17:49:10 +0000</lastBuildDate>
	<language>en-US</language>
	<sy:updatePeriod>hourly</sy:updatePeriod>
	<sy:updateFrequency>1</sy:updateFrequency>
	<generator>https://wordpress.org/?v=4.4.17</generator>
	<item>
		<title>Recipe: Name-dake (なめ筍)</title>
		<link>./../../../2010/08/recipe-name-dake-%e3%81%aa%e3%82%81%e7%ad%8d/index.html</link>
		<comments>./../../../2010/08/recipe-name-dake-%e3%81%aa%e3%82%81%e7%ad%8d/index.html#respond</comments>
		<pubDate>Sun, 15 Aug 2010 00:50:13 +0000</pubDate>
		<dc:creator><![CDATA[Taro]]></dc:creator>
				<category><![CDATA[Cooking]]></category>

		<guid isPermaLink="false">http://nomo17k.wordpress.com/?p=995</guid>
		<description><![CDATA[What you need: Enoki mushroom 180g Sake 10 ml Soy sauce 15 ml Mirin 15 ml Put enoki mushroom and sake into a pot.  Shimmer at low to mid heat for a few minutes.  Put soy sauce and mirin a &#8230; <a href="./../../../2010/08/recipe-name-dake-%e3%81%aa%e3%82%81%e7%ad%8d/index.html">Continue reading <span class="meta-nav">&#8594;</span></a>]]></description>
				<content:encoded><![CDATA[<p>What you need:</p>
<ol>
<li>Enoki mushroom 180g</li>
<li>Sake 10 ml</li>
<li>Soy sauce 15 ml</li>
<li>Mirin 15 ml</li>
</ol>
<p>Put enoki mushroom and sake into a pot.  Shimmer at low to mid heat for a few minutes.  Put soy sauce and mirin a bit later and continue simmering till enoki becomes lightly brown and the sauce becomes thick.  The proportion of ingredients 2, 3, and 4 can be changed according to your taste.</p>
]]></content:encoded>
			<wfw:commentRss>./../../../2010/08/recipe-name-dake-%e3%81%aa%e3%82%81%e7%ad%8d/feed/index.html</wfw:commentRss>
		<slash:comments>0</slash:comments>
		</item>
		<item>
		<title>Cooking Japanese Rice</title>
		<link>./../../../2010/02/cooking-japanese-rice/index.html</link>
		<comments>./../../../2010/02/cooking-japanese-rice/index.html#respond</comments>
		<pubDate>Sat, 06 Feb 2010 21:16:46 +0000</pubDate>
		<dc:creator><![CDATA[Taro]]></dc:creator>
				<category><![CDATA[Cooking]]></category>

		<guid isPermaLink="false">http://nomo17k.wordpress.com/?p=605</guid>
		<description><![CDATA[Just a reminder for myself on how to cook short-grain rice of sticky kind, with a regular pot. The amount will be good for three servings or four, depending on how much you like rice.  The exact timing is give &#8230; <a href="./../../../2010/02/cooking-japanese-rice/index.html">Continue reading <span class="meta-nav">&#8594;</span></a>]]></description>
				<content:encoded><![CDATA[<p>Just a reminder for myself on how to cook short-grain rice of sticky kind, with a regular pot.  The amount will be good for three servings or four, depending on how much you like rice.  The exact timing is give or take.</p>
<ol>
<li>Take 360 mL of rice and wash and rinse repeatedly until water becomes clear.</li>
<li>Fill the pot with the rice and 400 mL of water, and cover with a lid.  Let it sit for about 15 minutes.</li>
<li>Bring the rice to boil, with medium to high heat (with my electric stove, this is 6/8 and takes about 6.5 minutes).</li>
<li>Once boiling, turn down the heat to medium low, until &#8220;holes&#8221; starts to appear (4/8 and takes about 1.5 minutes).</li>
<li>Bring the heat to low (2/8 and 5 minutes).</li>
<li>Turn the heat to max for 10 seconds to blow off excess water.</li>
<li>Turn the heat off and let it sit for about 15 minutes.</li>
<li>Fluff it up and serve!</li>
</ol>
<p>That&#8217;s it.</p>
]]></content:encoded>
			<wfw:commentRss>./../../../2010/02/cooking-japanese-rice/feed/index.html</wfw:commentRss>
		<slash:comments>0</slash:comments>
		</item>
	</channel>
</rss>
