<?xml version="1.0" encoding="UTF-8"?><rss version="2.0"
	xmlns:content="http://purl.org/rss/1.0/modules/content/"
	xmlns:dc="http://purl.org/dc/elements/1.1/"
	xmlns:atom="http://www.w3.org/2005/Atom"
	xmlns:sy="http://purl.org/rss/1.0/modules/syndication/"
	
	>
<channel>
	<title>Comments on: Installing HOTPANTS on Mac OS X Snow Leopard</title>
	<atom:link href="./index.html" rel="self" type="application/rss+xml" />
	<link>./../index.html</link>
	<description>Taro Sato&#039;s Memorandum</description>
	<lastBuildDate>Mon, 07 Jan 2019 10:59:38 +0000</lastBuildDate>
	<sy:updatePeriod>hourly</sy:updatePeriod>
	<sy:updateFrequency>1</sy:updateFrequency>
	<generator>https://wordpress.org/?v=4.4.17</generator>
	<item>
		<title>By: Taro</title>
		<link>./../index.html#comment-55313</link>
		<dc:creator><![CDATA[Taro]]></dc:creator>
		<pubDate>Fri, 21 Feb 2014 07:32:06 +0000</pubDate>
		<guid isPermaLink="false">http://nomo17k.wordpress.com/?p=714#comment-55313</guid>
		<description><![CDATA[Sorry for neglecting this blog.  He still seems to have an old web site around:

http://www.astro.washington.edu/users/becker/v2.0/hotpants.html

You&#039;ll find his source code under Software -&gt; C/C++ code.]]></description>
		<content:encoded><![CDATA[<p>Sorry for neglecting this blog.  He still seems to have an old web site around:</p>
<p><a href="http://www.astro.washington.edu/users/becker/v2.0/hotpants.html" rel="nofollow">http://www.astro.washington.edu/users/becker/v2.0/hotpants.html</a></p>
<p>You&#8217;ll find his source code under Software -> C/C++ code.</p>
]]></content:encoded>
	</item>
	<item>
		<title>By: Andreas Skielboe</title>
		<link>./../index.html#comment-34734</link>
		<dc:creator><![CDATA[Andreas Skielboe]]></dc:creator>
		<pubDate>Tue, 27 Aug 2013 21:19:15 +0000</pubDate>
		<guid isPermaLink="false">http://nomo17k.wordpress.com/?p=714#comment-34734</guid>
		<description><![CDATA[You have no idea how glad I am I found this post.

I couldn&#039;t figure out why I was getting the &#039;abort&#039;, but setting version[5] to version[7] fixed it for me.

Thank you so much!

Do you know if Andrew still keeps a public repository of Hotpants? The old links are broken..]]></description>
		<content:encoded><![CDATA[<p>You have no idea how glad I am I found this post.</p>
<p>I couldn&#8217;t figure out why I was getting the &#8216;abort&#8217;, but setting version[5] to version[7] fixed it for me.</p>
<p>Thank you so much!</p>
<p>Do you know if Andrew still keeps a public repository of Hotpants? The old links are broken..</p>
]]></content:encoded>
	</item>
</channel>
</rss>
