<?xml version="1.0" encoding="UTF-8"?><rss version="2.0"
	xmlns:content="http://purl.org/rss/1.0/modules/content/"
	xmlns:dc="http://purl.org/dc/elements/1.1/"
	xmlns:atom="http://www.w3.org/2005/Atom"
	xmlns:sy="http://purl.org/rss/1.0/modules/syndication/"
	
	>
<channel>
	<title>Comments on: Installing CFITSIO on Mac OS X Snow Leopard</title>
	<atom:link href="./index.html" rel="self" type="application/rss+xml" />
	<link>./../index.html</link>
	<description>Taro Sato&#039;s Memorandum</description>
	<lastBuildDate>Mon, 07 Jan 2019 10:59:38 +0000</lastBuildDate>
	<sy:updatePeriod>hourly</sy:updatePeriod>
	<sy:updateFrequency>1</sy:updateFrequency>
	<generator>https://wordpress.org/?v=4.4.17</generator>
	<item>
		<title>By: Installing HOTPANTS on Mac OS X Snow Leopard &#171; Biboroku</title>
		<link>./../index.html#comment-46</link>
		<dc:creator><![CDATA[Installing HOTPANTS on Mac OS X Snow Leopard &#171; Biboroku]]></dc:creator>
		<pubDate>Thu, 18 Mar 2010 18:13:23 +0000</pubDate>
		<guid isPermaLink="false">http://nomo17k.wordpress.com/?p=711#comment-46</guid>
		<description><![CDATA[[...] of all, you need a development version of CFITSIO already installed.  See this page if you need to install it [...]]]></description>
		<content:encoded><![CDATA[<p>[&#8230;] of all, you need a development version of CFITSIO already installed.  See this page if you need to install it [&#8230;]</p>
]]></content:encoded>
	</item>
</channel>
</rss>
