<?xml version="1.0" encoding="UTF-8"?><rss version="2.0"
	xmlns:content="http://purl.org/rss/1.0/modules/content/"
	xmlns:wfw="http://wellformedweb.org/CommentAPI/"
	xmlns:dc="http://purl.org/dc/elements/1.1/"
	xmlns:atom="http://www.w3.org/2005/Atom"
	xmlns:sy="http://purl.org/rss/1.0/modules/syndication/"
	xmlns:slash="http://purl.org/rss/1.0/modules/slash/"
	>

<channel>
	<title>Web &#8211; Biboroku</title>
	<atom:link href="./index.html" rel="self" type="application/rss+xml" />
	<link>./../../../index.html</link>
	<description>Taro Sato&#039;s Memorandum</description>
	<lastBuildDate>Fri, 20 Apr 2018 17:49:10 +0000</lastBuildDate>
	<language>en-US</language>
	<sy:updatePeriod>hourly</sy:updatePeriod>
	<sy:updateFrequency>1</sy:updateFrequency>
	<generator>https://wordpress.org/?v=4.4.17</generator>
	<item>
		<title>More Japanese Fonts</title>
		<link>./../../../2009/04/more-japanese-fonts/index.html</link>
		<comments>./../../../2009/04/more-japanese-fonts/index.html#respond</comments>
		<pubDate>Wed, 22 Apr 2009 20:50:49 +0000</pubDate>
		<dc:creator><![CDATA[Taro]]></dc:creator>
				<category><![CDATA[Web]]></category>

		<guid isPermaLink="false">http://nomo17k.wordpress.com/?p=458</guid>
		<description><![CDATA[A few collections of web sites listing stylistic Japanese fonts for download: フリーフォント最前線 脱力系フォントのまとめ 無料で使える日本語フォント11選 Some are free, others are not. My favorite is 国鉄風フォント, which resembles the characters used by kokutetsu, the Japanese national railway system (now JR and &#8230; <a href="./../../../2009/04/more-japanese-fonts/index.html">Continue reading <span class="meta-nav">&#8594;</span></a>]]></description>
				<content:encoded><![CDATA[<p>A few collections of web sites listing stylistic Japanese fonts for download:</p>
<ul>
<li><a href="http://www.akibatec.net/freefont/fff.cgi?page=1&amp;mode=kt&amp;kt=01_01&amp;sort=">フリーフォント最前線</a></li>
<li><a href="http://tangerine.sweetstyle.jp/?eid=596754">脱力系フォントのまとめ</a></li>
<li><a href="http://www.designwalker.com/2007/03/jp-font.html">無料で使える日本語フォント11選</a></li>
</ul>
<p>Some are free, others are not.</p>
<p>My favorite is <a href="http://homepage1.nifty.com/tabi-mo/font.htm">国鉄風フォント</a>, which resembles the characters used by kokutetsu, the Japanese national railway system (now JR and privatized).  It has a very retro feel that I like.</p>
]]></content:encoded>
			<wfw:commentRss>./../../../2009/04/more-japanese-fonts/feed/index.html</wfw:commentRss>
		<slash:comments>0</slash:comments>
		</item>
		<item>
		<title>My Favorite Firefox Plugins</title>
		<link>./../../../2009/04/my-favorite-firefox-plugins/index.html</link>
		<comments>./../../../2009/04/my-favorite-firefox-plugins/index.html#respond</comments>
		<pubDate>Thu, 09 Apr 2009 22:24:53 +0000</pubDate>
		<dc:creator><![CDATA[Taro]]></dc:creator>
				<category><![CDATA[Linux]]></category>
		<category><![CDATA[Web]]></category>

		<guid isPermaLink="false">http://nomo17k.wordpress.com/?p=343</guid>
		<description><![CDATA[Note: The current version of Firefox on my box is 3.0.6 (that&#8217;s the Debian stable as of now). goo Dictionary This is an add-on for using dictionaries of English and Japanese. This will add search interfaces to the navigation toolbar &#8230; <a href="./../../../2009/04/my-favorite-firefox-plugins/index.html">Continue reading <span class="meta-nav">&#8594;</span></a>]]></description>
				<content:encoded><![CDATA[<p>Note: The current version of Firefox on my box is 3.0.6 (that&#8217;s the Debian stable as of now).</p>
<h2><a href="http://ext.dictionary.goo.ne.jp/addon.html">goo Dictionary</a></h2>
<p>This is an add-on for using dictionaries of English and Japanese.  This will add search interfaces to the navigation toolbar and the context menu .  The dictionaries at goo.ne.jp are quite decent, so highly recommended.</p>
]]></content:encoded>
			<wfw:commentRss>./../../../2009/04/my-favorite-firefox-plugins/feed/index.html</wfw:commentRss>
		<slash:comments>0</slash:comments>
		</item>
	</channel>
</rss>
