<?xml version="1.0" encoding="UTF-8"?><rss version="2.0"
	xmlns:content="http://purl.org/rss/1.0/modules/content/"
	xmlns:dc="http://purl.org/dc/elements/1.1/"
	xmlns:atom="http://www.w3.org/2005/Atom"
	xmlns:sy="http://purl.org/rss/1.0/modules/syndication/"
	
	>
<channel>
	<title>Comments on: Installing Skype on Debian Wheezy</title>
	<atom:link href="./index.html" rel="self" type="application/rss+xml" />
	<link>./../index.html</link>
	<description>Taro Sato&#039;s Memorandum</description>
	<lastBuildDate>Mon, 07 Jan 2019 10:59:38 +0000</lastBuildDate>
	<sy:updatePeriod>hourly</sy:updatePeriod>
	<sy:updateFrequency>1</sy:updateFrequency>
	<generator>https://wordpress.org/?v=4.4.17</generator>
	<item>
		<title>By: Topi8</title>
		<link>./../index.html#comment-21850</link>
		<dc:creator><![CDATA[Topi8]]></dc:creator>
		<pubDate>Tue, 25 Dec 2012 11:15:40 +0000</pubDate>
		<guid isPermaLink="false">./../../../../index.html?p=1851#comment-21850</guid>
		<description><![CDATA[The X doesn&#039;t work after it!]]></description>
		<content:encoded><![CDATA[<p>The X doesn&#8217;t work after it!</p>
]]></content:encoded>
	</item>
</channel>
</rss>
