<?xml version="1.0" encoding="UTF-8"?><rss version="2.0"
	xmlns:content="http://purl.org/rss/1.0/modules/content/"
	xmlns:dc="http://purl.org/dc/elements/1.1/"
	xmlns:atom="http://www.w3.org/2005/Atom"
	xmlns:sy="http://purl.org/rss/1.0/modules/syndication/"
	
	>
<channel>
	<title>Comments on: Using Custom Theme with SyntaxHighlighter Evolved</title>
	<atom:link href="./index.html" rel="self" type="application/rss+xml" />
	<link>./../index.html</link>
	<description>Taro Sato&#039;s Memorandum</description>
	<lastBuildDate>Mon, 07 Jan 2019 10:59:38 +0000</lastBuildDate>
	<sy:updatePeriod>hourly</sy:updatePeriod>
	<sy:updateFrequency>1</sy:updateFrequency>
	<generator>https://wordpress.org/?v=4.4.17</generator>
	<item>
		<title>By: Taro</title>
		<link>./../index.html#comment-67514</link>
		<dc:creator><![CDATA[Taro]]></dc:creator>
		<pubDate>Wed, 30 Apr 2014 00:10:29 +0000</pubDate>
		<guid isPermaLink="false">./../../../../index.html?p=2330#comment-67514</guid>
		<description><![CDATA[Alex -- Thanks for the pointer. Does that method also allow us to apply all the CSS properties defined in those &quot;core&quot; style sheets, not just those for &quot;theme&quot;? Perhaps I could just override them in theme CSS style sheets, but then I&#039;m not sure what the point of separating the core from the theme.]]></description>
		<content:encoded><![CDATA[<p>Alex &#8212; Thanks for the pointer. Does that method also allow us to apply all the CSS properties defined in those &#8220;core&#8221; style sheets, not just those for &#8220;theme&#8221;? Perhaps I could just override them in theme CSS style sheets, but then I&#8217;m not sure what the point of separating the core from the theme.</p>
]]></content:encoded>
	</item>
	<item>
		<title>By: Alex Mills (Viper007Bond)</title>
		<link>./../index.html#comment-67509</link>
		<dc:creator><![CDATA[Alex Mills (Viper007Bond)]]></dc:creator>
		<pubDate>Tue, 29 Apr 2014 22:50:21 +0000</pubDate>
		<guid isPermaLink="false">./../../../../index.html?p=2330#comment-67509</guid>
		<description><![CDATA[Instead of forking (modifying) my plugin, you should use the hooks that already exist that allow you to add custom themes to the plugin.

http://www.viper007bond.com/wordpress-plugins/syntaxhighlighter/adding-a-new-theme/

You even linked to the page in some of the code you copy/pasted above! ;)]]></description>
		<content:encoded><![CDATA[<p>Instead of forking (modifying) my plugin, you should use the hooks that already exist that allow you to add custom themes to the plugin.</p>
<p><a href="http://www.viper007bond.com/wordpress-plugins/syntaxhighlighter/adding-a-new-theme/" rel="nofollow">http://www.viper007bond.com/wordpress-plugins/syntaxhighlighter/adding-a-new-theme/</a></p>
<p>You even linked to the page in some of the code you copy/pasted above! 😉</p>
]]></content:encoded>
	</item>
</channel>
</rss>
