<?xml version="1.0" encoding="UTF-8"?><rss version="2.0"
	xmlns:content="http://purl.org/rss/1.0/modules/content/"
	xmlns:wfw="http://wellformedweb.org/CommentAPI/"
	xmlns:dc="http://purl.org/dc/elements/1.1/"
	xmlns:atom="http://www.w3.org/2005/Atom"
	xmlns:sy="http://purl.org/rss/1.0/modules/syndication/"
	xmlns:slash="http://purl.org/rss/1.0/modules/slash/"
	>

<channel>
	<title>linked list &#8211; cs4bum</title>
	<atom:link href="./index.html" rel="self" type="application/rss+xml" />
	<link>./../../../index.html</link>
	<description>Algorithms, data structures, brain teasers, etc.</description>
	<lastBuildDate>Sat, 06 Oct 2012 06:38:03 +0000</lastBuildDate>
	<language>en-US</language>
	<sy:updatePeriod>hourly</sy:updatePeriod>
	<sy:updateFrequency>1</sy:updateFrequency>
	<generator>https://wordpress.org/?v=4.4.17</generator>
	<item>
		<title>Linked list: Basic implementation</title>
		<link>./../../../2012/09/01/linked-list-basic-implementation/index.html</link>
		<comments>./../../../2012/09/01/linked-list-basic-implementation/index.html#respond</comments>
		<pubDate>Sun, 02 Sep 2012 04:00:51 +0000</pubDate>
		<dc:creator><![CDATA[okomestudio]]></dc:creator>
				<category><![CDATA[Uncategorized]]></category>
		<category><![CDATA[algorithm]]></category>
		<category><![CDATA[C]]></category>
		<category><![CDATA[Cpp]]></category>
		<category><![CDATA[data structure]]></category>
		<category><![CDATA[Java]]></category>
		<category><![CDATA[linked list]]></category>
		<category><![CDATA[Python]]></category>

		<guid isPermaLink="false">./../../../index.html?p=122</guid>
		<description><![CDATA[Implement a basic singly linked list data structure. Write functions/methods to append a node at the end and delete a node. Python C C++ Java]]></description>
				<content:encoded><![CDATA[<blockquote><p>Implement a basic singly linked list data structure.  Write functions/methods to append a node at the end and delete a node.</p></blockquote>
<h3>Python</h3>
<pre class="brush: python; light: false; title: ; toolbar: true; notranslate">#!/usr/bin/env python2.6


class Node(object):

    def __init__(self, d):
        self.data = d
        self.next = None


class LinkedList(object):

    def __init__(self):
        self.head = None

    def append(self, d):
        end = Node(d)
        if self.head is None:
            self.head = end
            return
        n = self.head
        while n.next is not None:
            n = n.next
        n.next = end

    def delete(self, d):
        if self.head is not None:
            n = self.head
            if n.data == d:
                self.head = n.next
                return
            m = n
            while n.next is not None:
                if n.next.data == d:
                    n.next = n.next.next
                    self.head = m
                    return
                n = n.next

    def view(self):
        n = self.head
        while n is not None:
            print n.data
            n = n.next


llist = LinkedList()
for i in range(10):
    llist.append(i)

llist.delete(3)
llist.delete(7)
llist.delete(11)
llist.delete(0)
llist.delete(9)

llist.view()</pre>
<h3>C</h3>
<pre class="brush: cpp; light: false; title: ; toolbar: true; notranslate">#include &lt;stdio.h&gt;
#include &lt;stdlib.h&gt;


struct Node_
{
  int data;
  struct Node_ *next;
};
typedef struct Node_ Node;


typedef struct
{
  Node *head;
} LinkedList;


Node *create_node(int d)
{
  Node *node = malloc(sizeof(Node));
  node-&gt;data = d;
  node-&gt;next = 0;
  return node;
}


void destroy_node(Node *node)
{
  free(node);
}


void append(LinkedList *l, int d)
{
  Node *end = create_node(d);

  if (l-&gt;head == 0) {
    l-&gt;head = end;
    return;
  }

  Node *n = l-&gt;head;
  while (n-&gt;next != 0) {
    n = n-&gt;next;
  }
  n-&gt;next = end;
}


void delete(LinkedList *l, int d)
{
  if (l-&gt;head != 0) {
    Node *n = l-&gt;head;
    if (n-&gt;data == d) {
      l-&gt;head = n-&gt;next;
      return;
    }

    while (n-&gt;next != 0) {
      if (n-&gt;next-&gt;data == d) {
        Node *m = n-&gt;next-&gt;next;
        destroy_node(n-&gt;next);
        n-&gt;next = m;
        return;
      }
      n = n-&gt;next;
    }
  }
}


void view(LinkedList *l)
{
  Node *n = l-&gt;head;
  while (n != 0) {
    printf(&quot;%d\n&quot;, n-&gt;data);
    n = n-&gt;next;
  }
}


int main()
{
  LinkedList llist = {.head = 0};

  int i;
  for (i = 0; i &lt; 10; ++i) {
    append(&amp;llist, i);
  }

  delete(&amp;llist, 3);
  delete(&amp;llist, 7);
  delete(&amp;llist, 11);
  delete(&amp;llist, 0);
  delete(&amp;llist, 9);

  view(&amp;llist);

  return 0;
}</pre>
<h3>C++</h3>
<pre class="brush: cpp; light: false; title: ; toolbar: true; notranslate">#include &lt;iostream&gt;

using namespace std;


class Node
{
public:
  Node(int d) : next(0) { data = d; };
  int data;
  Node *next;
};


class LinkedList
{
public:
  LinkedList() : head(0) {};
  Node *head;

  void append(int d)
  {
    Node *end = new Node(d);
    if (head == 0) {
      head = end;
      return;
    }
    Node *n = head;
    while (n-&gt;next != 0) {
      n = n-&gt;next;
    }
    n-&gt;next = end;
  }

  void remove(int d)
  {
    if (head != 0) {
      if (head-&gt;data == d) {
        Node *m = head-&gt;next;
        delete head;
        head = m;
        return;
      }
      Node *n = head;
      while (n-&gt;next != 0) {
        if (n-&gt;next-&gt;data == d) {
          Node *m = n-&gt;next-&gt;next;
          delete n-&gt;next;
          n-&gt;next = m;
          return;
        }
        n = n-&gt;next;
      }
    }
  }

  void view()
  {
    Node *n = head;
    while (n != 0) {
      cout &lt;&lt; n-&gt;data &lt;&lt; endl;
      n = n-&gt;next;
    }
  }
};


int main()
{
  LinkedList llist;
  for (int i = 0; i &lt; 10; ++i) {
    llist.append(i);
  }
  llist.remove(3);
  llist.remove(7);
  llist.remove(11);
  llist.remove(0);
  llist.remove(9);
  llist.view();
  return 0;
}</pre>
<h3>Java</h3>
<pre class="brush: java; light: false; title: ; toolbar: true; notranslate">class Node
{
  Node next = null;
  int data;

  public Node(int d) { data = d; }
}


class LinkedList
{
  Node head = null;

  LinkedList() {}
  LinkedList(Node n) { head = n; }

  void view()
  {
    Node n = head;
    while (n != null) {
      System.out.println(n.data);
      n = n.next;
    }
  }

  void append(int d)
  {
    Node end = new Node(d);
    if (head == null) {
      head = end;
    }
    else {
      Node n = head;
      while (n.next != null) {
        n = n.next;
      }
      n.next = end;
    }
  }

  void delete(int d)
  {
    Node n = head;
    if (n != null) {
      if (n.data == d) {
        head = n.next;
        return;
      }

      Node m = n;
      while (n.next != null) {
        if (n.next.data == d) {
          n.next = n.next.next;
          head = m;
          return;
        }
        n = n.next;
      }
    }
  }
}


public class linked_list
{
  public static void main(String[] args)
  {
    LinkedList llist = new LinkedList();
    for (int i = 0; i &lt; 10; ++i) {
      llist.append(i);
    }

    llist.delete(3);
    llist.delete(7);
    llist.delete(11);
    llist.delete(0);
    llist.delete(9);

    llist.view();
  }
}</pre>
]]></content:encoded>
			<wfw:commentRss>./../../../2012/09/01/linked-list-basic-implementation/feed/index.html</wfw:commentRss>
		<slash:comments>0</slash:comments>
		</item>
	</channel>
</rss>
