<?xml version="1.0" encoding="UTF-8"?><rss version="2.0"
	xmlns:content="http://purl.org/rss/1.0/modules/content/"
	xmlns:wfw="http://wellformedweb.org/CommentAPI/"
	xmlns:dc="http://purl.org/dc/elements/1.1/"
	xmlns:atom="http://www.w3.org/2005/Atom"
	xmlns:sy="http://purl.org/rss/1.0/modules/syndication/"
	xmlns:slash="http://purl.org/rss/1.0/modules/slash/"
	>

<channel>
	<title>Lahman database &#8211; databaka</title>
	<atom:link href="./index.html" rel="self" type="application/rss+xml" />
	<link>./../../../index.html</link>
	<description>Just another WordPress site</description>
	<lastBuildDate>Sat, 13 Oct 2012 19:09:50 +0000</lastBuildDate>
	<language>en-US</language>
	<sy:updatePeriod>hourly</sy:updatePeriod>
	<sy:updateFrequency>1</sy:updateFrequency>
	<generator>https://wordpress.org/?v=4.4.17</generator>
	<item>
		<title>Installing MySQL Lahman Database on Linux</title>
		<link>./../../../2012/10/02/installing-mysql-lahman-database-on-linux/index.html</link>
		<comments>./../../../2012/10/02/installing-mysql-lahman-database-on-linux/index.html#respond</comments>
		<pubDate>Tue, 02 Oct 2012 09:28:23 +0000</pubDate>
		<dc:creator><![CDATA[databaka]]></dc:creator>
				<category><![CDATA[Uncategorized]]></category>
		<category><![CDATA[Lahman database]]></category>
		<category><![CDATA[MySQL]]></category>
		<category><![CDATA[sabermetrics]]></category>

		<guid isPermaLink="false">./../../../index.html?p=30</guid>
		<description><![CDATA[Lahman Baseball Database is a collection of baseball statistics for every team and player in Major League history. From version 5.9.1, the MySQL version of the database has been available, which we can download from Sean Lahman&#8217;s website. I am going to install this on my Debian Wheezy box. Setting up MySQL This section should [&#8230;]]]></description>
				<content:encoded><![CDATA[<p>Lahman Baseball Database is a collection of baseball statistics for every team and player in Major League history. From version 5.9.1, the MySQL version of the database has been available, which we can download from <a href="http://www.seanlahman.com/baseball-archive/statistics/">Sean Lahman&#8217;s website</a>. I am going to install this on my Debian Wheezy box.</p>
<h3>Setting up MySQL</h3>
<p>This section should be skipped if MySQL has already been installed.</p>
<p>MySQL database needs to be set up:</p>
<pre class="brush: bash; title: ; notranslate">$ sudo aptitude install mysql-server mysql-client</pre>
<p>Then start the client:</p>
<pre class="brush: bash; title: ; notranslate">$ mysql -u root -p
Enter password:
Welcome to the MySQL monitor.  Commands end with ; or \g.
Your MySQL connection id is 44
Server version: 5.5.24-8 (Debian)

Copyright (c) 2000, 2011, Oracle and/or its affiliates. All rights reserved.

Oracle is a registered trademark of Oracle Corporation and/or its
affiliates. Other names may be trademarks of their respective
owners.

Type 'help;' or '\h' for help. Type '\c' to clear the current input statement.

mysql&gt;</pre>
<p>Delete the anonymous user:</p>
<pre class="brush: bash; title: ; notranslate">mysql&gt; select user, host from mysql.user ;
+------------------+-----------+
| user             | host      |
+------------------+-----------+
| root             | 127.0.0.1 |
| root             | ::1       |
|                  | localhost |
| debian-sys-maint | localhost |
| root             | localhost |
|                  | tofu      |
| root             | tofu      |
+------------------+-----------+
7 rows in set (0.00 sec)

# set root password:
mysql&gt; set password for 'root'@'localhost'=password('yourpassword');
... repeat above line for all the hosts listed for root ...

mysql&gt; delete from mysql.user where user='';
mysql&gt; delete from db.user where user='';
mysql&gt; flush privileges;

# create a regular user who can user lahman database
mysql&gt; grant all on lahman591.* TO 'yourname'@'localhost' IDENTIFIED BY 'yourpassword';</pre>
<p>Now, the next time I can start the MySQL client as a regular user:</p>
<pre class="brush: bash; title: ; notranslate">$ mysql -u yourname -pyourpassword</pre>
<p>However, this can be tedious and also some degree of obscurity for credentials is desired. MySQL option files satisfies my need for storing the username and password for now. Create a file named <em>~/.my.cnf</em> with the following content:</p>
<pre class="brush: bash; title: ; notranslate">[client]
host     = localhost
user     = yourname
password = yourpassword</pre>
<p>Then I don&#8217;t have to type in those information from now on. This file can also be used within a program when connection to database is opened, eliminating the need for hard-coding credentials.</p>
<h3>Setting up Lahman Database</h3>
<p>Download the MySQL dump and recreate the Lahman database:</p>
<pre class="brush: bash; title: ; notranslate">$ wget http://seanlahman.com/files/database/lahman591-sql.zip
$ unzip lahman591-sql.zip
$ ls *.sql
lahman591.sql

$ mysql -u root -pyourrootpassword &lt; lahman591.sql</pre>
<p>Now the database has been set up properly!</p>
<pre class="brush: bash; title: ; notranslate">$ mysql
mysql&gt; show databases;
+--------------------+
| Database           |
+--------------------+
| information_schema |
| lahman591          |
| mysql              |
| performance_schema |
| test               |
+--------------------+
5 rows in set (0.00 sec)</pre>
]]></content:encoded>
			<wfw:commentRss>./../../../2012/10/02/installing-mysql-lahman-database-on-linux/feed/index.html</wfw:commentRss>
		<slash:comments>0</slash:comments>
		</item>
	</channel>
</rss>
