<?xml version="1.0" encoding="UTF-8"?><rss version="2.0"
	xmlns:content="http://purl.org/rss/1.0/modules/content/"
	xmlns:wfw="http://wellformedweb.org/CommentAPI/"
	xmlns:dc="http://purl.org/dc/elements/1.1/"
	xmlns:atom="http://www.w3.org/2005/Atom"
	xmlns:sy="http://purl.org/rss/1.0/modules/syndication/"
	xmlns:slash="http://purl.org/rss/1.0/modules/slash/"
	>

<channel>
	<title>Astro &#8211; Biboroku</title>
	<atom:link href="./index.html" rel="self" type="application/rss+xml" />
	<link>./../../../index.html</link>
	<description>Taro Sato&#039;s Memorandum</description>
	<lastBuildDate>Fri, 20 Apr 2018 17:49:10 +0000</lastBuildDate>
	<language>en-US</language>
	<sy:updatePeriod>hourly</sy:updatePeriod>
	<sy:updateFrequency>1</sy:updateFrequency>
	<generator>https://wordpress.org/?v=4.4.17</generator>
	<item>
		<title>Uncertainty in Flux and Magnitude</title>
		<link>./../../../2010/11/uncertainty-in-flux-and-magnitude/index.html</link>
		<comments>./../../../2010/11/uncertainty-in-flux-and-magnitude/index.html#respond</comments>
		<pubDate>Wed, 03 Nov 2010 17:52:06 +0000</pubDate>
		<dc:creator><![CDATA[Taro]]></dc:creator>
				<category><![CDATA[Astro]]></category>
		<category><![CDATA[Research]]></category>
		<category><![CDATA[astro]]></category>
		<category><![CDATA[reference]]></category>
		<category><![CDATA[research]]></category>

		<guid isPermaLink="false">http://nomo17k.wordpress.com/?p=1053</guid>
		<description><![CDATA[I keep forgetting this sort of simple algebra (aging is no fun), so here&#8217;s a note. Define magnitude to be related to flux as follows: &#160; &#160; where is the zero point flux which defines the magnitude scale.  Let be &#8230; <a href="./../../../2010/11/uncertainty-in-flux-and-magnitude/index.html">Continue reading <span class="meta-nav">&#8594;</span></a>]]></description>
				<content:encoded><![CDATA[<p>I keep forgetting this sort of simple algebra (aging is no fun), so here&#8217;s a note.</p>
<p>Define magnitude <img src="./../../../wp-content/ql-cache/quicklatex.com-6b41df788161942c6f98604d37de8098_l3.png" class="ql-img-inline-formula quicklatex-auto-format" alt="&#109;" title="Rendered by QuickLaTeX.com" height="8" width="15" style="vertical-align: 0px;"/> to be related to flux <img src="./../../../wp-content/ql-cache/quicklatex.com-9c09a708375fde2676da319bcdfe8b24_l3.png" class="ql-img-inline-formula quicklatex-auto-format" alt="&#102;" title="Rendered by QuickLaTeX.com" height="16" width="10" style="vertical-align: -4px;"/> as follows:</p>
<p class="ql-center-displayed-equation" style="line-height: 40px;"><span class="ql-right-eqno"> &nbsp; </span><span class="ql-left-eqno"> &nbsp; </span><img src="./../../../wp-content/ql-cache/quicklatex.com-1772808a9ff7a136033180fc53109b66_l3.png" height="40" width="135" class="ql-img-displayed-equation quicklatex-auto-format" alt="&#92;&#91; &#32;&#32;&#109;&#32;&#61;&#32;&#45;&#50;&#46;&#53;&#32;&#92;&#108;&#111;&#103;&#123;&#92;&#102;&#114;&#97;&#99;&#123;&#102;&#125;&#123;&#102;&#95;&#48;&#125;&#125;&#32;&#92;&#32;&#44; &#92;&#93;" title="Rendered by QuickLaTeX.com"/></p>
<p>where <img src="./../../../wp-content/ql-cache/quicklatex.com-86b3f64110103338cfe1166ff2d929e4_l3.png" class="ql-img-inline-formula quicklatex-auto-format" alt="&#102;&#95;&#48;" title="Rendered by QuickLaTeX.com" height="16" width="16" style="vertical-align: -4px;"/> is the zero point flux which defines the magnitude scale.  Let <img src="./../../../wp-content/ql-cache/quicklatex.com-8b54ad14e30444378952afb43fab8c57_l3.png" class="ql-img-inline-formula quicklatex-auto-format" alt="&#92;&#68;&#101;&#108;&#116;&#97;&#32;&#109;" title="Rendered by QuickLaTeX.com" height="12" width="30" style="vertical-align: 0px;"/> be the magnitude uncertainty, which is related to the fractional uncertainty in flux, <img src="./../../../wp-content/ql-cache/quicklatex.com-1a9c06230c6f9596fb65b6aa476a9ae2_l3.png" class="ql-img-inline-formula quicklatex-auto-format" alt="&#92;&#68;&#101;&#108;&#116;&#97;&#32;&#102;&#32;&#47;&#32;&#102;" title="Rendered by QuickLaTeX.com" height="18" width="44" style="vertical-align: -5px;"/>.  We wish to find how <img src="./../../../wp-content/ql-cache/quicklatex.com-579fb8448977a4ebe50569e736918f03_l3.png" class="ql-img-inline-formula quicklatex-auto-format" alt="&#109;&#32;&#92;&#112;&#109;&#32;&#92;&#68;&#101;&#108;&#116;&#97;&#32;&#109;" title="Rendered by QuickLaTeX.com" height="12" width="67" style="vertical-align: 0px;"/> is related to <img src="./../../../wp-content/ql-cache/quicklatex.com-67f04ac954e799bc8e652553de873d59_l3.png" class="ql-img-inline-formula quicklatex-auto-format" alt="&#92;&#108;&#101;&#102;&#116;&#40;&#49;&#32;&#92;&#109;&#112;&#32;&#92;&#68;&#101;&#108;&#116;&#97;&#32;&#102;&#32;&#47;&#32;&#102;&#32;&#92;&#114;&#105;&#103;&#104;&#116;&#41;&#32;&#102;" title="Rendered by QuickLaTeX.com" height="19" width="101" style="vertical-align: -5px;"/>.  This means</p>
<p class="ql-center-displayed-equation" style="line-height: 65px;"><span class="ql-right-eqno"> &nbsp; </span><span class="ql-left-eqno"> &nbsp; </span><img src="./../../../wp-content/ql-cache/quicklatex.com-b722cfa5a17b0b0089c2c1a5c44518a9_l3.png" height="65" width="376" class="ql-img-displayed-equation quicklatex-auto-format" alt="&#92;&#91; &#32;&#32;&#92;&#98;&#101;&#103;&#105;&#110;&#123;&#97;&#114;&#114;&#97;&#121;&#125;&#123;&#114;&#99;&#108;&#125;&#32;&#92;&#112;&#109;&#32;&#92;&#68;&#101;&#108;&#116;&#97;&#32;&#109;&#32;&#38;&#61;&#38;&#32;&#45;&#50;&#46;&#53;&#32;&#92;&#108;&#111;&#103;&#123;&#92;&#108;&#101;&#102;&#116;&#91;&#92;&#108;&#101;&#102;&#116;&#40;&#49;&#32;&#92;&#109;&#112;&#32;&#92;&#102;&#114;&#97;&#99;&#123;&#92;&#68;&#101;&#108;&#116;&#97;&#32;&#102;&#125;&#123;&#102;&#125;&#92;&#114;&#105;&#103;&#104;&#116;&#41;&#92;&#102;&#114;&#97;&#99;&#123;&#102;&#125;&#123;&#102;&#95;&#48;&#125;&#92;&#114;&#105;&#103;&#104;&#116;&#93;&#125;&#32;&#43;&#32;&#50;&#46;&#53;&#32;&#92;&#108;&#111;&#103;&#123;&#92;&#102;&#114;&#97;&#99;&#123;&#102;&#125;&#123;&#102;&#95;&#48;&#125;&#125;&#32;&#92;&#92;&#32;&#38;&#61;&#38;&#32;&#45;&#50;&#46;&#53;&#32;&#92;&#108;&#111;&#103;&#123;&#92;&#108;&#101;&#102;&#116;&#40;&#49;&#32;&#92;&#109;&#112;&#32;&#92;&#102;&#114;&#97;&#99;&#123;&#92;&#68;&#101;&#108;&#116;&#97;&#32;&#102;&#125;&#123;&#102;&#125;&#92;&#114;&#105;&#103;&#104;&#116;&#41;&#125;&#32;&#92;&#101;&#110;&#100;&#123;&#97;&#114;&#114;&#97;&#121;&#125;&#32;&#92;&#32;&#46;&#32; &#92;&#93;" title="Rendered by QuickLaTeX.com"/></p>
<p>Solving for <img src="./../../../wp-content/ql-cache/quicklatex.com-1a9c06230c6f9596fb65b6aa476a9ae2_l3.png" class="ql-img-inline-formula quicklatex-auto-format" alt="&#92;&#68;&#101;&#108;&#116;&#97;&#32;&#102;&#32;&#47;&#32;&#102;" title="Rendered by QuickLaTeX.com" height="18" width="44" style="vertical-align: -5px;"/> we get</p>
<p class="ql-center-displayed-equation" style="line-height: 40px;"><span class="ql-right-eqno"> &nbsp; </span><span class="ql-left-eqno"> &nbsp; </span><img src="./../../../wp-content/ql-cache/quicklatex.com-95bf05306e2417d6943ad926ee03bb0a_l3.png" height="40" width="177" class="ql-img-displayed-equation quicklatex-auto-format" alt="&#92;&#91; &#32;&#32;&#92;&#112;&#109;&#32;&#92;&#102;&#114;&#97;&#99;&#123;&#92;&#68;&#101;&#108;&#116;&#97;&#32;&#102;&#125;&#123;&#102;&#125;&#32;&#61;&#32;&#49;&#32;&#45;&#32;&#49;&#48;&#94;&#123;&#92;&#109;&#112;&#32;&#48;&#46;&#52;&#32;&#92;&#68;&#101;&#108;&#116;&#97;&#32;&#109;&#125;&#32;&#92;&#32;&#46;&#32; &#92;&#93;" title="Rendered by QuickLaTeX.com"/></p>
<p>In summary, we have the following relationships:</p>
<p class="ql-center-displayed-equation" style="line-height: 54px;"><span class="ql-right-eqno"> &nbsp; </span><span class="ql-left-eqno"> &nbsp; </span><img src="./../../../wp-content/ql-cache/quicklatex.com-a040b03822d0ac450944b8af1525b949_l3.png" height="54" width="462" class="ql-img-displayed-equation quicklatex-auto-format" alt="&#92;&#91; &#32;&#32;&#92;&#98;&#111;&#120;&#101;&#100;&#123;&#32;&#92;&#112;&#109;&#32;&#92;&#68;&#101;&#108;&#116;&#97;&#32;&#109;&#32;&#61;&#32;&#45;&#50;&#46;&#53;&#32;&#92;&#108;&#111;&#103;&#123;&#92;&#108;&#101;&#102;&#116;&#40;&#49;&#32;&#92;&#109;&#112;&#32;&#92;&#102;&#114;&#97;&#99;&#123;&#92;&#68;&#101;&#108;&#116;&#97;&#32;&#102;&#125;&#123;&#102;&#125;&#92;&#114;&#105;&#103;&#104;&#116;&#41;&#125;&#32;&#92;&#59;&#92;&#59;&#92;&#59;&#32;&#92;&#116;&#101;&#120;&#116;&#123;&#111;&#114;&#125;&#32;&#92;&#59;&#92;&#59;&#92;&#59;&#32;&#92;&#112;&#109;&#32;&#92;&#102;&#114;&#97;&#99;&#123;&#92;&#68;&#101;&#108;&#116;&#97;&#32;&#102;&#125;&#123;&#102;&#125;&#32;&#61;&#32;&#49;&#32;&#45;&#32;&#49;&#48;&#94;&#123;&#92;&#109;&#112;&#32;&#48;&#46;&#52;&#32;&#92;&#68;&#101;&#108;&#116;&#97;&#32;&#109;&#125;&#32;&#92;&#32;&#46;&#32;&#125;&#32; &#92;&#93;" title="Rendered by QuickLaTeX.com"/></p>
<p>When <img src="./../../../wp-content/ql-cache/quicklatex.com-3d835857596fac5b21fce5242fd38025_l3.png" class="ql-img-inline-formula quicklatex-auto-format" alt="&#92;&#68;&#101;&#108;&#116;&#97;&#32;&#109;&#32;&#92;&#108;&#108;&#32;&#49;" title="Rendered by QuickLaTeX.com" height="14" width="66" style="vertical-align: -2px;"/> or <img src="./../../../wp-content/ql-cache/quicklatex.com-54e12bb5589edb778c7126c170d69b05_l3.png" class="ql-img-inline-formula quicklatex-auto-format" alt="&#92;&#68;&#101;&#108;&#116;&#97;&#32;&#102;&#32;&#47;&#32;&#102;&#32;&#92;&#108;&#108;&#32;&#49;" title="Rendered by QuickLaTeX.com" height="18" width="80" style="vertical-align: -5px;"/>, we may expand the log function about 1 and retain only the first order term:</p>
<p class="ql-center-displayed-equation" style="line-height: 49px;"><span class="ql-right-eqno"> &nbsp; </span><span class="ql-left-eqno"> &nbsp; </span><img src="./../../../wp-content/ql-cache/quicklatex.com-94430cc0f0885d4137ebdbbb6f551c98_l3.png" height="49" width="291" class="ql-img-displayed-equation quicklatex-auto-format" alt="&#92;&#91; &#32;&#32;&#92;&#98;&#101;&#103;&#105;&#110;&#123;&#97;&#114;&#114;&#97;&#121;&#125;&#123;&#114;&#99;&#108;&#125;&#32;&#92;&#108;&#111;&#103;&#123;&#120;&#125;&#32;&#38;&#61;&#38;&#32;&#92;&#102;&#114;&#97;&#99;&#123;&#120;&#32;&#45;&#32;&#49;&#125;&#123;&#92;&#108;&#110;&#123;&#49;&#48;&#125;&#125;&#32;&#45;&#32;&#92;&#102;&#114;&#97;&#99;&#123;&#40;&#120;&#32;&#45;&#32;&#49;&#41;&#94;&#50;&#125;&#123;&#92;&#108;&#110;&#123;&#49;&#48;&#94;&#50;&#125;&#125;&#32;&#43;&#32;&#92;&#102;&#114;&#97;&#99;&#123;&#40;&#120;&#32;&#45;&#32;&#49;&#41;&#94;&#51;&#125;&#123;&#92;&#108;&#110;&#123;&#49;&#48;&#94;&#51;&#125;&#125;&#32;&#45;&#32;&#92;&#108;&#100;&#111;&#116;&#115;&#32;&#92;&#92;&#32;&#38;&#92;&#97;&#112;&#112;&#114;&#111;&#120;&#38;&#32;&#92;&#102;&#114;&#97;&#99;&#123;&#120;&#32;&#45;&#32;&#49;&#125;&#123;&#92;&#108;&#110;&#123;&#49;&#48;&#125;&#125;&#32;&#92;&#101;&#110;&#100;&#123;&#97;&#114;&#114;&#97;&#121;&#125;&#32; &#92;&#93;" title="Rendered by QuickLaTeX.com"/></p>
<p>for <img src="./../../../wp-content/ql-cache/quicklatex.com-4a5524348dfbc53d51c1f421944c3fd6_l3.png" class="ql-img-inline-formula quicklatex-auto-format" alt="&#120;&#32;&#92;&#115;&#105;&#109;&#101;&#113;&#32;&#49;" title="Rendered by QuickLaTeX.com" height="13" width="42" style="vertical-align: -1px;"/>. In this limit we can write <img src="./../../../wp-content/ql-cache/quicklatex.com-a2668f1f7dfc0153bd613b37d66e4d6d_l3.png" class="ql-img-inline-formula quicklatex-auto-format" alt="&#92;&#68;&#101;&#108;&#116;&#97;&#32;&#109;&#32;&#92;&#97;&#112;&#112;&#114;&#111;&#120;&#32;&#40;&#50;&#46;&#53;&#32;&#47;&#32;&#92;&#108;&#110;&#123;&#49;&#48;&#125;&#41;&#32;&#92;&#68;&#101;&#108;&#116;&#97;&#32;&#102;&#32;&#47;&#32;&#102;&#32;&#92;&#97;&#112;&#112;&#114;&#111;&#120;&#32;&#49;&#46;&#48;&#56;&#53;&#55;&#51;&#54;&#32;&#92;&#68;&#101;&#108;&#116;&#97;&#32;&#102;&#32;&#47;&#32;&#102;" title="Rendered by QuickLaTeX.com" height="19" width="317" style="vertical-align: -5px;"/>. Hence</p>
<p class="ql-center-displayed-equation" style="line-height: 51px;"><span class="ql-right-eqno"> &nbsp; </span><span class="ql-left-eqno"> &nbsp; </span><img src="./../../../wp-content/ql-cache/quicklatex.com-2ba8ff9f9f1ba00f97e49b541db53951_l3.png" height="51" width="361" class="ql-img-displayed-equation quicklatex-auto-format" alt="&#92;&#91; &#32;&#32;&#92;&#98;&#111;&#120;&#101;&#100;&#123;&#32;&#92;&#68;&#101;&#108;&#116;&#97;&#32;&#109;&#32;&#92;&#97;&#112;&#112;&#114;&#111;&#120;&#32;&#49;&#46;&#48;&#56;&#53;&#55;&#51;&#54;&#32;&#92;&#102;&#114;&#97;&#99;&#123;&#92;&#68;&#101;&#108;&#116;&#97;&#32;&#102;&#125;&#123;&#102;&#125;&#32;&#92;&#59;&#92;&#59;&#92;&#59;&#32;&#92;&#116;&#101;&#120;&#116;&#123;&#102;&#111;&#114;&#125;&#32;&#92;&#59;&#92;&#59;&#92;&#59;&#32;&#92;&#68;&#101;&#108;&#116;&#97;&#32;&#109;&#32;&#92;&#59;&#92;&#116;&#101;&#120;&#116;&#123;&#111;&#114;&#125;&#92;&#59;&#32;&#92;&#68;&#101;&#108;&#116;&#97;&#32;&#102;&#32;&#47;&#32;&#102;&#32;&#92;&#108;&#108;&#32;&#49;&#32;&#92;&#32;&#46;&#125; &#92;&#93;" title="Rendered by QuickLaTeX.com"/></p>
<p>This is why an uncertainty in magnitude, when small, is often an adequate approximation to the fractional uncertainty in flux.</p>
]]></content:encoded>
			<wfw:commentRss>./../../../2010/11/uncertainty-in-flux-and-magnitude/feed/index.html</wfw:commentRss>
		<slash:comments>0</slash:comments>
		</item>
	</channel>
</rss>
