<?xml version="1.0" encoding="UTF-8"?><rss version="2.0"
	xmlns:content="http://purl.org/rss/1.0/modules/content/"
	xmlns:dc="http://purl.org/dc/elements/1.1/"
	xmlns:atom="http://www.w3.org/2005/Atom"
	xmlns:sy="http://purl.org/rss/1.0/modules/syndication/"
	
	>
<channel>
	<title>Comments on: Installing Firefox 4 Beta 9 on Debian Squeeze</title>
	<atom:link href="./index.html" rel="self" type="application/rss+xml" />
	<link>./../index.html</link>
	<description>Taro Sato&#039;s Memorandum</description>
	<lastBuildDate>Mon, 07 Jan 2019 10:59:38 +0000</lastBuildDate>
	<sy:updatePeriod>hourly</sy:updatePeriod>
	<sy:updateFrequency>1</sy:updateFrequency>
	<generator>https://wordpress.org/?v=4.4.17</generator>
	<item>
		<title>By: Install Firefox 4.0b10 in Debian/Ubuntu and other distros &#124; Geek in the Family</title>
		<link>./../index.html#comment-166</link>
		<dc:creator><![CDATA[Install Firefox 4.0b10 in Debian/Ubuntu and other distros &#124; Geek in the Family]]></dc:creator>
		<pubDate>Fri, 21 Jan 2011 04:54:38 +0000</pubDate>
		<guid isPermaLink="false">http://nomo17k.wordpress.com/?p=1445#comment-166</guid>
		<description><![CDATA[[...] tuned for updates to my set of scripts. Credit goes to this website, which I found in regards to installing a older beta of Firefox on Debian Squeeze.   This entry was [...]]]></description>
		<content:encoded><![CDATA[<p>[&#8230;] tuned for updates to my set of scripts. Credit goes to this website, which I found in regards to installing a older beta of Firefox on Debian Squeeze.   This entry was [&#8230;]</p>
]]></content:encoded>
	</item>
	<item>
		<title>By: Installing Firefox 4 Beta on Debian Squeeze &#124; Biboroku</title>
		<link>./../index.html#comment-138</link>
		<dc:creator><![CDATA[Installing Firefox 4 Beta on Debian Squeeze &#124; Biboroku]]></dc:creator>
		<pubDate>Sun, 09 Jan 2011 06:53:59 +0000</pubDate>
		<guid isPermaLink="false">http://nomo17k.wordpress.com/?p=1445#comment-138</guid>
		<description><![CDATA[[...] Caution: This note won&#8217;t work for a version &#062;= Beta 8-1.  Unfortunately the new release depends on newer versions of libraries than what Squeeze has.  Installing those libraries on Squeeze might defeat the purpose of using Debian for its stability and not recommended.  I think it&#8217;s best to use a precompiled binary from Mozilla directly. [...]]]></description>
		<content:encoded><![CDATA[<p>[&#8230;] Caution: This note won&#8217;t work for a version &gt;= Beta 8-1.  Unfortunately the new release depends on newer versions of libraries than what Squeeze has.  Installing those libraries on Squeeze might defeat the purpose of using Debian for its stability and not recommended.  I think it&#8217;s best to use a precompiled binary from Mozilla directly. [&#8230;]</p>
]]></content:encoded>
	</item>
	<item>
		<title>By: Installing Firefox 4 Beta on Debian Squeeze &#171; Biboroku</title>
		<link>./../index.html#comment-127</link>
		<dc:creator><![CDATA[Installing Firefox 4 Beta on Debian Squeeze &#171; Biboroku]]></dc:creator>
		<pubDate>Fri, 24 Dec 2010 16:51:17 +0000</pubDate>
		<guid isPermaLink="false">http://nomo17k.wordpress.com/?p=1445#comment-127</guid>
		<description><![CDATA[[...] Installing Firefox 4 Beta on Debian&#160;Squeeze Filed under: Debian,Linux,Squeeze &#8212; nomo17k @ 12:53 Tags: admin, Debian/Squeeze, Firefox, install procedure, Linux, web browser  Caution: This note won&#8217;t work for a version &#062;= Beta 8-1.  Unfortunately the new release depends on newer versions of libraries than what Squeeze has.  Installing those libraries on Squeeze might defeat the purpose of using Debian for its stability and not recommended.  I think it&#8217;s best to use a precompiled binary from Mozilla directly. [...]]]></description>
		<content:encoded><![CDATA[<p>[&#8230;] Installing Firefox 4 Beta on Debian&nbsp;Squeeze Filed under: Debian,Linux,Squeeze &#8212; nomo17k @ 12:53 Tags: admin, Debian/Squeeze, Firefox, install procedure, Linux, web browser  Caution: This note won&#8217;t work for a version &gt;= Beta 8-1.  Unfortunately the new release depends on newer versions of libraries than what Squeeze has.  Installing those libraries on Squeeze might defeat the purpose of using Debian for its stability and not recommended.  I think it&#8217;s best to use a precompiled binary from Mozilla directly. [&#8230;]</p>
]]></content:encoded>
	</item>
</channel>
</rss>
