<?xml version="1.0" encoding="UTF-8"?><rss version="2.0"
	xmlns:content="http://purl.org/rss/1.0/modules/content/"
	xmlns:dc="http://purl.org/dc/elements/1.1/"
	xmlns:atom="http://www.w3.org/2005/Atom"
	xmlns:sy="http://purl.org/rss/1.0/modules/syndication/"
	
	>
<channel>
	<title>Comments on: Mounting an ext4 Partition over NFS on Mac OS X Snow Leopard</title>
	<atom:link href="./index.html" rel="self" type="application/rss+xml" />
	<link>./../index.html</link>
	<description>Taro Sato&#039;s Memorandum</description>
	<lastBuildDate>Mon, 07 Jan 2019 10:59:38 +0000</lastBuildDate>
	<sy:updatePeriod>hourly</sy:updatePeriod>
	<sy:updateFrequency>1</sy:updateFrequency>
	<generator>https://wordpress.org/?v=4.4.17</generator>
	<item>
		<title>By: Taro</title>
		<link>./../index.html#comment-190</link>
		<dc:creator><![CDATA[Taro]]></dc:creator>
		<pubDate>Wed, 26 Jan 2011 17:09:43 +0000</pubDate>
		<guid isPermaLink="false">http://nomo17k.wordpress.com/?p=1429#comment-190</guid>
		<description><![CDATA[gerard -- Maybe I&#039;ll give another shot one of these days when I have time.]]></description>
		<content:encoded><![CDATA[<p>gerard &#8212; Maybe I&#8217;ll give another shot one of these days when I have time.</p>
]]></content:encoded>
	</item>
	<item>
		<title>By: gerard</title>
		<link>./../index.html#comment-189</link>
		<dc:creator><![CDATA[gerard]]></dc:creator>
		<pubDate>Wed, 26 Jan 2011 16:32:09 +0000</pubDate>
		<guid isPermaLink="false">http://nomo17k.wordpress.com/?p=1429#comment-189</guid>
		<description><![CDATA[Well, by preliminary I guess it means that is not fully tested.  Anyhow, since it doesn&#039;t write to the partition, it should be safe to use.  If you steel feel like giving it a try, and it locks, you can get the logs by adding a third parameter when you mount the partition.  It would help if you could have a look and report a bug if it&#039;s appropriate.

BR,
Gerard.]]></description>
		<content:encoded><![CDATA[<p>Well, by preliminary I guess it means that is not fully tested.  Anyhow, since it doesn&#8217;t write to the partition, it should be safe to use.  If you steel feel like giving it a try, and it locks, you can get the logs by adding a third parameter when you mount the partition.  It would help if you could have a look and report a bug if it&#8217;s appropriate.</p>
<p>BR,<br />
Gerard.</p>
]]></content:encoded>
	</item>
	<item>
		<title>By: Taro</title>
		<link>./../index.html#comment-139</link>
		<dc:creator><![CDATA[Taro]]></dc:creator>
		<pubDate>Sun, 09 Jan 2011 07:03:23 +0000</pubDate>
		<guid isPermaLink="false">http://nomo17k.wordpress.com/?p=1429#comment-139</guid>
		<description><![CDATA[gerard -- I used the word preliminary just because the README implies that it&#039;s a work in progress.  Not surprising given that ext4 hasn&#039;t been adopted as widely yet I believe.  I remember that I couldn&#039;t mount an ext4 partition on my USB drive at all; mount just locked up.  I didn&#039;t know how to make it spew out log messages, so I kinda just gave up.]]></description>
		<content:encoded><![CDATA[<p>gerard &#8212; I used the word preliminary just because the README implies that it&#8217;s a work in progress.  Not surprising given that ext4 hasn&#8217;t been adopted as widely yet I believe.  I remember that I couldn&#8217;t mount an ext4 partition on my USB drive at all; mount just locked up.  I didn&#8217;t know how to make it spew out log messages, so I kinda just gave up.</p>
]]></content:encoded>
	</item>
	<item>
		<title>By: gerard</title>
		<link>./../index.html#comment-135</link>
		<dc:creator><![CDATA[gerard]]></dc:creator>
		<pubDate>Thu, 06 Jan 2011 20:42:38 +0000</pubDate>
		<guid isPermaLink="false">http://nomo17k.wordpress.com/?p=1429#comment-135</guid>
		<description><![CDATA[By ext4fuse having preliminary support you mean that it lacks write support? Or something else? Just curious :).  Oh, and if you feel like it, you might want to have a look at this =&#062; http://libguestfs.org/, I haven&#039;t tried, but maybe you can compile it on OSX.]]></description>
		<content:encoded><![CDATA[<p>By ext4fuse having preliminary support you mean that it lacks write support? Or something else? Just curious :).  Oh, and if you feel like it, you might want to have a look at this =&gt; <a href="http://libguestfs.org/" rel="nofollow">http://libguestfs.org/</a>, I haven&#8217;t tried, but maybe you can compile it on OSX.</p>
]]></content:encoded>
	</item>
	<item>
		<title>By: conor</title>
		<link>./../index.html#comment-126</link>
		<dc:creator><![CDATA[conor]]></dc:creator>
		<pubDate>Sat, 01 Jan 2011 18:27:00 +0000</pubDate>
		<guid isPermaLink="false">http://nomo17k.wordpress.com/?p=1429#comment-126</guid>
		<description><![CDATA[thanks, helped me with setting up an NFS file server using virtualbox and connecting to it with the host machine!]]></description>
		<content:encoded><![CDATA[<p>thanks, helped me with setting up an NFS file server using virtualbox and connecting to it with the host machine!</p>
]]></content:encoded>
	</item>
</channel>
</rss>
