<?xml version="1.0" encoding="UTF-8"?><rss version="2.0"
	xmlns:content="http://purl.org/rss/1.0/modules/content/"
	xmlns:wfw="http://wellformedweb.org/CommentAPI/"
	xmlns:dc="http://purl.org/dc/elements/1.1/"
	xmlns:atom="http://www.w3.org/2005/Atom"
	xmlns:sy="http://purl.org/rss/1.0/modules/syndication/"
	xmlns:slash="http://purl.org/rss/1.0/modules/slash/"
	>

<channel>
	<title>Etch &#8211; Biboroku</title>
	<atom:link href="./index.html" rel="self" type="application/rss+xml" />
	<link>./../../../../../index.html</link>
	<description>Taro Sato&#039;s Memorandum</description>
	<lastBuildDate>Fri, 20 Apr 2018 17:49:10 +0000</lastBuildDate>
	<language>en-US</language>
	<sy:updatePeriod>hourly</sy:updatePeriod>
	<sy:updateFrequency>1</sy:updateFrequency>
	<generator>https://wordpress.org/?v=4.4.17</generator>
	<item>
		<title>Olympus C-750 on Debian Etch</title>
		<link>./../../../../../2009/03/olympus-c-750-on-debian-etch/index.html</link>
		<comments>./../../../../../2009/03/olympus-c-750-on-debian-etch/index.html#respond</comments>
		<pubDate>Sat, 28 Mar 2009 01:42:48 +0000</pubDate>
		<dc:creator><![CDATA[Taro]]></dc:creator>
				<category><![CDATA[Debian]]></category>
		<category><![CDATA[Etch]]></category>
		<category><![CDATA[Linux]]></category>

		<guid isPermaLink="false">http://nomo17k.wordpress.com/?p=285</guid>
		<description><![CDATA[Note: This may be an obsolete method of using the digital camera with Debian (I would use udev but otherwise let KDE handle it as a simple USB device). I&#8217;m keeping this for record. The kernel (2.6.x) must have USB_STORAGE &#8230; <a href="./../../../../../2009/03/olympus-c-750-on-debian-etch/index.html">Continue reading <span class="meta-nav">&#8594;</span></a>]]></description>
				<content:encoded><![CDATA[<p>Note: This may be an obsolete method of using the digital camera with Debian (I would use udev but otherwise let KDE handle it as a simple USB device).  I&#8217;m keeping this for record.</p>
<p>The kernel (2.6.x) must have USB_STORAGE (M), USB_HID, and USB_DEVICEFS.  Options SCSI (M) and BLK_DEV_SD (M) under SCSI device support are also needed.</p>
<p>Add usb-storage to <em>/etc/modules</em> file for automatic startup on boot.  Then</p>
<pre style="border:1px solid #ccc;padding:4px;">
# apt-get install sg3-utils hotplug
# tail /var/log/messages
</pre>
<p>to see where the digital camera is located.  Use that to add an entry to <em>/etc/fstab</em>:</p>
<pre style="border:1px solid #ccc;padding:4px;">
/dev/sda1    /media/camera       vfat     noauto,user,umask=000    0    0
</pre>
<p>Connect the camera to a USB port, and turns it on.  Reboot the machine. The camera can be mounted using</p>
<pre style="border:1px solid #ccc;padding:4px;">
$ mount /media/camera
</pre>
]]></content:encoded>
			<wfw:commentRss>./../../../../../2009/03/olympus-c-750-on-debian-etch/feed/index.html</wfw:commentRss>
		<slash:comments>0</slash:comments>
		</item>
		<item>
		<title>IDL v6.0.3 on Debian Etch</title>
		<link>./../../../../../2009/03/idl-v603-on-debian-etch/index.html</link>
		<comments>./../../../../../2009/03/idl-v603-on-debian-etch/index.html#respond</comments>
		<pubDate>Mon, 23 Mar 2009 00:46:10 +0000</pubDate>
		<dc:creator><![CDATA[Taro]]></dc:creator>
				<category><![CDATA[Debian]]></category>
		<category><![CDATA[Etch]]></category>
		<category><![CDATA[Linux]]></category>

		<guid isPermaLink="false">http://nomo17k.wordpress.com/?p=227</guid>
		<description><![CDATA[(Note: This is an old installation note.) Install version 6.0 as described in the installation guide (i.e., install in /usr/local/rsi). Since v6.0 is in the archive, you need to contact the customer support to obtain a link to the download. &#8230; <a href="./../../../../../2009/03/idl-v603-on-debian-etch/index.html">Continue reading <span class="meta-nav">&#8594;</span></a>]]></description>
				<content:encoded><![CDATA[<p>(Note: This is an old installation note.)</p>
<p>Install version 6.0 as described in the installation guide (i.e., install in <em>/usr/local/rsi</em>).  Since v6.0 is in the archive, you need to <a href="http://www.ittvis.com/idl/">contact the customer support</a> to obtain a link to the download.  Also ask for v6.0.3 patch, which is a separate download.</p>
<p>After installing IDL, you need to install the license manager. lmgrd needs accss to a temporary location, so do:</p>
<pre style="border:1px solid #ccc;padding:4px;">
# sudo mkdir /usr/tmp
</pre>
<p>Store the license file to <em>/usr/local/rsi/license/license.dat</em>.</p>
<p>Make a script that runs lmgrd:</p>
<pre style="border:1px solid #ccc;padding:4px;">
#!/bin/bash
LD_ASSUME_KERNEL=2.4.1
export LD_ASSUME_KERNEL
/usr/local/rsi/idl/bin/lmgrd &gt; /tmp/idl_lmgrd.log
</pre>
<p>Copy the above script (call it run_lmgrd) to <em>/etc/init.d</em>, and make a symlink to it in <em>/etc/rc2.d/S20run_lmgrd</em>.  After rebooting (or running the script manually), the license should be honored.</p>
<p>Obtain the <a href="http://idlastro.gsfc.nasa.gov/">IDL Astronomy User&#8217;s Library</a> (file: astron.tar.gz) and install .pro files into <em>/usr/local/lib/idl/astrolib/pro</em></p>
<p>Adding the above path to IDL_PATH enables the use.</p>
<p>Recycle and store <em>.idlenv</em> and <em>.idlstartup</em> into the user&#8217;s home directory.</p>
<p>Add lines</p>
<pre style="border:1px solid #ccc;padding:4px;">
. /usr/local/rsi/idl/bin/idl_setup.bash
. /home/taro/.idlenv
export LM_LICENSE_FILE=/usr/local/rsi/license/license.dat
</pre>
<p>to <em>~/.bashrc</em>.</p>
<p>Install the v6.0.3 patch following the supplied instruction manual.</p>
]]></content:encoded>
			<wfw:commentRss>./../../../../../2009/03/idl-v603-on-debian-etch/feed/index.html</wfw:commentRss>
		<slash:comments>0</slash:comments>
		</item>
		<item>
		<title>Mathematica 4.2 on Debian Etch</title>
		<link>./../../../../../2009/03/mathematica-42-on-debian-etch/index.html</link>
		<comments>./../../../../../2009/03/mathematica-42-on-debian-etch/index.html#respond</comments>
		<pubDate>Sun, 22 Mar 2009 22:47:49 +0000</pubDate>
		<dc:creator><![CDATA[Taro]]></dc:creator>
				<category><![CDATA[Debian]]></category>
		<category><![CDATA[Etch]]></category>
		<category><![CDATA[Linux]]></category>

		<guid isPermaLink="false">http://nomo17k.wordpress.com/?p=218</guid>
		<description><![CDATA[Note: I&#8217;m yet to successfully install Mathematica 4.2 on Lenny. I might try again or it is really the time to stop using it. Symbolic math is so convenient though&#8230; Meanwhile, please let me know if you know of a &#8230; <a href="./../../../../../2009/03/mathematica-42-on-debian-etch/index.html">Continue reading <span class="meta-nav">&#8594;</span></a>]]></description>
				<content:encoded><![CDATA[<p>Note: I&#8217;m yet to successfully install Mathematica 4.2 on Lenny.  I might try again or it is really the time to stop using it.  Symbolic math is so convenient though&#8230;  Meanwhile, please let me know if you know of a good open-source alternative!</p>
<p>Mount the install CD:</p>
<pre style="border:1px solid #ccc;padding:4px;">
# mount -o exec -r -t iso9660 /dev/hdc /media/cdrom
</pre>
<p>where <em>/dev/hdc</em> should be replaced by the device of your CD/DVD drive.</p>
<pre style="border:1px solid #ccc;padding:4px;">
# cd /media/cdrom/Installers/Linux
# ./MathInstaller
</pre>
<p>Choose default directory, &#8220;Linux&#8221; install type, Full install, Single machine, and default install directory.</p>
<p>When copying files is finished, you need to create a couple symlinks:</p>
<pre style="border:1px solid #ccc;padding:4px;">
# cd /usr/X11R6/lib/X11
# ln -s /usr/share/X11/XKeysymDB XKeysymDB
# ln -s /usr/share/X11/locale locale
</pre>
<p>You then need to set things up for dynamically-linked binaries.  The detailed documentation is given <a href="http://support.wolfram.com/mathematica/systems/linux/intel/dynamic.html">here</a>, and here&#8217;s a summary:</p>
<pre style="border:1px solid #ccc;padding:4px;">
# SRC=/media/cdrom/Files/SystemFiles
# DST=/usr/local/Wolfram/Mathematica/4.2/SystemFiles
# cp -r ${SRC}/Kernel/Binaries/Linux-dyn ${DST}/Kernel/Binaries
# cp -r ${SRC}/Kernel/SystemResources/Linux-dyn ${DST}/Kernel/SystemResources
# cp -r ${SRC}/FrontEnd/Binaries/Linux-dyn ${DST}/FrontEnd/Binaries
# cp -r ${SRC}/Graphics/Binaries/Linux-dyn ${DST}/Graphics/Binaries
# cp -r ${SRC}/Converters/Binaries/Linux-dyn ${DST}/Converters/Binaries
</pre>
<p>Now you need to modify some scripts.  In the directory</p>
<pre style="border:1px solid #ccc;padding:4px;">
# cd /usr/local/Wolfram/Mathematica/4.2/Executables/Linux
</pre>
<p>find scripts named <tt>math</tt>, <tt>mathematica</tt>, <tt>MathKernel</tt>, and <tt>Mathematica</tt>.  In all these files, replace the line</p>
<pre style="border:1px solid #ccc;padding:4px;">
sysid=Linux
</pre>
<p>to</p>
<pre style="border:1px solid #ccc;padding:4px;">
sysid=Linux-dyn
</pre>
<p>Also add a line</p>
<pre style="border:1px solid #ccc;padding:4px;">
export LD_ASSUME_KERNEL=2.4.1
</pre>
<p>to the same files.</p>
<p>Do the same for the similarly named scripts in the directory <em>/usr/local/bin</em>.</p>
<p>That should be it.  You will need a license number and a password to use the product.</p>
]]></content:encoded>
			<wfw:commentRss>./../../../../../2009/03/mathematica-42-on-debian-etch/feed/index.html</wfw:commentRss>
		<slash:comments>0</slash:comments>
		</item>
		<item>
		<title>Linksys WMP54G on Debian Etch</title>
		<link>./../../../../../2009/03/linksys-wmp54g-on-debian-etch/index.html</link>
		<comments>./../../../../../2009/03/linksys-wmp54g-on-debian-etch/index.html#respond</comments>
		<pubDate>Sun, 22 Mar 2009 22:38:14 +0000</pubDate>
		<dc:creator><![CDATA[Taro]]></dc:creator>
				<category><![CDATA[Debian]]></category>
		<category><![CDATA[Etch]]></category>
		<category><![CDATA[Linux]]></category>

		<guid isPermaLink="false">http://nomo17k.wordpress.com/?p=216</guid>
		<description><![CDATA[(Note: This is for Etch and may be obsolete.) Follow the &#8220;official&#8221; instruction for etch, which is summarized as: # apt-get install module-assistant # module-assistant prepare # apt-get install rt2500-source # module-assistant auto-install rt2500-source Reboot or load right away: # &#8230; <a href="./../../../../../2009/03/linksys-wmp54g-on-debian-etch/index.html">Continue reading <span class="meta-nav">&#8594;</span></a>]]></description>
				<content:encoded><![CDATA[<p>(Note: This is for Etch and may be obsolete.)</p>
<p>Follow the <a href="http://rt2x00.serialmonkey.com/wiki/index.php/Debian_rt2500_Howto">&#8220;official&#8221; instruction for etch</a>, which is summarized as:</p>
<pre style="border:1px solid #ccc;padding:4px;">
# apt-get install module-assistant
# module-assistant prepare
# apt-get install rt2500-source
# module-assistant auto-install rt2500-source
</pre>
<p>Reboot or load right away:</p>
<pre style="border:1px solid #ccc;padding:4px;">
# modprobe rt2500
</pre>
<p>To see which device name has been assigned, do</p>
<pre style="border:1px solid #ccc;padding:4px;">
# ifconfig -a
</pre>
<p>Then see configuring network to finish off configurinig <em>/etc/network/interfaces</em>.</p>
<p>Unfortunately, the rt2500 driver is still buggy, and may need</p>
<pre style="border:1px solid #ccc;padding:4px;">
# iwconfig wlan0 rate 54M
</pre>
<p>to make it work at its full capacity.  Write a script which runs the above command somewhere, e.g., <em>~/.kde/Autostart</em>, so that you do not have to do this manually.</p>
]]></content:encoded>
			<wfw:commentRss>./../../../../../2009/03/linksys-wmp54g-on-debian-etch/feed/index.html</wfw:commentRss>
		<slash:comments>0</slash:comments>
		</item>
		<item>
		<title>Using NSF Filesystem to Use an Old Debian Box as File Server</title>
		<link>./../../../../../2009/03/using-nsf-filesystem-to-use-an-old-debian-box-as-file-server/index.html</link>
		<comments>./../../../../../2009/03/using-nsf-filesystem-to-use-an-old-debian-box-as-file-server/index.html#respond</comments>
		<pubDate>Sun, 22 Mar 2009 22:17:20 +0000</pubDate>
		<dc:creator><![CDATA[Taro]]></dc:creator>
				<category><![CDATA[Debian]]></category>
		<category><![CDATA[Etch]]></category>
		<category><![CDATA[Linux]]></category>

		<guid isPermaLink="false">http://nomo17k.wordpress.com/?p=208</guid>
		<description><![CDATA[Note: This is an old note. I tend to use a very old and slow desktop Debian (then Etch) box as a file server for backup and extra storage. This was my attempt to do it via NSF. The documentation &#8230; <a href="./../../../../../2009/03/using-nsf-filesystem-to-use-an-old-debian-box-as-file-server/index.html">Continue reading <span class="meta-nav">&#8594;</span></a>]]></description>
				<content:encoded><![CDATA[<p>Note: This is an old note.  I tend to use a very old and slow desktop Debian (then Etch) box as a file server for backup and extra storage.  This was my attempt to do it via NSF.  The documentation has not been updated for Lenny.</p>
<p>First, kernel must be built with appropriate modules pertaining NSF, both on client and server sides.</p>
<h2>Server Configuration</h2>
<p>Make sure to have the following kernel support:</p>
<pre style="border:1px solid #ccc;padding:4px;">
NFSD     (m)
NFSD_V3  (y)
NFSD_TCP (y)
</pre>
<p>On the server side, install following packages:</p>
<pre style="border:1px solid #ccc;padding:4px;">
# apt-get install nfs-kernel-server nfs-common portmap
</pre>
<p>Edit <em>/etc/exports</em> such that the directories to be exported and the clients needing access to them are specified, e.g.,</p>
<pre style="border:1px solid #ccc;padding:4px;">
/some/dir client(rw,sync)
</pre>
<p>Note that &#8220;async&#8221; option, instead of &#8220;sync&#8221;, should be used if high performance is desired (the chance of data corruption upon server crash will be higher, though).</p>
<p>Then execute</p>
<pre style="border:1px solid #ccc;padding:4px;">
# exportfs -a
</pre>
<p>to make the change in effect.</p>
<h2>Client Configuration</h2>
<p>Make sure to have the following kernel support:</p>
<pre style="border:1px solid #ccc;padding:4px;">
NFS_FS   (m)
NFS_V3   (y)
</pre>
<p>On the client side, install following packages:</p>
<pre style="border:1px solid #ccc;padding:4px;">
# apt-get install nfs-common portmap
</pre>
<p>The remote directory <em>server:/some/dir</em> can be mounted at this point. However, most likely you may want to add a line to <em>/etc/fstab</em>:</p>
<pre style="border:1px solid #ccc;padding:4px;">
server:/some/dir /mnt/somer/dir nfs rw,hard,intr,rsize=1024,wsize=1024 0 0
</pre>
<p>To optimize the transfer rate, rsize and wsize needs to be determined by experimentation.  Use a script like this:</p>
<pre style="border:1px solid #ccc;padding:4px;">
# BEGIN transtest.sh ########################################################
#!/bin/bash

# Specify a mount point.
MNTPT=/some/dir

# Specify a file to be generated.
FNAME=${MNTPT}/testfile

# File size in MB.
let "FSIZE = 1024 * 1024 *  100"

# Block sizes to try.
BSARR=(1024 2048 4096 8192 16384 32768 65536)

# Do the measurements!
for idx in `seq 0 6`;
  do
  for i in `seq 1 3`;
    do

    BS=${BSARR[idx]}
    let "COUNT=${FSIZE}/${BS}"

    echo "##### Iteration $i at bs=${BS} and count=${COUNT} #####"

    sudo umount ${MNTPT}
    sudo mount ${MNTPT}

    echo "Writing to ${FNAME}..."
    time dd if=/dev/zero of=${FNAME} bs=${BS} count=${COUNT}

    sudo umount ${MNTPT}
    sudo mount ${MNTPT}

    echo "Reading from ${FNAME}..."
    time dd if=${FNAME} of=/dev/null bs=${BS}

    echo ""
  done
done

rm ${FNAME}

echo "Done."
# END transtest.sh ##########################################################
</pre>
<p>Change FSIZE to mean about twice the physical RAM of the server.  Run the script (which should be placed on the client machine, outside the directory tree to be mounted) as a user who can un/mount and has a write permission to the directory.  This takes a long time, so the output should be saved</p>
<pre style="border:1px solid #ccc;padding:4px;">
someone$ ./transtest.sh &gt; testout 2&gt;&amp;1
</pre>
<p>Pick the lowest rsize and wsize values which gives you the fast transfer rates.</p>
]]></content:encoded>
			<wfw:commentRss>./../../../../../2009/03/using-nsf-filesystem-to-use-an-old-debian-box-as-file-server/feed/index.html</wfw:commentRss>
		<slash:comments>0</slash:comments>
		</item>
		<item>
		<title>Wacom Intuos Tablet on Debian Etch</title>
		<link>./../../../../../2009/03/wacom-intuos-tablet-on-debian-etch/index.html</link>
		<comments>./../../../../../2009/03/wacom-intuos-tablet-on-debian-etch/index.html#respond</comments>
		<pubDate>Sun, 22 Mar 2009 21:16:12 +0000</pubDate>
		<dc:creator><![CDATA[Taro]]></dc:creator>
				<category><![CDATA[Debian]]></category>
		<category><![CDATA[Etch]]></category>
		<category><![CDATA[Linux]]></category>

		<guid isPermaLink="false">http://nomo17k.wordpress.com/?p=196</guid>
		<description><![CDATA[(Note: This is for Debian Etch, not Lenny. I have not tried this on Lenny.) The kernel module &#8220;wacom&#8221; from 2.6.16 should work out of the box. Install some packages: # apt-get install wacom-tools Add the following input devices to &#8230; <a href="./../../../../../2009/03/wacom-intuos-tablet-on-debian-etch/index.html">Continue reading <span class="meta-nav">&#8594;</span></a>]]></description>
				<content:encoded><![CDATA[<p>(Note: This is for Debian Etch, not Lenny.  I have not tried this on Lenny.)</p>
<p>The kernel module &#8220;wacom&#8221; from 2.6.16 should work out of the box.</p>
<p>Install some packages:</p>
<pre style="border:1px solid #ccc;padding:4px;">
# apt-get install wacom-tools
</pre>
<p>Add the following input devices to <em>/etc/X11/xorg.conf</em>:</p>
<pre style="border:1px solid #ccc;padding:4px;">
Section "InputDevice"
	Identifier	"stylus"
	Driver		"wacom"
	Option		"Type"		"stylus"
	Option		"Mode"		"Absolute"
	Option		"USB"		"on"
	Option		"Threshold"	"10"
	Option		"Tilt"		"on"
	Option		"Device"	"/dev/input/wacom"
EndSection

Section "InputDevice"
	Identifier	"eraser"
	Driver		"wacom"
	Option		"Type"		"eraser"
	Option		"Mode"		"Absolute"
	Option		"USB"		"on"
	Option		"Tilt"		"on"
	Option		"Threshold"	"10"
	Option		"Device"	"/dev/input/wacom"
EndSection

Section "InputDevice"
	Identifier	"cursor"
	Driver		"wacom"
	Option		"Type"		"cursor"
	Option		"Mode"		"Relative"
	Option		"USB"		"on"
	Option		"Threshold"	"10"
	Option		"Device"	"/dev/input/wacom"
EndSection

Section "InputDevice"
	Identifier	"pad"
	Driver		"wacom"
	Option		"Device"	"/dev/input/wacom"
	Option		"Type"		"pad"
	Option		"USB"		"on"
EndSection
</pre>
<p>Add to ServerLayout:</p>
<pre style="border:1px solid #ccc;padding:4px;">
Section "ServerLayout"
	...

	InputDevice	"stylus"	"SendCoreEvents"
	InputDevice	"eraser"	"SendCoreEvents"
	InputDevice	"cursor"	"SendCoreEvents"
	InputDevice	"pad"		""
EndSection
</pre>
<h2>GIMP</h2>
<p>To use cool features like pressure sensitivity and eraser with GIMP, go to: File -&gt; Preferences -&gt; Input Devices -&gt; Configure Extended Input Devices, and set stylus, cursor, eraser, pad to &#8220;Screen.&#8221;  This should be it!</p>
]]></content:encoded>
			<wfw:commentRss>./../../../../../2009/03/wacom-intuos-tablet-on-debian-etch/feed/index.html</wfw:commentRss>
		<slash:comments>0</slash:comments>
		</item>
		<item>
		<title>Gnuplot (v4.3) from CVS on Debian Etch</title>
		<link>./../../../../../2009/03/gnuplot-v43-from-cvs-on-debian-etch/index.html</link>
		<comments>./../../../../../2009/03/gnuplot-v43-from-cvs-on-debian-etch/index.html#respond</comments>
		<pubDate>Sun, 22 Mar 2009 21:04:51 +0000</pubDate>
		<dc:creator><![CDATA[Taro]]></dc:creator>
				<category><![CDATA[Debian]]></category>
		<category><![CDATA[Etch]]></category>
		<category><![CDATA[Linux]]></category>

		<guid isPermaLink="false">http://nomo17k.wordpress.com/?p=191</guid>
		<description><![CDATA[(Note that this is for Debian Etch and written back in 2007. It may have become obsolete now. I&#8217;m just keeping it for record.) (See http://www.gnuplot.info/ for detail.) First, install LaTeX stuff (see other instruction) and others: # apt-get install &#8230; <a href="./../../../../../2009/03/gnuplot-v43-from-cvs-on-debian-etch/index.html">Continue reading <span class="meta-nav">&#8594;</span></a>]]></description>
				<content:encoded><![CDATA[<p>(Note that this is for Debian Etch and written back in 2007.  It may have become obsolete now.  I&#8217;m just keeping it for record.)</p>
<p>(See <a href="http://www.gnuplot.info/">http://www.gnuplot.info/</a> for detail.)</p>
<p>First, install LaTeX stuff (see other instruction) and others:</p>
<pre style="border:1px solid #ccc;padding:4px;">
# apt-get install cvs groff cm-super texinfo
</pre>
<p>The summary of building from CVS source:</p>
<pre style="border:1px solid #ccc;padding:4px;">
# mkdir /usr/local/src/gnuplot
# cd /usr/local/src/gnuplot
# export CVSROOT=:pserver:anonymous@gnuplot.cvs.sourceforge.net:/cvsroot/gnuplot
# cvs login
# cvs -z3 checkout gnuplot
# cd gnuplot
# ./prepare
</pre>
<p>(If ./prepare complains about aclocal or something else, install some packages</p>
<pre style="border:1px solid #ccc;padding:4px;">
# apt-get install automake1.9 autoconf
</pre>
<p>before you do ./prepare.)</p>
<pre style="border:1px solid #ccc;padding:4px;">
# ./configure --with-readline=gnu
# make
# make install-strip
# apt-get install gnuplot-mode
</pre>
]]></content:encoded>
			<wfw:commentRss>./../../../../../2009/03/gnuplot-v43-from-cvs-on-debian-etch/feed/index.html</wfw:commentRss>
		<slash:comments>0</slash:comments>
		</item>
		<item>
		<title>Matrox MGA G400-TV on Debian Etch</title>
		<link>./../../../../../2009/03/matrox-mga-g400-tv-on-debian-etch/index.html</link>
		<comments>./../../../../../2009/03/matrox-mga-g400-tv-on-debian-etch/index.html#respond</comments>
		<pubDate>Sun, 22 Mar 2009 20:51:37 +0000</pubDate>
		<dc:creator><![CDATA[Taro]]></dc:creator>
				<category><![CDATA[Debian]]></category>
		<category><![CDATA[Etch]]></category>
		<category><![CDATA[Linux]]></category>

		<guid isPermaLink="false">http://nomo17k.wordpress.com/?p=188</guid>
		<description><![CDATA[(Note that this is for Debian Etch, as I have not tried the procedure on Lenny. It may have become obsolete now.) (For more detail, see http://marvel.sourceforge.net/) # apt-get install cvs This instruction is for kernel version 2.6.18. # mkdir &#8230; <a href="./../../../../../2009/03/matrox-mga-g400-tv-on-debian-etch/index.html">Continue reading <span class="meta-nav">&#8594;</span></a>]]></description>
				<content:encoded><![CDATA[<p>(Note that this is for Debian Etch, as I have not tried the procedure on Lenny.  It may have become obsolete now.)</p>
<p>(For more detail, see <a href="http://marvel.sourceforge.net/">http://marvel.sourceforge.net/</a>)</p>
<pre style="border:1px solid #ccc;padding:4px;">
# apt-get install cvs
</pre>
<p>This instruction is for kernel version 2.6.18.</p>
<pre style="border:1px solid #ccc;padding:4px;">
# mkdir /usr/local/src/matrox/mgavideo
# cd /usr/local/src/matrox/mgavideo
</pre>
<p>First, download the driver_fb source from the CVS repository (you may also use an appropriate stable version):</p>
<pre style="border:1px solid #ccc;padding:4px;">
# cvs -d:pserver:anonymous@marvel.cvs.sourceforge.net:/cvsroot/marvel login
# cvs -z3 -d:pserver:anonymous@marvel.cvs.sourceforge.net:/cvsroot/marvel co -P driver_fb
</pre>
<p>The Linux kernel source must be patched and recompiled.  Follow the README.  Here&#8217;s the summary:</p>
<pre style="border:1px solid #ccc;padding:4px;">
# cd /usr/src/linux
# emacs Makefile      # append to kernel version
# make mrproper
# make clean
# patch -p1 &lt; /usr/local/src/matrox/mgavideo/driver_fb/kernel-2.6.19.patch
# make xconfig        # if you need to change kernel options
# make-kpkg clean
# make-kpkg kernel_image
# cd ..
# dpkg -i linux-image-***.deb
</pre>
<p>Reboot and then</p>
<pre style="border:1px solid #ccc;padding:4px;">
# cd /usr/local/src/matrox/mgavideo/driver_fb
# make
</pre>
<p>In the module loading script iv, you need to comment out the following line:</p>
<pre style="border:1px solid #ccc;padding:4px;">
#/sbin/modprobe matroxfb_maven
</pre>
<p>Create a script <em>/etc/init.d/iv</em> with the contents:</p>
<pre style="border:1px solid #ccc;padding:4px;">
#!/bin/sh
cd /usr/local/src/matrox/mgavideo/driver_fb
./iv
</pre>
<p>Make the script executable and create a symlink in <em>/etc/rc2.d</em>:</p>
<pre style="border:1px solid #ccc;padding:4px;">
# chmod a+x /etc/init.d/iv
# ln -s /etc/init.d/iv /etc/rc2.d/S98iv
</pre>
<p>Reboot, and should be set.</p>
<pre style="border:1px solid #ccc;padding:4px;">
# apt-get install xawtv scantv xawtv-plugins xserver-xorg-video-mga
</pre>
<p>You may want to recycle the xawtv config file, <em>/etc/X11/xawtvrc</em> from the previous installation.  Also modify the &#8220;Device&#8221; section of <em>/etc/X11/xorg.conf</em> to specify &#8220;mga&#8221; as Driver.</p>
<p>Finally, add a line</p>
<pre style="border:1px solid #ccc;padding:4px;">
xawtv.xv: false
</pre>
<p>to <em>~/.Xresources</em> so that DVD viewing with xv is possible.</p>
<p>If you are annoyed by some garbled windows while watching TV, setting</p>
<pre style="border:1px solid #ccc;padding:4px;">
DefaultDepth 16
</pre>
<p>in the &#8220;Screen&#8221; section of <em>/etc/X11/xorg.conf</em> should solve the problem.</p>
]]></content:encoded>
			<wfw:commentRss>./../../../../../2009/03/matrox-mga-g400-tv-on-debian-etch/feed/index.html</wfw:commentRss>
		<slash:comments>0</slash:comments>
		</item>
	</channel>
</rss>
