<?xml version="1.0" encoding="UTF-8"?><rss version="2.0"
	xmlns:content="http://purl.org/rss/1.0/modules/content/"
	xmlns:dc="http://purl.org/dc/elements/1.1/"
	xmlns:atom="http://www.w3.org/2005/Atom"
	xmlns:sy="http://purl.org/rss/1.0/modules/syndication/"
	
	>
<channel>
	<title>Comments on: Installing 64-bit CFITSIO 3.181 on Mac OS X Leopard</title>
	<atom:link href="./index.html" rel="self" type="application/rss+xml" />
	<link>./../index.html</link>
	<description>Taro Sato&#039;s Memorandum</description>
	<lastBuildDate>Mon, 07 Jan 2019 10:59:38 +0000</lastBuildDate>
	<sy:updatePeriod>hourly</sy:updatePeriod>
	<sy:updateFrequency>1</sy:updateFrequency>
	<generator>https://wordpress.org/?v=4.4.17</generator>
	<item>
		<title>By: Installing HOTPANTS 5.1.10 on Mac OS X Leopard &#171; Biboroku</title>
		<link>./../index.html#comment-41</link>
		<dc:creator><![CDATA[Installing HOTPANTS 5.1.10 on Mac OS X Leopard &#171; Biboroku]]></dc:creator>
		<pubDate>Thu, 11 Mar 2010 19:27:30 +0000</pubDate>
		<guid isPermaLink="false">http://nomo17k.wordpress.com/?p=640#comment-41</guid>
		<description><![CDATA[[...] The 64-bit version of HOTPANTS is twice as sultry, I need to try it.  The change is that you need to first build 64-bit version of CFITSIO. [...]]]></description>
		<content:encoded><![CDATA[<p>[&#8230;] The 64-bit version of HOTPANTS is twice as sultry, I need to try it.  The change is that you need to first build 64-bit version of CFITSIO. [&#8230;]</p>
]]></content:encoded>
	</item>
</channel>
</rss>
