<?xml version="1.0" encoding="UTF-8"?><rss version="2.0"
	xmlns:content="http://purl.org/rss/1.0/modules/content/"
	xmlns:wfw="http://wellformedweb.org/CommentAPI/"
	xmlns:dc="http://purl.org/dc/elements/1.1/"
	xmlns:atom="http://www.w3.org/2005/Atom"
	xmlns:sy="http://purl.org/rss/1.0/modules/syndication/"
	xmlns:slash="http://purl.org/rss/1.0/modules/slash/"
	>

<channel>
	<title>binary tree &#8211; cs4bum</title>
	<atom:link href="./index.html" rel="self" type="application/rss+xml" />
	<link>./../../../index.html</link>
	<description>Algorithms, data structures, brain teasers, etc.</description>
	<lastBuildDate>Sat, 06 Oct 2012 06:38:03 +0000</lastBuildDate>
	<language>en-US</language>
	<sy:updatePeriod>hourly</sy:updatePeriod>
	<sy:updateFrequency>1</sy:updateFrequency>
	<generator>https://wordpress.org/?v=4.4.17</generator>
	<item>
		<title>Reconstructing a binary tree from pre-order and in-order traversals</title>
		<link>./../../../2012/09/08/reconstructing-a-binary-tree/index.html</link>
		<comments>./../../../2012/09/08/reconstructing-a-binary-tree/index.html#respond</comments>
		<pubDate>Sat, 08 Sep 2012 23:09:53 +0000</pubDate>
		<dc:creator><![CDATA[okomestudio]]></dc:creator>
				<category><![CDATA[Uncategorized]]></category>
		<category><![CDATA[algorithm]]></category>
		<category><![CDATA[binary tree]]></category>
		<category><![CDATA[data structure]]></category>
		<category><![CDATA[Python]]></category>
		<category><![CDATA[recursion]]></category>

		<guid isPermaLink="false">./../../../index.html?p=178</guid>
		<description><![CDATA[Given pre-order and in-order traversal of a tree, reconstruct the binary tree. Python]]></description>
				<content:encoded><![CDATA[<blockquote><p>Given pre-order and in-order traversal of a tree, reconstruct the binary tree.</p></blockquote>
<h3>Python</h3>
<pre class="brush: python; light: false; title: ; toolbar: true; notranslate">#!/usr/bin/env python2.6
#
# Problem:
#
#   Given pre-order and in-order traversal of a tree, reconstruct the
#   binary tree.


def find_bt(preorder, inorder):
    if len(preorder) == 0 and len(inorder) == 0:
        return None

    key = preorder[0]
    bt = [key, None, None]
    
    idx = inorder.index(key)

    bt[1] = find_bt(preorder[1:1+idx], inorder[:idx])
    bt[2] = find_bt(preorder[1+idx:], inorder[idx+1:])

    return bt


def main():
    preorder = [7, 10, 4, 3, 1, 2, 8, 11]
    inorder = [4, 10, 3, 1, 7, 11, 8, 2]

    bt = find_bt(preorder, inorder)

    # binary tree in Python can be represented by a list of lists
    # [key, left, right]
    print bt


if __name__ == '__main__':
    main()</pre>
]]></content:encoded>
			<wfw:commentRss>./../../../2012/09/08/reconstructing-a-binary-tree/feed/index.html</wfw:commentRss>
		<slash:comments>0</slash:comments>
		</item>
	</channel>
</rss>
