<?xml version="1.0" encoding="UTF-8"?><rss version="2.0"
	xmlns:content="http://purl.org/rss/1.0/modules/content/"
	xmlns:dc="http://purl.org/dc/elements/1.1/"
	xmlns:atom="http://www.w3.org/2005/Atom"
	xmlns:sy="http://purl.org/rss/1.0/modules/syndication/"
	
	>
<channel>
	<title>Comments on: Installing Debian Squeeze on Dell XPS 630i</title>
	<atom:link href="./index.html" rel="self" type="application/rss+xml" />
	<link>./../index.html</link>
	<description>Taro Sato&#039;s Memorandum</description>
	<lastBuildDate>Mon, 07 Jan 2019 10:59:38 +0000</lastBuildDate>
	<sy:updatePeriod>hourly</sy:updatePeriod>
	<sy:updateFrequency>1</sy:updateFrequency>
	<generator>https://wordpress.org/?v=4.4.17</generator>
	<item>
		<title>By: Walker Litsey</title>
		<link>./../index.html#comment-491</link>
		<dc:creator><![CDATA[Walker Litsey]]></dc:creator>
		<pubDate>Mon, 04 Apr 2011 11:46:07 +0000</pubDate>
		<guid isPermaLink="false">http://nomo17k.wordpress.com/?p=742#comment-491</guid>
		<description><![CDATA[thx]]></description>
		<content:encoded><![CDATA[<p>thx</p>
]]></content:encoded>
	</item>
	<item>
		<title>By: Installing Debian Squeeze (with dist-upgrade from Lenny) on Dell XPS 630i &#124; Debian-News.net - Your one stop for news about Debian</title>
		<link>./../index.html#comment-48</link>
		<dc:creator><![CDATA[Installing Debian Squeeze (with dist-upgrade from Lenny) on Dell XPS 630i &#124; Debian-News.net - Your one stop for news about Debian]]></dc:creator>
		<pubDate>Sun, 21 Mar 2010 17:28:11 +0000</pubDate>
		<guid isPermaLink="false">http://nomo17k.wordpress.com/?p=742#comment-48</guid>
		<description><![CDATA[[...] I wanted to do a fresh install using an install CD for Squeeze, but unfortunately I had a couple problems that I couldn’t solve, so I decided to get a netinst (or businesscard) installer for Lenny and do dist-upgrade as soon as the basic system is working. More here [...]]]></description>
		<content:encoded><![CDATA[<p>[&#8230;] I wanted to do a fresh install using an install CD for Squeeze, but unfortunately I had a couple problems that I couldn’t solve, so I decided to get a netinst (or businesscard) installer for Lenny and do dist-upgrade as soon as the basic system is working. More here [&#8230;]</p>
]]></content:encoded>
	</item>
</channel>
</rss>
