<?xml version="1.0" encoding="UTF-8"?><rss version="2.0"
	xmlns:content="http://purl.org/rss/1.0/modules/content/"
	xmlns:dc="http://purl.org/dc/elements/1.1/"
	xmlns:atom="http://www.w3.org/2005/Atom"
	xmlns:sy="http://purl.org/rss/1.0/modules/syndication/"
	
	>
<channel>
	<title>Comments on: Installing Firefox (Iceweasel) on Debian Squeeze</title>
	<atom:link href="./index.html" rel="self" type="application/rss+xml" />
	<link>./../index.html</link>
	<description>Taro Sato&#039;s Memorandum</description>
	<lastBuildDate>Mon, 07 Jan 2019 10:59:38 +0000</lastBuildDate>
	<sy:updatePeriod>hourly</sy:updatePeriod>
	<sy:updateFrequency>1</sy:updateFrequency>
	<generator>https://wordpress.org/?v=4.4.17</generator>
	<item>
		<title>By: Taro</title>
		<link>./../index.html#comment-318</link>
		<dc:creator><![CDATA[Taro]]></dc:creator>
		<pubDate>Wed, 02 Mar 2011 17:46:24 +0000</pubDate>
		<guid isPermaLink="false">http://nomo17k.wordpress.com/?p=769#comment-318</guid>
		<description><![CDATA[sack -- You might be technically correct but for the vast majority it doesn&#039;t really matter.]]></description>
		<content:encoded><![CDATA[<p>sack &#8212; You might be technically correct but for the vast majority it doesn&#8217;t really matter.</p>
]]></content:encoded>
	</item>
	<item>
		<title>By: sack</title>
		<link>./../index.html#comment-313</link>
		<dc:creator><![CDATA[sack]]></dc:creator>
		<pubDate>Wed, 02 Mar 2011 02:04:13 +0000</pubDate>
		<guid isPermaLink="false">http://nomo17k.wordpress.com/?p=769#comment-313</guid>
		<description><![CDATA[ok my friend.. GOOD job but, just to remember.... FIREFOX is FIREFOX and ICEWEASEL is ICEWEASEL..... 

not the same...]]></description>
		<content:encoded><![CDATA[<p>ok my friend.. GOOD job but, just to remember&#8230;. FIREFOX is FIREFOX and ICEWEASEL is ICEWEASEL&#8230;.. </p>
<p>not the same&#8230;</p>
]]></content:encoded>
	</item>
</channel>
</rss>
