<?xml version="1.0" encoding="UTF-8"?><rss version="2.0"
	xmlns:content="http://purl.org/rss/1.0/modules/content/"
	xmlns:wfw="http://wellformedweb.org/CommentAPI/"
	xmlns:dc="http://purl.org/dc/elements/1.1/"
	xmlns:atom="http://www.w3.org/2005/Atom"
	xmlns:sy="http://purl.org/rss/1.0/modules/syndication/"
	xmlns:slash="http://purl.org/rss/1.0/modules/slash/"
	>

<channel>
	<title>selection sort &#8211; cs4bum</title>
	<atom:link href="./index.html" rel="self" type="application/rss+xml" />
	<link>./../../../index.html</link>
	<description>Algorithms, data structures, brain teasers, etc.</description>
	<lastBuildDate>Sat, 06 Oct 2012 06:38:03 +0000</lastBuildDate>
	<language>en-US</language>
	<sy:updatePeriod>hourly</sy:updatePeriod>
	<sy:updateFrequency>1</sy:updateFrequency>
	<generator>https://wordpress.org/?v=4.4.17</generator>
	<item>
		<title>Selection sort</title>
		<link>./../../../2012/09/09/selection-sort/index.html</link>
		<comments>./../../../2012/09/09/selection-sort/index.html#respond</comments>
		<pubDate>Sun, 09 Sep 2012 09:06:50 +0000</pubDate>
		<dc:creator><![CDATA[okomestudio]]></dc:creator>
				<category><![CDATA[Uncategorized]]></category>
		<category><![CDATA[algorithm]]></category>
		<category><![CDATA[Python]]></category>
		<category><![CDATA[selection sort]]></category>
		<category><![CDATA[sort]]></category>

		<guid isPermaLink="false">./../../../index.html?p=192</guid>
		<description><![CDATA[Python]]></description>
				<content:encoded><![CDATA[<h3>Python</h3>
<pre class="brush: python; light: false; title: ; toolbar: true; notranslate">from random import randint


def selection_sort(arr):
    for i in range(0, len(arr), 1):
        imin = i
        for j in range(i + 1, len(arr), 1):
            if arr[j] &lt; arr[imin]:
                imin = j
        t = arr[i]
        arr[i] = arr[imin]
        arr[imin] = t


def main():
    arr = [randint(0, 100) for i in range(10)]
    print arr
    selection_sort(arr)
    print arr


if __name__ == '__main__':
    main()</pre>
]]></content:encoded>
			<wfw:commentRss>./../../../2012/09/09/selection-sort/feed/index.html</wfw:commentRss>
		<slash:comments>0</slash:comments>
		</item>
	</channel>
</rss>
