<?xml version="1.0" encoding="UTF-8"?><rss version="2.0"
	xmlns:content="http://purl.org/rss/1.0/modules/content/"
	xmlns:wfw="http://wellformedweb.org/CommentAPI/"
	xmlns:dc="http://purl.org/dc/elements/1.1/"
	xmlns:atom="http://www.w3.org/2005/Atom"
	xmlns:sy="http://purl.org/rss/1.0/modules/syndication/"
	xmlns:slash="http://purl.org/rss/1.0/modules/slash/"
	>

<channel>
	<title>permutation &#8211; cs4bum</title>
	<atom:link href="./index.html" rel="self" type="application/rss+xml" />
	<link>./../../../index.html</link>
	<description>Algorithms, data structures, brain teasers, etc.</description>
	<lastBuildDate>Sat, 06 Oct 2012 06:38:03 +0000</lastBuildDate>
	<language>en-US</language>
	<sy:updatePeriod>hourly</sy:updatePeriod>
	<sy:updateFrequency>1</sy:updateFrequency>
	<generator>https://wordpress.org/?v=4.4.17</generator>
	<item>
		<title>Permutation</title>
		<link>./../../../2012/09/03/permutation/index.html</link>
		<comments>./../../../2012/09/03/permutation/index.html#respond</comments>
		<pubDate>Tue, 04 Sep 2012 00:26:22 +0000</pubDate>
		<dc:creator><![CDATA[okomestudio]]></dc:creator>
				<category><![CDATA[Uncategorized]]></category>
		<category><![CDATA[algorithm]]></category>
		<category><![CDATA[C]]></category>
		<category><![CDATA[Cpp]]></category>
		<category><![CDATA[permutation]]></category>
		<category><![CDATA[Python]]></category>

		<guid isPermaLink="false">./../../../index.html?p=144</guid>
		<description><![CDATA[Print out all permutations of a string. Python C C++]]></description>
				<content:encoded><![CDATA[<blockquote><p>Print out all permutations of a string.</p></blockquote>
<h3>Python</h3>
<pre class="brush: python; light: false; title: ; toolbar: true; notranslate">#!/usr/bin/env python2.6


def permutate(s, prefix=''):
    if len(s):
        for i in range(len(s)):
            permutate(s[:i] + s[i+1:], prefix + s[i])
    else:
        print prefix


permutate('abcd')</pre>
<h3>C</h3>
<pre class="brush: cpp; light: false; title: ; toolbar: true; notranslate">#include &lt;stdio.h&gt;
#include &lt;stdlib.h&gt;


void swap(char *x, char *y)
{
  char t;
  t = *x;
  *x = *y;
  *y = t;
}


void permutate(char *s, int beg, int end)
{
  if (beg == end) {
    printf(&quot;%s\n&quot;, s);
  }
  else {
    int i;
    for (i = beg; i &lt;= end; ++i) {
      swap((s + beg), (s + i));
      permutate(s, beg + 1, end);
      swap((s + beg), (s + i));
    }
  }
}


int main()
{
  char s[] = &quot;abcd&quot;;
  permutate(s, 0, 3);
  return 0;
}</pre>
<h3>C++</h3>
<pre class="brush: cpp; light: false; title: ; toolbar: true; notranslate">#include &lt;iostream&gt;
#include &lt;string&gt;
using namespace std;


void permutate(string s, string prefix=&quot;&quot;)
{
  if (s.empty()) {
    cout &lt;&lt; prefix &lt;&lt; endl;
  }
  else {
    for (int i = 0; i &lt; s.size(); ++i) {
      permutate(s.substr(0, i) + s.substr(i + 1), prefix + s.at(i));
    }
  }
}


int main()
{
  string s = &quot;abcd&quot;;
  permutate(s);
  return 0;
}</pre>
]]></content:encoded>
			<wfw:commentRss>./../../../2012/09/03/permutation/feed/index.html</wfw:commentRss>
		<slash:comments>0</slash:comments>
		</item>
	</channel>
</rss>
