<?xml version="1.0" encoding="UTF-8"?><rss version="2.0"
	xmlns:content="http://purl.org/rss/1.0/modules/content/"
	xmlns:dc="http://purl.org/dc/elements/1.1/"
	xmlns:atom="http://www.w3.org/2005/Atom"
	xmlns:sy="http://purl.org/rss/1.0/modules/syndication/"
	
	>
<channel>
	<title>Comments on: Installing GFortran on Mac OS X Snow Leopard</title>
	<atom:link href="./index.html" rel="self" type="application/rss+xml" />
	<link>./../index.html</link>
	<description>Taro Sato&#039;s Memorandum</description>
	<lastBuildDate>Mon, 07 Jan 2019 10:59:38 +0000</lastBuildDate>
	<sy:updatePeriod>hourly</sy:updatePeriod>
	<sy:updateFrequency>1</sy:updateFrequency>
	<generator>https://wordpress.org/?v=4.4.17</generator>
	<item>
		<title>By: Installing ATLAS on Mac OS X Snow Leopard &#124; Biboroku</title>
		<link>./../index.html#comment-143</link>
		<dc:creator><![CDATA[Installing ATLAS on Mac OS X Snow Leopard &#124; Biboroku]]></dc:creator>
		<pubDate>Sun, 09 Jan 2011 19:41:10 +0000</pubDate>
		<guid isPermaLink="false">http://nomo17k.wordpress.com/?p=827#comment-143</guid>
		<description><![CDATA[[...] of all, I need a FORTRAN compiler, so install it.  I recommend using the Mac installer from the GCC Wiki site, so that GFortran won&#8217;t end up [...]]]></description>
		<content:encoded><![CDATA[<p>[&#8230;] of all, I need a FORTRAN compiler, so install it.  I recommend using the Mac installer from the GCC Wiki site, so that GFortran won&#8217;t end up [&#8230;]</p>
]]></content:encoded>
	</item>
	<item>
		<title>By: Installing FFTW on Mac OS X Snow Leopard &#124; Biboroku</title>
		<link>./../index.html#comment-140</link>
		<dc:creator><![CDATA[Installing FFTW on Mac OS X Snow Leopard &#124; Biboroku]]></dc:creator>
		<pubDate>Sun, 09 Jan 2011 18:48:53 +0000</pubDate>
		<guid isPermaLink="false">http://nomo17k.wordpress.com/?p=827#comment-140</guid>
		<description><![CDATA[[...] compiler appears to be included in Xcode, so I need to install it if I haven&#8217;t done so.  I installed GFortran.  In the configure statement below, set F77 to [...]]]></description>
		<content:encoded><![CDATA[<p>[&#8230;] compiler appears to be included in Xcode, so I need to install it if I haven&#8217;t done so.  I installed GFortran.  In the configure statement below, set F77 to [&#8230;]</p>
]]></content:encoded>
	</item>
	<item>
		<title>By: Installing ATLAS on Mac OS X Snow Leopard &#171; Biboroku</title>
		<link>./../index.html#comment-76</link>
		<dc:creator><![CDATA[Installing ATLAS on Mac OS X Snow Leopard &#171; Biboroku]]></dc:creator>
		<pubDate>Thu, 25 Nov 2010 15:04:16 +0000</pubDate>
		<guid isPermaLink="false">http://nomo17k.wordpress.com/?p=827#comment-76</guid>
		<description><![CDATA[[...] of all, I need a FORTRAN compiler, so install it.  I recommend using the Mac installer from the GCC Wiki site, so that GFortran won&#8217;t end up [...]]]></description>
		<content:encoded><![CDATA[<p>[&#8230;] of all, I need a FORTRAN compiler, so install it.  I recommend using the Mac installer from the GCC Wiki site, so that GFortran won&#8217;t end up [&#8230;]</p>
]]></content:encoded>
	</item>
	<item>
		<title>By: Installing ATLAS on Mac OS X Snow Leopard &#171; Biboroku</title>
		<link>./../index.html#comment-75</link>
		<dc:creator><![CDATA[Installing ATLAS on Mac OS X Snow Leopard &#171; Biboroku]]></dc:creator>
		<pubDate>Wed, 24 Nov 2010 22:58:06 +0000</pubDate>
		<guid isPermaLink="false">http://nomo17k.wordpress.com/?p=827#comment-75</guid>
		<description><![CDATA[[...] First of all, I need a Fortran compiler, so install it. [...]]]></description>
		<content:encoded><![CDATA[<p>[&#8230;] First of all, I need a Fortran compiler, so install it. [&#8230;]</p>
]]></content:encoded>
	</item>
	<item>
		<title>By: Installing FFTW on Mac OS X Snow Leopard &#171; Biboroku</title>
		<link>./../index.html#comment-74</link>
		<dc:creator><![CDATA[Installing FFTW on Mac OS X Snow Leopard &#171; Biboroku]]></dc:creator>
		<pubDate>Wed, 24 Nov 2010 22:29:08 +0000</pubDate>
		<guid isPermaLink="false">http://nomo17k.wordpress.com/?p=827#comment-74</guid>
		<description><![CDATA[[...] no Fortran compiler preinstalled with OS X, so I need to install it if I haven&#8217;t done so.  I installed gfortran.  In the configure statement below, set F77 to [...]]]></description>
		<content:encoded><![CDATA[<p>[&#8230;] no Fortran compiler preinstalled with OS X, so I need to install it if I haven&#8217;t done so.  I installed gfortran.  In the configure statement below, set F77 to [&#8230;]</p>
]]></content:encoded>
	</item>
	<item>
		<title>By: Installing Bruzual &#38; Charlot 2003 (GALAXEV) on Mac OS X Snow Leopard &#171; Biboroku</title>
		<link>./../index.html#comment-73</link>
		<dc:creator><![CDATA[Installing Bruzual &#38; Charlot 2003 (GALAXEV) on Mac OS X Snow Leopard &#171; Biboroku]]></dc:creator>
		<pubDate>Tue, 19 Oct 2010 18:44:43 +0000</pubDate>
		<guid isPermaLink="false">http://nomo17k.wordpress.com/?p=827#comment-73</guid>
		<description><![CDATA[[...] You can follow the same procedure for Linux, except that csh probably is already installed at /bin/csh and gfortran needs to be installed differently (see this post). [...]]]></description>
		<content:encoded><![CDATA[<p>[&#8230;] You can follow the same procedure for Linux, except that csh probably is already installed at /bin/csh and gfortran needs to be installed differently (see this post). [&#8230;]</p>
]]></content:encoded>
	</item>
</channel>
</rss>
