<?xml version="1.0" encoding="UTF-8"?><rss version="2.0"
	xmlns:content="http://purl.org/rss/1.0/modules/content/"
	xmlns:dc="http://purl.org/dc/elements/1.1/"
	xmlns:atom="http://www.w3.org/2005/Atom"
	xmlns:sy="http://purl.org/rss/1.0/modules/syndication/"
	
	>
<channel>
	<title>Comments on: Netgear ReadyNAS and Linux</title>
	<atom:link href="./index.html" rel="self" type="application/rss+xml" />
	<link>./../index.html</link>
	<description>Taro Sato&#039;s Memorandum</description>
	<lastBuildDate>Mon, 07 Jan 2019 10:59:38 +0000</lastBuildDate>
	<sy:updatePeriod>hourly</sy:updatePeriod>
	<sy:updateFrequency>1</sy:updateFrequency>
	<generator>https://wordpress.org/?v=4.4.17</generator>
	<item>
		<title>By: Brandon Doyle</title>
		<link>./../index.html#comment-102018</link>
		<dc:creator><![CDATA[Brandon Doyle]]></dc:creator>
		<pubDate>Mon, 09 Nov 2015 08:28:41 +0000</pubDate>
		<guid isPermaLink="false">./../../../../index.html?p=2701#comment-102018</guid>
		<description><![CDATA[Thanks for writing these posts! I&#039;ve found a few of them very useful, especially SE.]]></description>
		<content:encoded><![CDATA[<p>Thanks for writing these posts! I&#8217;ve found a few of them very useful, especially SE.</p>
]]></content:encoded>
	</item>
</channel>
</rss>
