<?xml version="1.0" encoding="UTF-8"?><rss version="2.0"
	xmlns:content="http://purl.org/rss/1.0/modules/content/"
	xmlns:wfw="http://wellformedweb.org/CommentAPI/"
	xmlns:dc="http://purl.org/dc/elements/1.1/"
	xmlns:atom="http://www.w3.org/2005/Atom"
	xmlns:sy="http://purl.org/rss/1.0/modules/syndication/"
	xmlns:slash="http://purl.org/rss/1.0/modules/slash/"
	>

<channel>
	<title>Leopard &#8211; Biboroku</title>
	<atom:link href="./index.html" rel="self" type="application/rss+xml" />
	<link>./../../../../index.html</link>
	<description>Taro Sato&#039;s Memorandum</description>
	<lastBuildDate>Fri, 20 Apr 2018 17:49:10 +0000</lastBuildDate>
	<language>en-US</language>
	<sy:updatePeriod>hourly</sy:updatePeriod>
	<sy:updateFrequency>1</sy:updateFrequency>
	<generator>https://wordpress.org/?v=4.4.17</generator>
	<item>
		<title>Installing 64-bit CFITSIO 3.181 on Mac OS X Leopard</title>
		<link>./../../../../2010/03/installing-64-bit-cfitsio-3-181-on-mac-os-x-leopard/index.html</link>
		<comments>./../../../../2010/03/installing-64-bit-cfitsio-3-181-on-mac-os-x-leopard/index.html#comments</comments>
		<pubDate>Thu, 11 Mar 2010 19:12:59 +0000</pubDate>
		<dc:creator><![CDATA[Taro]]></dc:creator>
				<category><![CDATA[Leopard]]></category>
		<category><![CDATA[Mac OS X]]></category>
		<category><![CDATA[Research]]></category>

		<guid isPermaLink="false">http://nomo17k.wordpress.com/?p=640</guid>
		<description><![CDATA[It turns out that the data I&#8217;m working on now are too big for 32-bit programs to handle!! So along side Scisoft OS X which is all 32-bit, I need to install 64-bit version of CFITSIO since many programs depend &#8230; <a href="./../../../../2010/03/installing-64-bit-cfitsio-3-181-on-mac-os-x-leopard/index.html">Continue reading <span class="meta-nav">&#8594;</span></a>]]></description>
				<content:encoded><![CDATA[<p>It turns out that the data I&#8217;m working on now are too big for 32-bit programs to handle!!</p>
<p>So along side Scisoft OS X which is all 32-bit, I need to install 64-bit version of <a href="http://heasarc.nasa.gov/docs/software/fitsio/fitsio.html">CFITSIO</a> since many programs depend on this library.</p>
<p>I install from the tarball (located <a href="ftp://heasarc.gsfc.nasa.gov/software/fitsio/c/cfitsio3240.tar.gz">here</a>) downloaded into a temporary directory (e.g., /usr/local/src/cfitsio).  I use version 3.181.</p>
<p>Follow this:</p>
<blockquote>
<pre>$ mkdir /usr/local/src/cfitsio  # Need right permissions of course...
$ cd /usr/local/src/cfitsio
$ wget ftp://heasarc.gsfc.nasa.gov/software/fitsio/c/cfitsio3240.tar.gz
$ gunzip -c cfits*.gz | tar xvf -
$ cd cfitsio
$ export CFLAGS="-arch i386 -arch x86_64 -g -O2"
$ ./configure
$ make
$ sudo make install</pre>
</blockquote>
<p>(Key is to use &#8220;x86_64&#8221; architecture when compiling.)</p>
<p>This actually installs library and header files under /usr/local/src/cfitsio/cfitsio/lib and /usr/local/src/cfitsio/cfitsio/include.   Read <tt>./configure --help</tt> if you wish to install them in different locations; for example, doing <tt>./configure --prefix=/usr/local</tt> in the procedure above should get the library installed on the &#8220;standard&#8221; /usr/local locations.</p>
<p>That should be it!  When building a program linking to this library, you need to specify the &#8220;lib&#8221; and &#8220;include&#8221; directory paths when configuring make for the program.</p>
]]></content:encoded>
			<wfw:commentRss>./../../../../2010/03/installing-64-bit-cfitsio-3-181-on-mac-os-x-leopard/feed/index.html</wfw:commentRss>
		<slash:comments>1</slash:comments>
		</item>
		<item>
		<title>Installing HOTPANTS 5.1.10 on Mac OS X Leopard</title>
		<link>./../../../../2010/03/installing-hotpants-5-1-10-on-mac-os-x-leopard/index.html</link>
		<comments>./../../../../2010/03/installing-hotpants-5-1-10-on-mac-os-x-leopard/index.html#comments</comments>
		<pubDate>Wed, 10 Mar 2010 22:21:18 +0000</pubDate>
		<dc:creator><![CDATA[Taro]]></dc:creator>
				<category><![CDATA[Leopard]]></category>
		<category><![CDATA[Mac OS X]]></category>
		<category><![CDATA[Research]]></category>

		<guid isPermaLink="false">http://nomo17k.wordpress.com/?p=636</guid>
		<description><![CDATA[You must love the name, but what the software does is far from sultry; it&#8217;s a piece of geekware. Anyways, I needed to edit files when I install HOTPANTS, photometric alignment utility by Andrew Becker.  Here is my installation note &#8230; <a href="./../../../../2010/03/installing-hotpants-5-1-10-on-mac-os-x-leopard/index.html">Continue reading <span class="meta-nav">&#8594;</span></a>]]></description>
				<content:encoded><![CDATA[<p>You must love the name, but what the software does is far from sultry; it&#8217;s a piece of geekware.</p>
<p>Anyways, I needed to edit files when I install <a href="http://www.astro.washington.edu/users/becker/hotpants.html">HOTPANTS</a>, photometric alignment utility by Andrew Becker.  Here is my installation note before I forget.</p>
<p>HOTPANTS requires <a href="http://heasarc.nasa.gov/docs/software/fitsio/fitsio.html">CFITSIO</a> to be already installed.  On Leopard I use <a href="http://web.mac.com/npirzkal/Scisoft/Scisoft.html">Scisoft OS X</a>, so I don&#8217;t have to install CFITSIO separately.  Otherwise you have to install CFITSIO first.</p>
<p>Download the <a href="http://www.astro.washington.edu/users/becker/software/hotpants_v5.1.10.tar.gz">tarball</a> and expand it into a temporary directory.</p>
<p>First, you need to delete (or comment out) the line which reads</p>
<blockquote>
<pre>#include&lt;malloc.h&gt;
</pre>
</blockquote>
<p>from all *.c source code files.</p>
<p>Then modify Makefile.  To link CFITSIO properly, modify CFITSIOINCDIR and LIBDIR:</p>
<blockquote>
<pre>CFITSIOINCDIR=/Applications/scisoft/i386/Packages/cfitsio/include
LIBDIR=/Applications/scisoft/i386/Packages/cfitsio/lib</pre>
</blockquote>
<p>This is fine if you have Scisoft OS X.  If you installed CFITSIO elsewhere, you have to find the paths yourself.</p>
<p>You should also remove the &#8220;-pedantic-errors&#8221; option from COPTS so that the line reads like:</p>
<blockquote>
<pre>COPTS= -funroll-loops -O3 -ansi -Wall -I$(CFITSIOINCDIR)
</pre>
</blockquote>
<p>Then run <tt>make</tt> within the same directory.</p>
<p>That&#8217;s it.  You might wish to copy the binaries <tt>hotpants</tt>, <tt>extractkern</tt>, and <tt>maskim</tt> to one of those bin directories in your PATH.</p>
<h2>Building 64-bit HOTPANTS</h2>
<p>The 64-bit version of HOTPANTS is twice as sultry, I need to try it.  The change is that you need to first <a href="http://nomo17k.wordpress.com/2010/03/11/installing-64-bit-cfitsio-3-181-on-mac-os-x-leopard/">build 64-bit version of CFITSIO</a>.</p>
<p>The procedure is basically similar to the one above, with a couple of changes:</p>
<blockquote>
<pre>CFITSIOINCDIR=/usr/local/src/cfitsio/cfitsio/include
LIBDIR=/usr/local/src/cfitsio/cfitsio/lib</pre>
</blockquote>
<p>Basically you need to point them to the locations where you installed the 64-bit CFITSIO; see the CFITSIO installation note using the link above.  Another change is in the compiler options:</p>
<blockquote>
<pre>COPTS= -m64 -funroll-loops -O3 -ansi -Wall -I$(CFITSIOINCDIR)
</pre>
</blockquote>
<p>These should be the only difference.</p>
]]></content:encoded>
			<wfw:commentRss>./../../../../2010/03/installing-hotpants-5-1-10-on-mac-os-x-leopard/feed/index.html</wfw:commentRss>
		<slash:comments>1</slash:comments>
		</item>
		<item>
		<title>&#034;Line in&#034; doesn&#039;t work by default on Leopard</title>
		<link>./../../../../2009/12/line-in-doesnt-work-by-default-on-leopard/index.html</link>
		<comments>./../../../../2009/12/line-in-doesnt-work-by-default-on-leopard/index.html#comments</comments>
		<pubDate>Tue, 29 Dec 2009 20:56:24 +0000</pubDate>
		<dc:creator><![CDATA[Taro]]></dc:creator>
				<category><![CDATA[Leopard]]></category>
		<category><![CDATA[Mac OS X]]></category>

		<guid isPermaLink="false">http://nomo17k.wordpress.com/?p=590</guid>
		<description><![CDATA[How lame&#8230; Fortunately there is an application called LineIn which makes possible pass through (sounds coming in at line in goes to line out directly).  Just install it and enable &#8220;Pass Thru.&#8221;  That&#8217;s it.]]></description>
				<content:encoded><![CDATA[<p>How lame&#8230;</p>
<p>Fortunately there is an application called <a href="http://www.rogueamoeba.com/freebies/">LineIn</a> which makes possible pass through (sounds coming in at line in goes to line out directly).  Just install it and enable &#8220;Pass Thru.&#8221;  That&#8217;s it.</p>
]]></content:encoded>
			<wfw:commentRss>./../../../../2009/12/line-in-doesnt-work-by-default-on-leopard/feed/index.html</wfw:commentRss>
		<slash:comments>1</slash:comments>
		</item>
		<item>
		<title>most (a pager application) Binary for Mac OS X Leopard</title>
		<link>./../../../../2009/07/most-a-pager-application-binary-for-mac-os-x-leopard/index.html</link>
		<comments>./../../../../2009/07/most-a-pager-application-binary-for-mac-os-x-leopard/index.html#respond</comments>
		<pubDate>Thu, 16 Jul 2009 20:19:24 +0000</pubDate>
		<dc:creator><![CDATA[Taro]]></dc:creator>
				<category><![CDATA[Leopard]]></category>
		<category><![CDATA[Mac OS X]]></category>

		<guid isPermaLink="false">http://nomo17k.wordpress.com/?p=523</guid>
		<description><![CDATA[My favorite pager is most, not more or less, so I build a binary. Simply gunzip and put it in your bin directory. Download MOST version 5.0.0 (S-Lang version pre2.2.0-121) for Mac OS X Leopard. No warranty of any kind &#8230; <a href="./../../../../2009/07/most-a-pager-application-binary-for-mac-os-x-leopard/index.html">Continue reading <span class="meta-nav">&#8594;</span></a>]]></description>
				<content:encoded><![CDATA[<p>My favorite pager is <tt>most</tt>, not <tt>more</tt> or <tt>less</tt>, so I build a binary.  Simply gunzip and put it in your bin directory.</p>
<p><a href="http://ap.smu.ca/~taro/software/most.gz">Download</a> MOST version 5.0.0 (S-Lang version pre2.2.0-121) for Mac OS X Leopard.</p>
<p>No warranty of any kind though.</p>
]]></content:encoded>
			<wfw:commentRss>./../../../../2009/07/most-a-pager-application-binary-for-mac-os-x-leopard/feed/index.html</wfw:commentRss>
		<slash:comments>0</slash:comments>
		</item>
		<item>
		<title>Logitech MX Revolution in Mac OS X Leopard</title>
		<link>./../../../../2009/07/logitech-mx-revolution-in-mac-os-x-leopard/index.html</link>
		<comments>./../../../../2009/07/logitech-mx-revolution-in-mac-os-x-leopard/index.html#respond</comments>
		<pubDate>Thu, 09 Jul 2009 19:27:10 +0000</pubDate>
		<dc:creator><![CDATA[Taro]]></dc:creator>
				<category><![CDATA[Leopard]]></category>
		<category><![CDATA[Mac OS X]]></category>

		<guid isPermaLink="false">http://nomo17k.wordpress.com/?p=514</guid>
		<description><![CDATA[I want to use this mouse as if it is a 3-button mouse, such that within X a middle click pastes the content in the clipboard. I find the Logitech Control Center (LCC) for Mac OS X to work just &#8230; <a href="./../../../../2009/07/logitech-mx-revolution-in-mac-os-x-leopard/index.html">Continue reading <span class="meta-nav">&#8594;</span></a>]]></description>
				<content:encoded><![CDATA[<p>I want to use this mouse as if it is a 3-button mouse, such that within X a middle click pastes the content in the clipboard.</p>
<p>I find the <a href="http://www.logitech.com/index.cfm/428/130&amp;cl=ca,en?softwareid=659&amp;osid=9">Logitech Control Center (LCC) for Mac OS X</a> to work just fine.  After installation, it will show up under System Preferences under the category labeled &#8220;Other&#8221;.</p>
<p>First, in order to make One-Touch Search button (that&#8217;s a button right below the vertical scroll wheel) as the third button, plug in your Apple Mighty Mouse, go to System Preferences -&gt; Keyboard &amp; Mouse -&gt; Mouse, and select the middle button to act as &#8220;Button 3&#8221;.  Then unplug the Mighty Mouse and plug in your MX Revolution again.  Awkward, but it works&#8230;</p>
]]></content:encoded>
			<wfw:commentRss>./../../../../2009/07/logitech-mx-revolution-in-mac-os-x-leopard/feed/index.html</wfw:commentRss>
		<slash:comments>0</slash:comments>
		</item>
		<item>
		<title>Miscellaneous Mac OS X Leopard Tips</title>
		<link>./../../../../2009/06/miscellaneous-mac-os-x-leopards-tips/index.html</link>
		<comments>./../../../../2009/06/miscellaneous-mac-os-x-leopards-tips/index.html#comments</comments>
		<pubDate>Sun, 21 Jun 2009 20:54:07 +0000</pubDate>
		<dc:creator><![CDATA[Taro]]></dc:creator>
				<category><![CDATA[Leopard]]></category>
		<category><![CDATA[Mac OS X]]></category>

		<guid isPermaLink="false">http://nomo17k.wordpress.com/?p=494</guid>
		<description><![CDATA[Here is a list of miscellaneous tips when configuring my new iMac to my liking. Disable Automatic Login &#38; Password Protect the System Apple Menu -&#62; System Preferences -&#62; Security -&#62; General Check the following: &#8220;Require password to wake this &#8230; <a href="./../../../../2009/06/miscellaneous-mac-os-x-leopards-tips/index.html">Continue reading <span class="meta-nav">&#8594;</span></a>]]></description>
				<content:encoded><![CDATA[<p>Here is a list of miscellaneous tips when configuring my new iMac to my liking.</p>
<h3>Disable Automatic Login &amp; Password Protect the System</h3>
<p>Apple Menu -&gt; System Preferences -&gt; Security -&gt; General</p>
<p>Check the following: &#8220;Require password to wake this computer from sleep or screen saver&#8221; and &#8220;Disable automatic login.&#8221;</p>
<h3>Firefall</h3>
<p>Apple Menu -&gt; System Preferences -&gt; Security -&gt; Firewall</p>
<p>and choose &#8220;Allow only essential services&#8221; for the maximum protection.  Use by-application/service option for more flexibility, when allowing remote login via ssh, for example.</p>
<h3>Remote Login with SSH</h3>
<p>Apple Menu -&gt; System Preferences -&gt; Sharing</p>
<p>Check &#8220;Remote Login.&#8221;  Don&#8217;t forget to reconfigure the firewall to allow ssh (see above).</p>
<h3>Right Clicking with Apple Mouse</h3>
<p>Apple Menu -&gt; System Preferences -&gt; Keyboard &amp; Mouse -&gt; Mouse</p>
<p>and specify &#8220;Secondary Button&#8221; for the right side of your Apple Mouse.</p>
<h3>Japanese Input Method</h3>
<p>Apple Menu -&gt; System Preferences -&gt; International -&gt; Input Menu</p>
<p>and check the box for Kotoeri.  You can change the input method by clicking on a country-flag icon in the menu bar.</p>
<h3>Using Clipboard Contents in Terminal</h3>
<p>Use <tt>pbpaste</tt> and <tt>pbcopy</tt> commands.</p>
<p>For example, once you put text into the clipboard in your OS X application, do:</p>
<blockquote><pre>
$ pbpaste &gt; pasted.txt
</pre>
</blockquote>
<p>This will place the content of the clipboard into the file pasted.txt.</p>
]]></content:encoded>
			<wfw:commentRss>./../../../../2009/06/miscellaneous-mac-os-x-leopards-tips/feed/index.html</wfw:commentRss>
		<slash:comments>1</slash:comments>
		</item>
		<item>
		<title>Setting Up Astro Research Environment on Mac OS X Leopard</title>
		<link>./../../../../2009/06/setting-up-astro-research-environment-on-mac-os-x-leopard/index.html</link>
		<comments>./../../../../2009/06/setting-up-astro-research-environment-on-mac-os-x-leopard/index.html#comments</comments>
		<pubDate>Sat, 20 Jun 2009 01:27:56 +0000</pubDate>
		<dc:creator><![CDATA[Taro]]></dc:creator>
				<category><![CDATA[Leopard]]></category>
		<category><![CDATA[Mac OS X]]></category>
		<category><![CDATA[Research]]></category>

		<guid isPermaLink="false">http://nomo17k.wordpress.com/?p=481</guid>
		<description><![CDATA[In my new research environment I have an iMac.  My preferred solution is Linux, but I figured that sometimes learning new things is a good thing (though I have to sacrifice my efficiency which I developed over the years using &#8230; <a href="./../../../../2009/06/setting-up-astro-research-environment-on-mac-os-x-leopard/index.html">Continue reading <span class="meta-nav">&#8594;</span></a>]]></description>
				<content:encoded><![CDATA[<p>In my new research environment I have an iMac.  My preferred solution is Linux, but I figured that sometimes learning new things is a good thing (though I have to sacrifice my efficiency which I developed over the years using a Debian-based Linux box).</p>
<p>There are nice existing resources, like</p>
<ul>
<li><a href="http://users.ociw.edu/jrigby/osx.html">OS X for Astronomers</a></li>
<li><a href="http://macsingularity.org/astrowiki/tiki-index.php?page=Setup+a+New+Mac+for+Astronomy">Setup a New Mac for Astronomy</a></li>
</ul>
<p>so what I leave here is a quickie for myself based on the above sites.</p>
<h2>X11</h2>
<p>X11 comes with Leopard.  Just drag the X11 icon at <em>/Applications/Utilities/X11</em> to your dock, so that clicking on it you have an X11 environment in which you can open up a shell terminal (Applications -&gt; Terminal).</p>
<h2>Xcode Tools</h2>
<p>This one includes all the necessary development applications.  Install these from the Mac OS X installation DVD.  Xcode Tools can be found under the Optional Installs directory.</p>
<h2>Fink</h2>
<p>As an apt-get afficionado, I like the way I can use the APT-based packaging system on Mac OS X.  Basically you can use the <tt>apt-get</tt> command the way you do on Debian.  Go to the <a href="http://www.finkproject.org/download/">Fink project web site</a> and download and install the software.  You can <a href="http://pdb.finkproject.org/pdb/">browse all the available packages</a> as well.  Nice.</p>
<h2>Software for Astrophysics</h2>
<p>Use <a href="http://web.mac.com/npirzkal/Scisoft">Scisoft</a> for Mac OS X to install a bunch at once.  People are lazy but that&#8217;s how innovations arise, I suppose.  The package will be installed at <em>/Applications/scisoft</em>.</p>
<h2>IRAF</h2>
<p>As of this writing, the version of IRAF is 2.14.  Applying 2.14.1 patch is actually easy by overwriting:</p>
<ol>
<li>Download IRAF binaries from ftp://iraf.noao.edu/iraf/v214/PCIX/ib.macx.x86.gz to <em>/Applications/scisoft/all/Packages/iraf/irafbin/bin.macintel</em> and just extract the archive with gzip and tar.</li>
<li>Download NOAO binaries from ftp://iraf.noao.edu/iraf/v214/PCIX/nb.macx.x86.gz to <em>/Applications/scisoft/all/Packages/iraf/irafbin/noao.bin.macintel</em> and extract the archive with gzip and tar.</li>
<li>Download the patch from ftp://iraf.noao.edu/iraf/v214/PCIX/patch1.tar.gz to <em>/Applications/scisoft/all/Packages/iraf/iraf</em> and extract the archive with gzip and tar.</li>
</ol>
<p>It is also recommended to check the versions of external packages.  If outdated, you can simply install them under <em>/Applications/scisoft/all/Packages/iraf/extern</em>.</p>
<p>If you are reusing login.cl file from a Linux installation, make sure to update your home environmental variable:</p>
<p>set home = &#8220;/Users/username&#8221;</p>
<p>(in Linux, it would be &#8220;/home/username&#8221; of course.)</p>
<p>IMPORTANT: Also, do not forget to do this:</p>
<blockquote><p>
$ cp /Applications/scisoft/all/Packages/iraf/iraf/dev/imtoolrc ~/.imtoolrc
</p></blockquote>
<p>Otherwise you may see DS9 not behaving well&#8230;</p>
<h2>DS9</h2>
<p>Download from <a href="http://hea-www.harvard.edu/RD/ds9/">here</a> and install the Leopard X11 version.</p>
<p>Others</p>
<ul>
<li><a href="http://download.openoffice.org/">OpenOffice.org</a></li>
<li><a href="http://www.gimp.org/downloads/">GIMP</a></li>
</ul>
<p>TO BE CONTINUED.  Still need to install quite a few packages via apt-get.</p>
<p>sudo apt-get install wget emacs22 gv less</p>
]]></content:encoded>
			<wfw:commentRss>./../../../../2009/06/setting-up-astro-research-environment-on-mac-os-x-leopard/feed/index.html</wfw:commentRss>
		<slash:comments>1</slash:comments>
		</item>
	</channel>
</rss>
