<?xml version="1.0" encoding="UTF-8"?><rss version="2.0"
	xmlns:content="http://purl.org/rss/1.0/modules/content/"
	xmlns:dc="http://purl.org/dc/elements/1.1/"
	xmlns:atom="http://www.w3.org/2005/Atom"
	xmlns:sy="http://purl.org/rss/1.0/modules/syndication/"
	
	>
<channel>
	<title>Comments on: Creating Debian Wheezy Installation USB Stick</title>
	<atom:link href="./index.html" rel="self" type="application/rss+xml" />
	<link>./../index.html</link>
	<description>Taro Sato&#039;s Memorandum</description>
	<lastBuildDate>Mon, 07 Jan 2019 10:59:38 +0000</lastBuildDate>
	<sy:updatePeriod>hourly</sy:updatePeriod>
	<sy:updateFrequency>1</sy:updateFrequency>
	<generator>https://wordpress.org/?v=4.4.17</generator>
	<item>
		<title>By: dwight</title>
		<link>./../index.html#comment-107399</link>
		<dc:creator><![CDATA[dwight]]></dc:creator>
		<pubDate>Sat, 23 Apr 2016 23:29:20 +0000</pubDate>
		<guid isPermaLink="false">./../../../../index.html?p=1986#comment-107399</guid>
		<description><![CDATA[cant copy my wifi drivers to the directory firmware . this way is read only]]></description>
		<content:encoded><![CDATA[<p>cant copy my wifi drivers to the directory firmware . this way is read only</p>
]]></content:encoded>
	</item>
	<item>
		<title>By: rbees</title>
		<link>./../index.html#comment-100659</link>
		<dc:creator><![CDATA[rbees]]></dc:creator>
		<pubDate>Fri, 09 Oct 2015 19:44:30 +0000</pubDate>
		<guid isPermaLink="false">./../../../../index.html?p=1986#comment-100659</guid>
		<description><![CDATA[On my debian Testing (Strecth) system sudo is not needed.  Having done this several times over the years I don&#039;t recall that sudo has been needed in like forever.

Multisystem will make usb&#039;s with multiple iso&#039;s on it, but I have not had much luck getting the install to work with them.  So I just re-write the usb drive to the image I need at the time, it&#039;s not like it takes a long time.]]></description>
		<content:encoded><![CDATA[<p>On my debian Testing (Strecth) system sudo is not needed.  Having done this several times over the years I don&#8217;t recall that sudo has been needed in like forever.</p>
<p>Multisystem will make usb&#8217;s with multiple iso&#8217;s on it, but I have not had much luck getting the install to work with them.  So I just re-write the usb drive to the image I need at the time, it&#8217;s not like it takes a long time.</p>
]]></content:encoded>
	</item>
	<item>
		<title>By: Cess</title>
		<link>./../index.html#comment-94062</link>
		<dc:creator><![CDATA[Cess]]></dc:creator>
		<pubDate>Mon, 11 May 2015 21:32:47 +0000</pubDate>
		<guid isPermaLink="false">./../../../../index.html?p=1986#comment-94062</guid>
		<description><![CDATA[Thanx, this really works]]></description>
		<content:encoded><![CDATA[<p>Thanx, this really works</p>
]]></content:encoded>
	</item>
	<item>
		<title>By: Taro</title>
		<link>./../index.html#comment-93687</link>
		<dc:creator><![CDATA[Taro]]></dc:creator>
		<pubDate>Mon, 27 Apr 2015 20:25:38 +0000</pubDate>
		<guid isPermaLink="false">./../../../../index.html?p=1986#comment-93687</guid>
		<description><![CDATA[pian -- I don&#039;t understand what you would like to do. Could you please elaborate?]]></description>
		<content:encoded><![CDATA[<p>pian &#8212; I don&#8217;t understand what you would like to do. Could you please elaborate?</p>
]]></content:encoded>
	</item>
	<item>
		<title>By: pian</title>
		<link>./../index.html#comment-93434</link>
		<dc:creator><![CDATA[pian]]></dc:creator>
		<pubDate>Tue, 21 Apr 2015 11:22:22 +0000</pubDate>
		<guid isPermaLink="false">./../../../../index.html?p=1986#comment-93434</guid>
		<description><![CDATA[Hi,

How to add or create multiple usb bootbale stick if we us this tutorial ?

Many thanks.]]></description>
		<content:encoded><![CDATA[<p>Hi,</p>
<p>How to add or create multiple usb bootbale stick if we us this tutorial ?</p>
<p>Many thanks.</p>
]]></content:encoded>
	</item>
	<item>
		<title>By: Taro</title>
		<link>./../index.html#comment-88597</link>
		<dc:creator><![CDATA[Taro]]></dc:creator>
		<pubDate>Wed, 21 Jan 2015 02:01:56 +0000</pubDate>
		<guid isPermaLink="false">./../../../../index.html?p=1986#comment-88597</guid>
		<description><![CDATA[Richard -- I think you cannot really do that with the way the install media is created. What&#039;s happening is that the ISO image is an image of partition itself, and that includes the partition size. It&#039;s not like files are copied individually after a partition is created, etc. The whole process is more like burning a read-only CD image onto a blank disk.

If you wish to add files, you would need to add them before you create an ISO image. There are ways to do that, but that&#039;s not the goal of this post.]]></description>
		<content:encoded><![CDATA[<p>Richard &#8212; I think you cannot really do that with the way the install media is created. What&#8217;s happening is that the ISO image is an image of partition itself, and that includes the partition size. It&#8217;s not like files are copied individually after a partition is created, etc. The whole process is more like burning a read-only CD image onto a blank disk.</p>
<p>If you wish to add files, you would need to add them before you create an ISO image. There are ways to do that, but that&#8217;s not the goal of this post.</p>
]]></content:encoded>
	</item>
	<item>
		<title>By: Richard</title>
		<link>./../index.html#comment-88423</link>
		<dc:creator><![CDATA[Richard]]></dc:creator>
		<pubDate>Sun, 18 Jan 2015 04:51:49 +0000</pubDate>
		<guid isPermaLink="false">./../../../../index.html?p=1986#comment-88423</guid>
		<description><![CDATA[But then your USB stick is a 300mb stick with unallocated space. You could make a new partition to make the remaining space available - but could you please explain how to make the partition that is created with the netinst image to span all of the available space on the drive?

I like to add custom folders and load it with backups, apps, media, etc.... kinda difficult to figure this out.  Will keep searching though!]]></description>
		<content:encoded><![CDATA[<p>But then your USB stick is a 300mb stick with unallocated space. You could make a new partition to make the remaining space available &#8211; but could you please explain how to make the partition that is created with the netinst image to span all of the available space on the drive?</p>
<p>I like to add custom folders and load it with backups, apps, media, etc&#8230;. kinda difficult to figure this out.  Will keep searching though!</p>
]]></content:encoded>
	</item>
	<item>
		<title>By: Guest</title>
		<link>./../index.html#comment-83528</link>
		<dc:creator><![CDATA[Guest]]></dc:creator>
		<pubDate>Tue, 28 Oct 2014 15:35:58 +0000</pubDate>
		<guid isPermaLink="false">./../../../../index.html?p=1986#comment-83528</guid>
		<description><![CDATA[Complete:

sudo dd if=debian-7.4.0-amd64-netinst.iso of=/dev/sdb bs=4M; sync

;-)]]></description>
		<content:encoded><![CDATA[<p>Complete:</p>
<p>sudo dd if=debian-7.4.0-amd64-netinst.iso of=/dev/sdb bs=4M; sync</p>
<p>😉</p>
]]></content:encoded>
	</item>
</channel>
</rss>
