<?xml version="1.0" encoding="UTF-8"?><rss version="2.0"
	xmlns:content="http://purl.org/rss/1.0/modules/content/"
	xmlns:dc="http://purl.org/dc/elements/1.1/"
	xmlns:atom="http://www.w3.org/2005/Atom"
	xmlns:sy="http://purl.org/rss/1.0/modules/syndication/"
	
	>
<channel>
	<title>Comments on: Installing Sage (Math Library) on Debian Squeeze</title>
	<atom:link href="./index.html" rel="self" type="application/rss+xml" />
	<link>./../index.html</link>
	<description>Taro Sato&#039;s Memorandum</description>
	<lastBuildDate>Mon, 07 Jan 2019 10:59:38 +0000</lastBuildDate>
	<sy:updatePeriod>hourly</sy:updatePeriod>
	<sy:updateFrequency>1</sy:updateFrequency>
	<generator>https://wordpress.org/?v=4.4.17</generator>
	<item>
		<title>By: Taro</title>
		<link>./../index.html#comment-10321</link>
		<dc:creator><![CDATA[Taro]]></dc:creator>
		<pubDate>Sat, 27 Oct 2012 19:50:40 +0000</pubDate>
		<guid isPermaLink="false">http://nomo17k.wordpress.com/?p=1155#comment-10321</guid>
		<description><![CDATA[Jad -- Thanks for the note.  It sure helps to do this as compiling SAGE takes the longest time I&#039;ve seen a program.]]></description>
		<content:encoded><![CDATA[<p>Jad &#8212; Thanks for the note.  It sure helps to do this as compiling SAGE takes the longest time I&#8217;ve seen a program.</p>
]]></content:encoded>
	</item>
	<item>
		<title>By: Jad Nohra</title>
		<link>./../index.html#comment-10320</link>
		<dc:creator><![CDATA[Jad Nohra]]></dc:creator>
		<pubDate>Sat, 27 Oct 2012 19:28:48 +0000</pubDate>
		<guid isPermaLink="false">http://nomo17k.wordpress.com/?p=1155#comment-10320</guid>
		<description><![CDATA[You can speed up the install dramatically by setting the SAGE_ATLAS_ARCH environment variable (e.g: SAGE_ATLAS_ARCH=Corei7,SSE3,SSE2,SSE1)
Quote: &#039;You drastically reduce the total Sage compile time if you manually select a suitable architecture&#039; from http://www.sagemath.org/doc/installation/source.html#section-make]]></description>
		<content:encoded><![CDATA[<p>You can speed up the install dramatically by setting the SAGE_ATLAS_ARCH environment variable (e.g: SAGE_ATLAS_ARCH=Corei7,SSE3,SSE2,SSE1)<br />
Quote: &#8216;You drastically reduce the total Sage compile time if you manually select a suitable architecture&#8217; from <a href="http://www.sagemath.org/doc/installation/source.html#section-make" rel="nofollow">http://www.sagemath.org/doc/installation/source.html#section-make</a></p>
]]></content:encoded>
	</item>
	<item>
		<title>By: scott stornetta</title>
		<link>./../index.html#comment-378</link>
		<dc:creator><![CDATA[scott stornetta]]></dc:creator>
		<pubDate>Thu, 10 Mar 2011 22:51:24 +0000</pubDate>
		<guid isPermaLink="false">http://nomo17k.wordpress.com/?p=1155#comment-378</guid>
		<description><![CDATA[(Just a note to anyone else that does this.)  Above instructions worked fine for me, but on a linode VPS it took four hours to install, apparently the majority of which was the ATLAS tuning of the linear algebra package.]]></description>
		<content:encoded><![CDATA[<p>(Just a note to anyone else that does this.)  Above instructions worked fine for me, but on a linode VPS it took four hours to install, apparently the majority of which was the ATLAS tuning of the linear algebra package.</p>
]]></content:encoded>
	</item>
	<item>
		<title>By: Taro</title>
		<link>./../index.html#comment-374</link>
		<dc:creator><![CDATA[Taro]]></dc:creator>
		<pubDate>Thu, 10 Mar 2011 06:10:51 +0000</pubDate>
		<guid isPermaLink="false">http://nomo17k.wordpress.com/?p=1155#comment-374</guid>
		<description><![CDATA[Scott -- What I read is that the way Sage is packaged (really a collection of various math libraries) makes it difficult to adapt to the Debian style of packaging.  There have been attempts to make an apt package I think, but none have been successful I suppose.]]></description>
		<content:encoded><![CDATA[<p>Scott &#8212; What I read is that the way Sage is packaged (really a collection of various math libraries) makes it difficult to adapt to the Debian style of packaging.  There have been attempts to make an apt package I think, but none have been successful I suppose.</p>
]]></content:encoded>
	</item>
	<item>
		<title>By: scott stornetta</title>
		<link>./../index.html#comment-373</link>
		<dc:creator><![CDATA[scott stornetta]]></dc:creator>
		<pubDate>Thu, 10 Mar 2011 05:29:42 +0000</pubDate>
		<guid isPermaLink="false">http://nomo17k.wordpress.com/?p=1155#comment-373</guid>
		<description><![CDATA[based on your post, decided to take the leap and try installing sage on a new linode with debian 6, as i wanted to move my sage development off of my laptop onto a vps.  really appreciate you taking the time post this.  I&#039;m puzzled why, given how popular the OS is, there isn&#039;t a standard sage binary for debian 6.  thoughts?]]></description>
		<content:encoded><![CDATA[<p>based on your post, decided to take the leap and try installing sage on a new linode with debian 6, as i wanted to move my sage development off of my laptop onto a vps.  really appreciate you taking the time post this.  I&#8217;m puzzled why, given how popular the OS is, there isn&#8217;t a standard sage binary for debian 6.  thoughts?</p>
]]></content:encoded>
	</item>
</channel>
</rss>
