<?xml version="1.0" encoding="UTF-8"?><rss version="2.0"
	xmlns:content="http://purl.org/rss/1.0/modules/content/"
	xmlns:dc="http://purl.org/dc/elements/1.1/"
	xmlns:atom="http://www.w3.org/2005/Atom"
	xmlns:sy="http://purl.org/rss/1.0/modules/syndication/"
	
	>
<channel>
	<title>Comments on: Installing QTScrobbler on Debian Lenny (AMD64)</title>
	<atom:link href="./index.html" rel="self" type="application/rss+xml" />
	<link>./../index.html</link>
	<description>Taro Sato&#039;s Memorandum</description>
	<lastBuildDate>Mon, 07 Jan 2019 10:59:38 +0000</lastBuildDate>
	<sy:updatePeriod>hourly</sy:updatePeriod>
	<sy:updateFrequency>1</sy:updateFrequency>
	<generator>https://wordpress.org/?v=4.4.17</generator>
	<item>
		<title>By: ラブノベルス</title>
		<link>./../index.html#comment-115908</link>
		<dc:creator><![CDATA[ラブノベルス]]></dc:creator>
		<pubDate>Mon, 28 Nov 2016 16:17:07 +0000</pubDate>
		<guid isPermaLink="false">http://nomo17k.wordpress.com/?p=690#comment-115908</guid>
		<description><![CDATA[Still working. Thank you!]]></description>
		<content:encoded><![CDATA[<p>Still working. Thank you!</p>
]]></content:encoded>
	</item>
</channel>
</rss>
