<?xml version="1.0" encoding="UTF-8"?><rss version="2.0"
	xmlns:content="http://purl.org/rss/1.0/modules/content/"
	xmlns:wfw="http://wellformedweb.org/CommentAPI/"
	xmlns:dc="http://purl.org/dc/elements/1.1/"
	xmlns:atom="http://www.w3.org/2005/Atom"
	xmlns:sy="http://purl.org/rss/1.0/modules/syndication/"
	xmlns:slash="http://purl.org/rss/1.0/modules/slash/"
	>

<channel>
	<title>square root &#8211; cs4bum</title>
	<atom:link href="./index.html" rel="self" type="application/rss+xml" />
	<link>./../../../index.html</link>
	<description>Algorithms, data structures, brain teasers, etc.</description>
	<lastBuildDate>Sat, 06 Oct 2012 06:38:03 +0000</lastBuildDate>
	<language>en-US</language>
	<sy:updatePeriod>hourly</sy:updatePeriod>
	<sy:updateFrequency>1</sy:updateFrequency>
	<generator>https://wordpress.org/?v=4.4.17</generator>
	<item>
		<title>Computing square roots: Babylonian method</title>
		<link>./../../../2012/09/01/computing-square-roots-babylonian-method/index.html</link>
		<comments>./../../../2012/09/01/computing-square-roots-babylonian-method/index.html#respond</comments>
		<pubDate>Sat, 01 Sep 2012 07:42:47 +0000</pubDate>
		<dc:creator><![CDATA[okomestudio]]></dc:creator>
				<category><![CDATA[Uncategorized]]></category>
		<category><![CDATA[algorithm]]></category>
		<category><![CDATA[Babylonian method]]></category>
		<category><![CDATA[C]]></category>
		<category><![CDATA[Cpp]]></category>
		<category><![CDATA[Java]]></category>
		<category><![CDATA[numerical method]]></category>
		<category><![CDATA[Python]]></category>
		<category><![CDATA[square root]]></category>

		<guid isPermaLink="false">./../../../index.html?p=76</guid>
		<description><![CDATA[Compute the square root using the Babylonian method. The Babylonian method of estimating a square root goes like this. We want , or . Our initial estimate is most likely an overestimate of . If overestimating (r < r_0[/latex]), we have [latex] s / r_0 = r (r / r_0) < r[/latex] which means [latex]s [&#8230;]]]></description>
				<content:encoded><![CDATA[<blockquote><p>Compute the square root using the Babylonian method.</p></blockquote>
<p>The Babylonian method of estimating a square root goes like this.  We want <img src='http://s0.wp.com/latex.php?latex=r+%3D+%5Csqrt%7Bs%7D&#038;bg=ffffff&#038;fg=000000&#038;s=0' alt='r = \sqrt{s}' title='r = \sqrt{s}' class='latex' />, or <img src='http://s0.wp.com/latex.php?latex=r%5E2+%3D+s&#038;bg=ffffff&#038;fg=000000&#038;s=0' alt='r^2 = s' title='r^2 = s' class='latex' />.  Our initial estimate <img src='http://s0.wp.com/latex.php?latex=r_0&#038;bg=ffffff&#038;fg=000000&#038;s=0' alt='r_0' title='r_0' class='latex' /> is most likely an overestimate of <img src='http://s0.wp.com/latex.php?latex=r&#038;bg=ffffff&#038;fg=000000&#038;s=0' alt='r' title='r' class='latex' />.  If overestimating (<img src='http://s0.wp.com/latex.php?latex&#038;bg=ffffff&#038;fg=000000&#038;s=0' alt='' title='' class='latex' />r < r_0[/latex]), we have
[latex] s / r_0 = r (r / r_0) < r[/latex]
which means [latex]s / r_0[/latex] is an underestimate.  Then [latex]r_0[/latex] and [latex]s / r_0[/latex] should be bracketing the value [latex]r[/latex] to be estimated.  By taking the average of these, the estimate can be improved iteratively
[latex]\displaystyle
  r_i = \frac{1}{2} \left( r_{i - 1} + \frac{s}{r_{i - 1}} \right)
[/latex]
until a desired accuracy is reached.</p>
<p>This method works similarly if the initial estimate is an underestimate.</p>
<h3>Python</h3>
<pre class="brush: python; light: false; title: ; toolbar: true; notranslate">
def sqrt(x, eps=1e-6):
    r = x * 1.
    while abs(x - r * r) &gt; eps:
        r = 0.5 * (r + x / r)
    return r

print sqrt(256)
</pre>
<h3>C</h3>
<pre class="brush: cpp; light: false; title: ; toolbar: true; notranslate">#include &lt;stdio.h&gt;
#include &lt;math.h&gt;

#define EPS 1e-6

float sqrt_babylonian(float x)
{
  float r = x;
  while (fabs(r * r - x) &gt; EPS) {
    r = 0.5 * (r + x / r);
  }
  return r;
}


int main()
{
  printf(&quot;%f\n&quot;, sqrt_babylonian(256.0));
  printf(&quot;%f\n&quot;, sqrt_babylonian(0.25));
  printf(&quot;%f\n&quot;, sqrt_babylonian(1.0));
  return 0;
}</pre>
<h3>C++</h3>
<pre class="brush: cpp; light: false; title: ; toolbar: true; notranslate">#include &lt;iostream&gt;
#include &lt;cmath&gt;

using namespace std;

static const float EPS = 1e-6;


float sqrt_babylonian(float x)
{
  float r = x;
  while (abs(r * r - x) &gt; EPS) {
    r = 0.5 * (r + x / r);
  }
  return r;
}


int main()
{
  cout &lt;&lt; sqrt_babylonian(256.0) &lt;&lt; endl;
  cout &lt;&lt; sqrt_babylonian(0.25) &lt;&lt; endl;
  cout &lt;&lt; sqrt_babylonian(1.0) &lt;&lt; endl;
  return 0;
}</pre>
<h3>Java</h3>
<pre class="brush: java; light: false; title: ; toolbar: true; notranslate">public class sqrt_babylonian
{
  private static double eps = 1e-6;

  public static double sqrt(double x)
  {
    double r = x;
    while (r * r - x &gt; eps) {
      r = 0.5 * (r + x / r);
    }
    return r;
  }

  public static void main(String[] args)
  {
    System.out.println(sqrt(256));
    System.out.println(sqrt(0.25));
    System.out.println(sqrt(1));
  }
}</pre>
]]></content:encoded>
			<wfw:commentRss>./../../../2012/09/01/computing-square-roots-babylonian-method/feed/index.html</wfw:commentRss>
		<slash:comments>0</slash:comments>
		</item>
	</channel>
</rss>
