<?xml version="1.0" encoding="UTF-8"?><rss version="2.0"
	xmlns:content="http://purl.org/rss/1.0/modules/content/"
	xmlns:dc="http://purl.org/dc/elements/1.1/"
	xmlns:atom="http://www.w3.org/2005/Atom"
	xmlns:sy="http://purl.org/rss/1.0/modules/syndication/"
	
	>
<channel>
	<title>Comments on: About</title>
	<atom:link href="./index.html" rel="self" type="application/rss+xml" />
	<link>./../../index.html</link>
	<description>Taro Sato&#039;s Memorandum</description>
	<lastBuildDate>Mon, 07 Jan 2019 10:59:38 +0000</lastBuildDate>
	<sy:updatePeriod>hourly</sy:updatePeriod>
	<sy:updateFrequency>1</sy:updateFrequency>
	<generator>https://wordpress.org/?v=4.4.17</generator>
	<item>
		<title>By: Taro</title>
		<link>./../index.html#comment-8974</link>
		<dc:creator><![CDATA[Taro]]></dc:creator>
		<pubDate>Fri, 21 Sep 2012 18:01:43 +0000</pubDate>
		<guid isPermaLink="false">./../../index.html?page_id=2#comment-8974</guid>
		<description><![CDATA[Not sure on which article you are commenting, but the Squid installation instruction is for an older version (2.7), so I wouldn&#039;t be surprised if things have changed since the post was written.  I have lost access to the OS X box that I was using at the time, so I won&#039;t be able to send you the copy of the config file.  Sorry for not being of much help!!]]></description>
		<content:encoded><![CDATA[<p>Not sure on which article you are commenting, but the Squid installation instruction is for an older version (2.7), so I wouldn&#8217;t be surprised if things have changed since the post was written.  I have lost access to the OS X box that I was using at the time, so I won&#8217;t be able to send you the copy of the config file.  Sorry for not being of much help!!</p>
]]></content:encoded>
	</item>
	<item>
		<title>By: ketracel@internode.on.net</title>
		<link>./../index.html#comment-8771</link>
		<dc:creator><![CDATA[ketracel@internode.on.net]]></dc:creator>
		<pubDate>Wed, 12 Sep 2012 11:46:07 +0000</pubDate>
		<guid isPermaLink="false">./../../index.html?page_id=2#comment-8771</guid>
		<description><![CDATA[Hi can you please send me a copy of your 

/usr/local/squid/etc/squid.conf.

I tried to add the following:


# Add this to the auth_param section
auth_param basic program /usr/local/squid/libexec/ncsa_auth /usr/local/squid/etc/squid_passwd

# Add this to the bottom of the ACL section
acl ncsa_users proxy_auth REQUIRED

# Add this at the top of the http_access section
http_access allow ncsa_users

but could only find the last section &#039;http_access&#039;

I can not find the &#039;ACL&#039; section or &#039;auth_param&#039; section

Also, when this is complete, in Snow Leopard System Preferences/Network/Advanced/Proxy do i check WEB PROXY and enter IP of computer running the proxy but what PORT? 80, 8080, 443? also do i enter user name/password the same as I used in the setup of the squid?

thanks]]></description>
		<content:encoded><![CDATA[<p>Hi can you please send me a copy of your </p>
<p>/usr/local/squid/etc/squid.conf.</p>
<p>I tried to add the following:</p>
<p># Add this to the auth_param section<br />
auth_param basic program /usr/local/squid/libexec/ncsa_auth /usr/local/squid/etc/squid_passwd</p>
<p># Add this to the bottom of the ACL section<br />
acl ncsa_users proxy_auth REQUIRED</p>
<p># Add this at the top of the http_access section<br />
http_access allow ncsa_users</p>
<p>but could only find the last section &#8216;http_access&#8217;</p>
<p>I can not find the &#8216;ACL&#8217; section or &#8216;auth_param&#8217; section</p>
<p>Also, when this is complete, in Snow Leopard System Preferences/Network/Advanced/Proxy do i check WEB PROXY and enter IP of computer running the proxy but what PORT? 80, 8080, 443? also do i enter user name/password the same as I used in the setup of the squid?</p>
<p>thanks</p>
]]></content:encoded>
	</item>
</channel>
</rss>
