<?xml version="1.0" encoding="UTF-8"?><rss version="2.0"
	xmlns:content="http://purl.org/rss/1.0/modules/content/"
	xmlns:wfw="http://wellformedweb.org/CommentAPI/"
	xmlns:dc="http://purl.org/dc/elements/1.1/"
	xmlns:atom="http://www.w3.org/2005/Atom"
	xmlns:sy="http://purl.org/rss/1.0/modules/syndication/"
	xmlns:slash="http://purl.org/rss/1.0/modules/slash/"
	>

<channel>
	<title>Squeeze &#8211; Biboroku</title>
	<atom:link href="./index.html" rel="self" type="application/rss+xml" />
	<link>./../../../../../index.html</link>
	<description>Taro Sato&#039;s Memorandum</description>
	<lastBuildDate>Fri, 20 Apr 2018 17:49:10 +0000</lastBuildDate>
	<language>en-US</language>
	<sy:updatePeriod>hourly</sy:updatePeriod>
	<sy:updateFrequency>1</sy:updateFrequency>
	<generator>https://wordpress.org/?v=4.4.17</generator>
	<item>
		<title>Installing Mendeley on Debian Squeeze (AMD64)</title>
		<link>./../../../../../2010/10/installing-mendeley-on-debian-squeeze-amd64/index.html</link>
		<comments>./../../../../../2010/10/installing-mendeley-on-debian-squeeze-amd64/index.html#comments</comments>
		<pubDate>Sat, 23 Oct 2010 01:49:38 +0000</pubDate>
		<dc:creator><![CDATA[Taro]]></dc:creator>
				<category><![CDATA[Debian]]></category>
		<category><![CDATA[Linux]]></category>
		<category><![CDATA[Squeeze]]></category>
		<category><![CDATA[admin]]></category>
		<category><![CDATA[astro]]></category>
		<category><![CDATA[Debian/Squeeze]]></category>
		<category><![CDATA[install procedure]]></category>
		<category><![CDATA[research]]></category>
		<category><![CDATA[software]]></category>

		<guid isPermaLink="false">http://nomo17k.wordpress.com/?p=1032</guid>
		<description><![CDATA[Mendeley does have a Debian package which you can simply apt-get (yay), but it is only available for Lenny, the current stable release.  Here I outline the system-wide installation procedure using their tarball. First, download the tarball from Mendeley to &#8230; <a href="./../../../../../2010/10/installing-mendeley-on-debian-squeeze-amd64/index.html">Continue reading <span class="meta-nav">&#8594;</span></a>]]></description>
				<content:encoded><![CDATA[<p><a href="http://www.mendeley.com/download-mendeley-desktop/">Mendeley</a> does have a Debian package which you can simply apt-get (yay), but it is only available for Lenny, the current stable release.  Here I outline the system-wide installation procedure using their tarball.</p>
<p>First, <a href="http://www.mendeley.com/download-mendeley-desktop/linux64/instructions/">download the tarball</a> from Mendeley to some temporary directory.  The file should be named like <em>mendeleydesktop-0.9.8.1-linux-x86_64.tar.bz2</em>.</p>
<blockquote>
<pre>$ umask 022
$ tar -xvjf mendeleydesktop-0.9.8.1-linux-x86_64.tar.bz2
$ sudo mv mendeleydesktop-0.9.8.1-linux-x86_64 /usr/local/mendeley-0.9.8.1
$ sudo ln -s /usr/local/mendeley-0.9.8.1 /usr/local/mendeley
$ cd /usr/local/bin
$ sudo ln -s /usr/local/mendeley/bin/mendeleydesktop .</pre>
</blockquote>
<p>This will install all the files under <em>/usr/local/mendeley</em>.  The command mendeleydesktop will be available system wide.  However, it may be more convenient to add an entry to your application launcher.</p>
<p>Addendum: For some reason my Mendeley installation has had a problem on launch for a while.  It always quit after asking me to &#8220;repaire&#8221; the database, etc.  After looking at the log (which is in <em>~/.local/share/data/Mendeley Ltd./Mendeley Desktop</em>), I leaned that MendeleyDesktop had a problem dealing with SQL database, which is located somewhere deep under <em>/var</em> (I don&#8217;t know for sure).  It turned out that my <em>/var</em> partition was full.  After doing <code>apt-get clean<code>, things are working fine.  So the moral of the story is that I should clean up my system more often...</p>
]]></content:encoded>
			<wfw:commentRss>./../../../../../2010/10/installing-mendeley-on-debian-squeeze-amd64/feed/index.html</wfw:commentRss>
		<slash:comments>1</slash:comments>
		</item>
		<item>
		<title>Installing Bruzual &#038; Charlot 2003 (GALAXEV) on Debian Squeeze</title>
		<link>./../../../../../2010/10/installing-bruzual-charlot-2003-galaxev-on-debian-squeeze/index.html</link>
		<comments>./../../../../../2010/10/installing-bruzual-charlot-2003-galaxev-on-debian-squeeze/index.html#comments</comments>
		<pubDate>Tue, 19 Oct 2010 18:20:03 +0000</pubDate>
		<dc:creator><![CDATA[Taro]]></dc:creator>
				<category><![CDATA[Debian]]></category>
		<category><![CDATA[Linux]]></category>
		<category><![CDATA[Squeeze]]></category>
		<category><![CDATA[install procedure]]></category>
		<category><![CDATA[software]]></category>
		<category><![CDATA[stellar population synthesis]]></category>

		<guid isPermaLink="false">http://nomo17k.wordpress.com/?p=1009</guid>
		<description><![CDATA[The installation procedure is confusing only if you are not using CSH (I use BASH) and if g77 is not available.  Otherwise you can simply follow the installation procedure outlined in the official documentation file (i.e., bc03/doc/bc03.ps.gz). First, you definitely need &#8230; <a href="./../../../../../2010/10/installing-bruzual-charlot-2003-galaxev-on-debian-squeeze/index.html">Continue reading <span class="meta-nav">&#8594;</span></a>]]></description>
				<content:encoded><![CDATA[<p>The installation procedure is confusing only if you are not using CSH (I use BASH) and if g77 is not available.  Otherwise you can simply follow the installation procedure outlined in the official documentation file (i.e., <em>bc03/doc/bc03.ps.gz</em>).</p>
<p>First, you definitely need csh and a FORTRAN compiler:</p>
<blockquote>
<pre>$ sudo apt-get install csh gfortran</pre>
</blockquote>
<p>Download from the <a href="http://www2.iap.fr/users/charlot/bc2003/galaxev_download.html">B&amp;C 2003 website</a> the following tarballs (assuming here they are saved under <em>/usr/local/SED</em>):</p>
<blockquote>
<pre>bc03.doc.tar.gz
bc03.models.padova_1994_chabrier_imf.tar.gz
bc03.models.padova_1994_salpeter_imf.tar.gz
bc03.src.tar.gz
bc03.templates.tar.gz</pre>
</blockquote>
<p>Uncompress and untar all these at once by</p>
<blockquote>
<pre>for i in *.tar.gz; do tar -xvzf $i; done</pre>
</blockquote>
<p>This will create the directory <em>bc03</em> under <em>/usr/local/SED</em> and all the subdirectories (<em>bc03/doc</em>, <em>bc03/models</em>, <em>bc03/src</em>, <em>bc03/templates</em>) should be filled with files.</p>
<p>Unfortunately the setup file only exists for csh (<em>bc03/src/.bc_cshrc</em>), so you need to create one for yourself.  Save the following to a file at <em>bc03/src/.bc_bash</em>:</p>
<blockquote>
<pre>export FILTERS="$bc03/FILTERBIN.RES"
export A0VSED="$bc03/A0V_KURUCZ_92.SED"
export RF_COLORS_ARRAYS="$bc03/RF_COLORS.filters"
####################################################
alias  add='csh $bc03/add_bursts.sh'
alias  csp='csh $bc03/csp_galaxev.sh'
alias  vdisp='csh $bc03/vel_disp.sh'
alias  cmev='csh $bc03/cm_evolution.sh'
alias  dgr='csh $bc03/downgrade_resolution.sh'
alias  gpl='$bc03/galaxevpl'
alias  zmag='$bc03/zmag'</pre>
</blockquote>
<p>(This file is actually provided by default in C&amp;B 2007, which you should be using instead of the 2003 version.)  Furthermore, you need to modify a line in <em>bc03/src/Makefile</em> to use gfortran instead of g77:</p>
<blockquote>
<pre>#FC =  g77 -ffixed-line-length-132  # comment out this line and add:
FC = gfortran -ffixed-line-length-none</pre>
</blockquote>
<p>Then compile the programs:</p>
<blockquote>
<pre>$ bc03=/usr/local/SED/bc03/src
$ cd $bc03
$ . .bc_bash
$ make all</pre>
</blockquote>
<p>Add the following lines to <em>~/.bashrc</em> and all the commands for GALAXEV will be available (as aliases):</p>
<blockquote>
<pre>export bc03=/usr/local/SED/bc03/src
. $bc03/.bc_bash</pre>
</blockquote>
<p>That&#8217;s it.</p>
]]></content:encoded>
			<wfw:commentRss>./../../../../../2010/10/installing-bruzual-charlot-2003-galaxev-on-debian-squeeze/feed/index.html</wfw:commentRss>
		<slash:comments>5</slash:comments>
		</item>
		<item>
		<title>Installing NeverNote on Debian Squeeze (AMD64)</title>
		<link>./../../../../../2010/10/installing-nevernote-on-debian-squeeze-amd64/index.html</link>
		<comments>./../../../../../2010/10/installing-nevernote-on-debian-squeeze-amd64/index.html#respond</comments>
		<pubDate>Thu, 14 Oct 2010 14:40:21 +0000</pubDate>
		<dc:creator><![CDATA[Taro]]></dc:creator>
				<category><![CDATA[Debian]]></category>
		<category><![CDATA[Linux]]></category>
		<category><![CDATA[Squeeze]]></category>
		<category><![CDATA[admin]]></category>
		<category><![CDATA[Debian/Squeeze]]></category>
		<category><![CDATA[Evernote]]></category>
		<category><![CDATA[install procedure]]></category>
		<category><![CDATA[Nevernote]]></category>
		<category><![CDATA[software]]></category>

		<guid isPermaLink="false">http://nomo17k.wordpress.com/?p=999</guid>
		<description><![CDATA[I still don&#8217;t understand what all the fuss is about on Evernote (not to mention their aversion to Linux).  However, some kind of note taking utility and having all the related data in the cloud still relives me from the &#8230; <a href="./../../../../../2010/10/installing-nevernote-on-debian-squeeze-amd64/index.html">Continue reading <span class="meta-nav">&#8594;</span></a>]]></description>
				<content:encoded><![CDATA[<p>I still don&#8217;t understand what all the fuss is about on <a href="http://www.evernote.com/">Evernote</a> (not to mention their aversion to Linux).  However, some kind of note taking utility and having all the related data in the cloud still relives me from the nuisance of syncing files across different computers.</p>
<p>You never know what people will do with those data, but who gives a fuck unless you have a terror plot or something&#8230;</p>
<p><a href="http://nomo17k.wordpress.com/2010/06/13/installing-evernote-for-windows-on-debian-squeeze/">Dale L. suggested NeverNote</a>, a Linux client for Evernote, and this looks promising.  I haven&#8217;t used the application thoroughly yet, but this certainly is a much improvement over the web client.</p>
<p>Here&#8217;s what I did to install it (version 0.94) on my Debian notebook.</p>
<p>Download nevernote-0.94_amd64.deb from the <a href="http://sourceforge.net/projects/nevernote/files/">Sourceforge repository</a>, and then</p>
<blockquote>
<pre>$ sudo dpkg -i nevernote-0.94_amd64.deb</pre>
</blockquote>
<p>For me, this is all I needed to do.</p>
<p>All the files, including the startup script, are installed under <em>/usr/share/nevernote</em>. I can launch the client by explicitly running the script:</p>
<blockquote>
<pre>$ /usr/share/nevernote/nevernote.sh</pre>
</blockquote>
<p>Perhaps it makes more sense to have a symlink to this script:</p>
<blockquote>
<pre>$ sudo ln -s /usr/share/nevernote/nevernote.sh /usr/local/bin/nevernote
</pre>
</blockquote>
<p>If I put such a symlink, the file <em>/usr/share/nevernote/nevernote.sh</em> needs to be modified so that the variable NEVERNOTE within the startup script points explicitly to <em>/usr/share/nevernote</em>:</p>
<blockquote>
<pre>NEVERNOTE=/usr/share/nevernote
</pre>
</blockquote>
<p>Otherwise the application cannot properly link to libraries.</p>
]]></content:encoded>
			<wfw:commentRss>./../../../../../2010/10/installing-nevernote-on-debian-squeeze-amd64/feed/index.html</wfw:commentRss>
		<slash:comments>0</slash:comments>
		</item>
		<item>
		<title>Installing STSCI_PYTHON on Debian Squeeze</title>
		<link>./../../../../../2010/06/installing-stsci_python-on-debian-squeeze/index.html</link>
		<comments>./../../../../../2010/06/installing-stsci_python-on-debian-squeeze/index.html#respond</comments>
		<pubDate>Tue, 15 Jun 2010 02:04:22 +0000</pubDate>
		<dc:creator><![CDATA[Taro]]></dc:creator>
				<category><![CDATA[Debian]]></category>
		<category><![CDATA[Linux]]></category>
		<category><![CDATA[Research]]></category>
		<category><![CDATA[Squeeze]]></category>
		<category><![CDATA[admin]]></category>
		<category><![CDATA[astro]]></category>
		<category><![CDATA[Debian/Squeeze]]></category>
		<category><![CDATA[install procedure]]></category>
		<category><![CDATA[research]]></category>
		<category><![CDATA[software]]></category>

		<guid isPermaLink="false">http://nomo17k.wordpress.com/?p=973</guid>
		<description><![CDATA[The version I use is 2.10. First, install IRAF, tables, and stsdas following this article. $ sudo aptitude install python-tk python-numpy python-pmw python-urwid $ sudo aptitude install libreadline6-dev python-matplotlib ipython $ wget http://stsdas.stsci.edu/download/stsci_python_2.10/stsci_python_2.10.tar.gz $ tar -xvzf stsci_python_2.10.tar.gz $ cd stsci_python_2.10 &#8230; <a href="./../../../../../2010/06/installing-stsci_python-on-debian-squeeze/index.html">Continue reading <span class="meta-nav">&#8594;</span></a>]]></description>
				<content:encoded><![CDATA[<p>The version I use is 2.10.</p>
<p>First, install IRAF, tables, and stsdas following <a href="http://nomo17k.wordpress.com/2010/06/14/installing-iraf-on-debian-squeeze/">this article</a>.</p>
<blockquote>
<pre>$ sudo aptitude install python-tk python-numpy python-pmw python-urwid
$ sudo aptitude install libreadline6-dev python-matplotlib ipython
$ wget http://stsdas.stsci.edu/download/stsci_python_2.10/stsci_python_2.10.tar.gz
$ tar -xvzf stsci_python_2.10.tar.gz
$ cd stsci_python_2.10
$ python setup.py build
$ sudo python setup.py install --home=/usr/local/stsci_python-2.10
$ sudo ln -s /usr/local/stsci_python-2.10 /usr/local/stsci_python
$ cd stscidocs
$ su
# export PATH=/usr/local/stsci_python/bin:"$PATH"
# export PYTHONPATH=/usr/local/stsci_python/lib/python:"$PYTHONPATH"
# python setup.py install --home=/usr/local/stsci_python-2.10</pre>
</blockquote>
<p>Add the following lines to <em>~/.bash_profile</em><em></em>:</p>
<blockquote>
<pre>export PATH=/usr/local/stsci_python/bin:"$PATH"
export PYTHONPATH=/usr/local/stsci_python/lib/python:"$PYTHONPATH"

# These two lines are necessary if IRAF was not installed at /usr/local/bin
export iraf=/iraf/iraf  # where IRAF is installed
export IRAFARCH=linux</pre>
</blockquote>
<p>That&#8217;s it.</p>
<h4>Update History</h4>
<p>November 27, 2010 &#8211; Updated for version 2.10.</p>
]]></content:encoded>
			<wfw:commentRss>./../../../../../2010/06/installing-stsci_python-on-debian-squeeze/feed/index.html</wfw:commentRss>
		<slash:comments>0</slash:comments>
		</item>
		<item>
		<title>Installing IRAF on Debian Squeeze</title>
		<link>./../../../../../2010/06/installing-iraf-on-debian-squeeze/index.html</link>
		<comments>./../../../../../2010/06/installing-iraf-on-debian-squeeze/index.html#comments</comments>
		<pubDate>Mon, 14 Jun 2010 19:45:57 +0000</pubDate>
		<dc:creator><![CDATA[Taro]]></dc:creator>
				<category><![CDATA[Debian]]></category>
		<category><![CDATA[Linux]]></category>
		<category><![CDATA[Research]]></category>
		<category><![CDATA[Squeeze]]></category>

		<guid isPermaLink="false">http://nomo17k.wordpress.com/?p=953</guid>
		<description><![CDATA[IRAF doesn&#8217;t have a standard installation procedure using make tools, so it is no fun to install in any system.  One solution is to go for Scisoft, but I don&#8217;t necessarily want to install a whole bunch of software that &#8230; <a href="./../../../../../2010/06/installing-iraf-on-debian-squeeze/index.html">Continue reading <span class="meta-nav">&#8594;</span></a>]]></description>
				<content:encoded><![CDATA[<p><a href="http://iraf.noao.edu/">IRAF</a> doesn&#8217;t have a standard installation procedure using make tools, so it is no fun to install in any system.  One solution is to go for <a href="http://www.eso.org/sci/data-processing/software/scisoft/">Scisoft</a>, but I don&#8217;t necessarily want to install a whole bunch of software that I never intend to use in a small-ish SSD disk drive that I now have with Lenovo T410s.</p>
<h3>Installing IRAF</h3>
<p>The IRAF version here is 2.14.1.  A 64-bit ready IRAF might be coming soon though.</p>
<p>I&#8217;m going to install this under <em>/usr/local/iraf-2.14.1</em>, which is eventually symlinked by <em>/iraf</em>.  I now hate overwriting locally installed software.</p>
<p>First prepare my machine for IRAF installation:</p>
<blockquote>
<pre>$ sudo apt-get install csh xutils-dev ncompress
$ sudo adduser iraf
  ... add IRAF admin user to the system ...
$ sudo nano /etc/passwd
  ... change /bin/bash to /bin/csh for user iraf ...
$ sudo mkdir /usr/local/iraf-2.14.1
$ sudo ln -s /usr/local/iraf-2.14.1 /iraf
$ cd /iraf/iraf
$ sudo chown iraf .
$ sudo chgrp iraf .
$ su iraf
$ mkdir bin extern imdirs iraf irafbin x11iraf
$ mkdir irafbin/bin.linux
$ mkdir irafbin/noao.bin.linux
$ cd /iraf/iraf
$ wget http://iraf.noao.edu/iraf/ftp/iraf/v214/PCIX/as.pcix.gen.gz
$ gunzip -c as.pcix.gen.gz | tar xvf -
$ cd /iraf/irafbin/bin.linux
$ wget http://iraf.noao.edu/iraf/ftp/iraf/v214/PCIX/ib.lnux.x86.gz
$ gunzip -c ib.lnux.x86.gz | tar xvf -
$ cd /iraf/irafbin/noao.bin.linux
$ wget http://iraf.noao.edu/iraf/ftp/iraf/v214/PCIX/nb.lnux.x86.gz
$ gunzip -c nb.lnux.x86.gz | tar xvf -
$ setenv iraf /iraf/iraf
$ cd $iraf/unix/hlib
$ source irafuser.csh
$ ./install -n  # Just go thru the motion to see what will be installed and set</pre>
</blockquote>
<p>Now we are ready to make changes to the system so that IRAF can be launched.  When actually running install script, I tell it the local bin directory is at <em>/iraf/bin</em> (i.e., <em>/usr/local/iraf-2.14.1/bin</em>).  By default startup scripts (like CL) are installed under <em>/usr/local/bin</em> so that anyone on the system can use, but I now have a policy to avoid system-wide installation unless I am pretty sure that I will not be updating the software in future.  When you are ready,</p>
<blockquote>
<pre>$ su
# ./install
# exit</pre>
</blockquote>
<p>Now IRAF should be ready.</p>
<h3>Installing xgterm v2.0 Beta</h3>
<p>There are better alternatives out there but this is what still is a necessary terminal for pure IRAF.</p>
<blockquote>
<pre>$ sudo apt-get install xutils-dev byacc flex bison libxaw7-dev
$ su iraf
$ cd /iraf/x11iraf
$ wget http://iraf.noao.edu/x11iraf/x11iraf-v2.0BETA-src.tar.gz
$ gunzip -c x11* | tar xvf -</pre>
</blockquote>
<p>I need to modify a couple files to get this thing to compile properly (see <a href="http://iraf.net/phpBB2/viewtopic.php?t=86279">this thread</a>):</p>
<p>In <em>obm/ObmW/Imakefile</em>, the line containing EXTRA_DEFINES should read</p>
<blockquote>
<pre>EXTRA_DEFINES = -D_NO_PROTO -DUSE_STDARG</pre>
</blockquote>
<p>and in <em>xgterm/button.c</em>, comment out the line reading char *malloc():</p>
<blockquote>
<pre>/* extern char *malloc(); */</pre>
</blockquote>
<p>The proceed to compile and install:</p>
<blockquote>
<pre>$ cd /iraf/x11iraf
$ xmkmf
$ make World
$ su
# ./install</pre>
</blockquote>
<p>Again for the last install script, I specify <em>/iraf/bin</em> as the binary installation directory.</p>
<h3>Testing Installation</h3>
<p>Next step is to test if I can use IRAF as a regular user.  Login as myself, and do:</p>
<blockquote>
<pre>$ cd ~
$ mkdir iraf
$ cd iraf
$ mkiraf</pre>
</blockquote>
<p>(I create ~/iraf just to avoid cluttering my home directory.)  Choose <em>xgterm</em> as your terminal.</p>
<p>With this installation, I actually need to add <em>/iraf/bin</em> to the PATH environment variable to use IRAF commands on a regular shell:</p>
<blockquote>
<pre>export PATH=/iraf/bin:"$PATH"</pre>
</blockquote>
<p>Add this to <em>~/.bash_profile</em> or <em>~/.bashrc</em> so that you don&#8217;t have to do this on each login.  Or I can even invoke CL as <em>/iraf/bin/cl</em>.  Whatever I prefer.</p>
<h3>Installing STSDAS and TABLES</h3>
<p>Since these may be required for stsci_python, here is the procedure.  Note that I cannot compile them from source due to incompatibility issues with 64-bit architecture.  Assuming I already logged in as user iraf,</p>
<blockquote>
<pre>$ mkdir /iraf/extern/stsdas
$ cd /iraf/extern/stsdas
$ wget http://stsdas.stsci.edu/download/stsdas_3.11/stsdas3.11.tar.gz
$ gunzip -c stsdas* | tar xvf -
$ mkpkg linux
$ cd bin.linux
$ wget http://stsdas.stsci.edu/download/stsdas_3.11/stsdas3.11.bin.redhat.tar.gz
$ gunzip -c stsdas* | tar xvf -
$ python -m compileall -q .</pre>
</blockquote>
<p>For tables,</p>
<blockquote>
<pre>$ mkdir /iraf/extern/tables
$ cd /iraf/extern/tables
$ wget http://stsdas.stsci.edu/download/tables_3.11/tables3.11.tar.gz
$ gunzip -c tables* | tar xvf -
$ mkpkg linux
$ cd bin.linux
$ wget http://stsdas.stsci.edu/download/tables_3.11/tables3.11.bin.redhat.tar.gz
$ gunzip -c tables* | tar xvf -</pre>
</blockquote>
<p>Add entries for tables and stsdas in <em>/iraf/iraf/unix/hlib/extern.pkg</em>.  An example file looks like this:</p>
<blockquote>
<pre># External (non core-system) packages.  To install a new package, add the
# two statements to define the package root directory and package task,
# then add the package helpdb to the `helpdb' list.

reset   noao            = iraf$noao/
task    noao.pkg        = noao$noao.cl

reset   tables          = iraf$../extern/tables/
task    tables.pkg      = tables$tables.cl

reset   mscred          = iraf$../extern/mscred/
task    mscred.pkg      = mscred$mscred.cl

reset   stsdas          = iraf$../extern/stsdas/
task    stsdas.pkg      = stsdas$stsdas.cl

reset   rvsao           = iraf$../extern/rvsao/rvsao-2.5.0/
task    rvsao.pkg       = rvsao$rvsao.cl

reset   xdimsum         = iraf$../extern/xdimsum/
task    xdimsum.pkg     = xdimsum$xdimsum.cl

reset   fuzzy           = iraf$../extern/fuzzy/
task    fuzzy.pkg       = fuzzy$fuzzy.cl

reset   fitsutil        = iraf$../extern/fitsutil/
task    fitsutil.pkg    = fitsutil$fitsutil.cl

reset   gmisc           = iraf$../extern/gmisc/
task    gmisc.pkg       = gmisc$gmisc.cl

reset   gemini          = iraf$../extern/gemini/
task    gemini.pkg      = gemini$gemini.cl

reset   helpdb          = "lib$helpdb.mip\
 ,noao$lib/helpdb.mip\
 ,tables$lib/helpdb.mip\
 ,stsdas$lib/helpdb.mip\
 ,mscred$lib/helpdb.mip\
 ,rvsao$lib/helpdb.mip\
 ,fitsutil$lib/helpdb.mip\
 ,gemini$lib/helpdb.mip\
 ,xdimsum$lib/helpdb.mip\
 "</pre>
</blockquote>
<h3>References</h3>
<p><a href="https://docs.astro.columbia.edu/attachment/wiki/IRAF/iraf-64-bit_step_by_step_installation">IRAF: iraf-64-bit_step_by_step_installation &#8211; CAL Network &#8211; Trac</a></p>
<p id="line1"><a href="http://mjhutchinson.com/journal/2006/11/05/install_iraf_on_ubuntu_edgy_amd64">Installing IRAF on Ubuntu Edgy amd64 | MJHutchinson.com</a></p>
]]></content:encoded>
			<wfw:commentRss>./../../../../../2010/06/installing-iraf-on-debian-squeeze/feed/index.html</wfw:commentRss>
		<slash:comments>1</slash:comments>
		</item>
		<item>
		<title>Installing Evernote for Windows on Debian Squeeze</title>
		<link>./../../../../../2010/06/installing-evernote-for-windows-on-debian-squeeze/index.html</link>
		<comments>./../../../../../2010/06/installing-evernote-for-windows-on-debian-squeeze/index.html#comments</comments>
		<pubDate>Sun, 13 Jun 2010 23:40:28 +0000</pubDate>
		<dc:creator><![CDATA[Taro]]></dc:creator>
				<category><![CDATA[Debian]]></category>
		<category><![CDATA[Linux]]></category>
		<category><![CDATA[Squeeze]]></category>

		<guid isPermaLink="false">http://nomo17k.wordpress.com/?p=950</guid>
		<description><![CDATA[No Linux version!  Lame! First, install Wine as usual. Then download version 3.1 of Evernote for Windows (no, version 3.5 does not install due to its .Net requirement), and run the installer: $ wine Evernote_3.1.0.1225.exe That&#8217;s it.]]></description>
				<content:encoded><![CDATA[<p>No Linux version!  Lame!</p>
<p>First, install Wine as usual.</p>
<p>Then <a href="http://www.evernote.com/about/download/windows.php">download version 3.1 of Evernote for Windows</a> (no, version 3.5 does not install due to its .Net requirement), and run the installer:</p>
<blockquote>
<pre>$ wine Evernote_3.1.0.1225.exe</pre>
</blockquote>
<p>That&#8217;s it.</p>
]]></content:encoded>
			<wfw:commentRss>./../../../../../2010/06/installing-evernote-for-windows-on-debian-squeeze/feed/index.html</wfw:commentRss>
		<slash:comments>4</slash:comments>
		</item>
		<item>
		<title>Installing KeePass on Debian Squeeze</title>
		<link>./../../../../../2010/06/installing-keepass-on-debian-squeeze/index.html</link>
		<comments>./../../../../../2010/06/installing-keepass-on-debian-squeeze/index.html#comments</comments>
		<pubDate>Sun, 13 Jun 2010 22:50:49 +0000</pubDate>
		<dc:creator><![CDATA[Taro]]></dc:creator>
				<category><![CDATA[Debian]]></category>
		<category><![CDATA[Linux]]></category>
		<category><![CDATA[Squeeze]]></category>
		<category><![CDATA[admin]]></category>
		<category><![CDATA[Debian/Squeeze]]></category>
		<category><![CDATA[install procedure]]></category>
		<category><![CDATA[software]]></category>

		<guid isPermaLink="false">http://nomo17k.wordpress.com/?p=947</guid>
		<description><![CDATA[$ sudo aptitude install keepassx This is my favorite username &#38; password manager.]]></description>
				<content:encoded><![CDATA[<blockquote>
<pre>$ sudo aptitude install keepassx
</pre>
</blockquote>
<p>This is my favorite username &amp; password manager.</p>
]]></content:encoded>
			<wfw:commentRss>./../../../../../2010/06/installing-keepass-on-debian-squeeze/feed/index.html</wfw:commentRss>
		<slash:comments>1</slash:comments>
		</item>
		<item>
		<title>PDF Viewing on Debian Squeeze</title>
		<link>./../../../../../2010/06/pdf-viewing-on-debian-squeeze/index.html</link>
		<comments>./../../../../../2010/06/pdf-viewing-on-debian-squeeze/index.html#respond</comments>
		<pubDate>Sun, 13 Jun 2010 22:44:13 +0000</pubDate>
		<dc:creator><![CDATA[Taro]]></dc:creator>
				<category><![CDATA[Debian]]></category>
		<category><![CDATA[Linux]]></category>
		<category><![CDATA[Squeeze]]></category>

		<guid isPermaLink="false">http://nomo17k.wordpress.com/?p=944</guid>
		<description><![CDATA[I find Okular to be a superb PDF reader.  Yes, you can even annotate directly onto PDF documents! $ sudo apt-get install okular poppler-data The last module is necessary to view Japanese PDF documents.]]></description>
				<content:encoded><![CDATA[<p>I find <a href="http://okular.kde.org/">Okular</a> to be a superb PDF reader.  Yes, you can even annotate directly onto PDF documents!</p>
<blockquote>
<pre>$ sudo apt-get install okular poppler-data</pre>
</blockquote>
<p>The last module is necessary to view Japanese PDF documents.</p>
]]></content:encoded>
			<wfw:commentRss>./../../../../../2010/06/pdf-viewing-on-debian-squeeze/feed/index.html</wfw:commentRss>
		<slash:comments>0</slash:comments>
		</item>
		<item>
		<title>Installing Skype on Debian Squeeze</title>
		<link>./../../../../../2010/06/installing-skype-on-debian-squeeze/index.html</link>
		<comments>./../../../../../2010/06/installing-skype-on-debian-squeeze/index.html#respond</comments>
		<pubDate>Sun, 13 Jun 2010 00:27:08 +0000</pubDate>
		<dc:creator><![CDATA[Taro]]></dc:creator>
				<category><![CDATA[Debian]]></category>
		<category><![CDATA[Linux]]></category>
		<category><![CDATA[Squeeze]]></category>

		<guid isPermaLink="false">http://nomo17k.wordpress.com/?p=933</guid>
		<description><![CDATA[To install Skype under /usr/local on Squeeze (AMD64), do: $ sudo apt-get install ia32-libs ia32-libs-gtk ... download Skype source (static version) ... $ bunzip2 -c skype_static-2.1.0.81.tar.bz2 &#124; tar xvf - $ sudo mv skype_static-2.1.0.81 /usr/local $ cd /usr/local/bin $ sudo &#8230; <a href="./../../../../../2010/06/installing-skype-on-debian-squeeze/index.html">Continue reading <span class="meta-nav">&#8594;</span></a>]]></description>
				<content:encoded><![CDATA[<p>To install <a href="http://www.skype.com/intl/en-us/get-skype/on-your-computer/linux/post-download/">Skype</a> under <em>/usr/local</em> on Squeeze (AMD64), do:</p>
<blockquote>
<pre>$ sudo apt-get install ia32-libs ia32-libs-gtk
... download Skype source (static version) ...
$ bunzip2 -c skype_static-2.1.0.81.tar.bz2 | tar xvf -
$ sudo mv skype_static-2.1.0.81 /usr/local
$ cd /usr/local/bin
$ sudo ln -s /usr/local/skype_static-2.1.0.81/skype .</pre>
</blockquote>
<p>The program will be accessible at <em>/usr/local/bin/skype</em>.</p>
]]></content:encoded>
			<wfw:commentRss>./../../../../../2010/06/installing-skype-on-debian-squeeze/feed/index.html</wfw:commentRss>
		<slash:comments>0</slash:comments>
		</item>
		<item>
		<title>Installing Tor on Debian Squeeze</title>
		<link>./../../../../../2010/03/installing-tor-on-debian-squeeze/index.html</link>
		<comments>./../../../../../2010/03/installing-tor-on-debian-squeeze/index.html#comments</comments>
		<pubDate>Wed, 24 Mar 2010 02:34:05 +0000</pubDate>
		<dc:creator><![CDATA[Taro]]></dc:creator>
				<category><![CDATA[Debian]]></category>
		<category><![CDATA[Linux]]></category>
		<category><![CDATA[Squeeze]]></category>
		<category><![CDATA[admin]]></category>
		<category><![CDATA[Debian/Squeeze]]></category>
		<category><![CDATA[install procedure]]></category>
		<category><![CDATA[network]]></category>
		<category><![CDATA[privoxy]]></category>
		<category><![CDATA[security]]></category>
		<category><![CDATA[tor]]></category>

		<guid isPermaLink="false">http://nomo17k.wordpress.com/?p=841</guid>
		<description><![CDATA[Install packages: $ sudo aptitude install tor privoxy Add the following lines to relevant sections in /etc/privoxy/config: ... forward-socks4a / 127.0.0.1:9050 . ... listen-address 127.0.0.1:8118 ( See this thread for detail.)  Then $ sudo /etc/init.d/privoxy restart to make the change &#8230; <a href="./../../../../../2010/03/installing-tor-on-debian-squeeze/index.html">Continue reading <span class="meta-nav">&#8594;</span></a>]]></description>
				<content:encoded><![CDATA[<p>Install packages:</p>
<blockquote>
<pre>$ sudo aptitude install tor privoxy
</pre>
</blockquote>
<p>Add the following lines to relevant sections in <em>/etc/privoxy/config</em>:</p>
<blockquote>
<pre>...
forward-socks4a / 127.0.0.1:9050 .
...
listen-address 127.0.0.1:8118
</pre>
</blockquote>
<p>( See <a href="http://lists.debian.org/debian-user/2009/06/msg00045.html">this thread</a> for detail.)  Then</p>
<blockquote>
<pre>$ sudo /etc/init.d/privoxy restart
</pre>
</blockquote>
<p>to make the change effective.  In my browser proxy setting, use 127.0.0.1 as server and 8118 as port to use it.</p>
]]></content:encoded>
			<wfw:commentRss>./../../../../../2010/03/installing-tor-on-debian-squeeze/feed/index.html</wfw:commentRss>
		<slash:comments>1</slash:comments>
		</item>
		<item>
		<title>Installing DS9 on Debian Squeeze</title>
		<link>./../../../../../2010/03/installing-ds9-on-debian-squeeze/index.html</link>
		<comments>./../../../../../2010/03/installing-ds9-on-debian-squeeze/index.html#respond</comments>
		<pubDate>Mon, 22 Mar 2010 01:29:55 +0000</pubDate>
		<dc:creator><![CDATA[Taro]]></dc:creator>
				<category><![CDATA[Debian]]></category>
		<category><![CDATA[Linux]]></category>
		<category><![CDATA[Squeeze]]></category>
		<category><![CDATA[admin]]></category>
		<category><![CDATA[astro]]></category>
		<category><![CDATA[Debian/Squeeze]]></category>
		<category><![CDATA[DS9]]></category>
		<category><![CDATA[install procedure]]></category>
		<category><![CDATA[research]]></category>
		<category><![CDATA[software]]></category>

		<guid isPermaLink="false">http://nomo17k.wordpress.com/?p=807</guid>
		<description><![CDATA[Download the latest version from the official website: $ wget http://hea-www.harvard.edu/saord/download/ds9/linux64/ds9.linux64.6.0.tar.gz $ tar -xvzf ds9*.tar.gz $ chmod 755 ds9 $ sudo mv ds9 /usr/local/bin (The wget line is an example.) This will install DS9 under /usr/local/bin.]]></description>
				<content:encoded><![CDATA[<p>Download the latest version from the <a href="http://hea-www.harvard.edu/RD/ds9/">official website</a>:</p>
<blockquote>
<pre>$ wget http://hea-www.harvard.edu/saord/download/ds9/linux64/ds9.linux64.6.0.tar.gz
$ tar -xvzf ds9*.tar.gz
$ chmod 755 ds9
$ sudo mv ds9 /usr/local/bin</pre>
</blockquote>
<p>(The wget line is an example.) This will install DS9 under <em>/usr/local/bin</em>.</p>
]]></content:encoded>
			<wfw:commentRss>./../../../../../2010/03/installing-ds9-on-debian-squeeze/feed/index.html</wfw:commentRss>
		<slash:comments>0</slash:comments>
		</item>
		<item>
		<title>Installing Science Packages for Python on Debian Squeeze</title>
		<link>./../../../../../2010/03/installing-science-packages-for-python-on-debian-squeeze/index.html</link>
		<comments>./../../../../../2010/03/installing-science-packages-for-python-on-debian-squeeze/index.html#respond</comments>
		<pubDate>Mon, 22 Mar 2010 01:22:17 +0000</pubDate>
		<dc:creator><![CDATA[Taro]]></dc:creator>
				<category><![CDATA[Debian]]></category>
		<category><![CDATA[Linux]]></category>
		<category><![CDATA[Squeeze]]></category>
		<category><![CDATA[admin]]></category>
		<category><![CDATA[astro]]></category>
		<category><![CDATA[Debian/Squeeze]]></category>
		<category><![CDATA[install procedure]]></category>
		<category><![CDATA[Python]]></category>
		<category><![CDATA[software]]></category>

		<guid isPermaLink="false">http://nomo17k.wordpress.com/?p=802</guid>
		<description><![CDATA[Eventually it&#8217;s likely I need to build all NumPy, SciPy, and Matplotlib from source, but for now this is good enough: $ sudo aptitude install ipython python-mode $ sudo aptitude install python-numpy python-scipy python-matplotlib python-nose If I need WXAgg as &#8230; <a href="./../../../../../2010/03/installing-science-packages-for-python-on-debian-squeeze/index.html">Continue reading <span class="meta-nav">&#8594;</span></a>]]></description>
				<content:encoded><![CDATA[<p>Eventually it&#8217;s likely I need to build all NumPy, SciPy, and Matplotlib from source, but for now this is good enough:</p>
<blockquote>
<pre>$ sudo aptitude install ipython python-mode
$ sudo aptitude install python-numpy python-scipy python-matplotlib python-nose</pre>
</blockquote>
<p>If I need WXAgg as a backend for Matplotlib, I need wxpython:</p>
<blockquote>
<pre>$ sudo aptitude install python-wxgtk2.8</pre>
</blockquote>
<p>I need to modify matplotlibrc:</p>
<blockquote>
<pre>$ cp /etc/matplotlibrc ~/.matplotlib/
... edit ~/.matplotlib/matplotlibrc to have following lines ...
backend : WXAgg</pre>
</blockquote>
<p>(Debian moves the default matplotlibrc to such a weird location&#8230;)</p>
<h4>SciPy Might Fail Tests</h4>
<p>I test NumPy and SciPy on Python interactive session as follows:</p>
<blockquote>
<pre>&gt;&gt;&gt; import numpy
&gt;&gt;&gt; numpy.test('full', verbose=10)
...

&gt;&gt;&gt; import scipy
&gt;&gt;&gt; scipy.test('full', verbose=10)
...</pre>
</blockquote>
<p>I rarely see perfect results (i.e., absolutely no errors), but if there are too many fails then that may be a concern.</p>
<h4>Update History</h4>
<p>November 27, 2010 &#8211; Things have chanced a lot on Squeeze now that a stable release is approaching.  Removed obsolete information and updated everything.</p>
]]></content:encoded>
			<wfw:commentRss>./../../../../../2010/03/installing-science-packages-for-python-on-debian-squeeze/feed/index.html</wfw:commentRss>
		<slash:comments>0</slash:comments>
		</item>
		<item>
		<title>Installing JD on Debian Squeeze</title>
		<link>./../../../../../2010/03/installing-jd-on-debian-squeeze/index.html</link>
		<comments>./../../../../../2010/03/installing-jd-on-debian-squeeze/index.html#respond</comments>
		<pubDate>Mon, 22 Mar 2010 01:00:16 +0000</pubDate>
		<dc:creator><![CDATA[Taro]]></dc:creator>
				<category><![CDATA[Debian]]></category>
		<category><![CDATA[Linux]]></category>
		<category><![CDATA[Squeeze]]></category>

		<guid isPermaLink="false">http://nomo17k.wordpress.com/?p=799</guid>
		<description><![CDATA[$ sudo apt-get install jd ttf-konatu ttf-monapo ttf-mona]]></description>
				<content:encoded><![CDATA[<blockquote>
<pre>$ sudo apt-get install jd ttf-konatu ttf-monapo ttf-mona</pre>
</blockquote>
]]></content:encoded>
			<wfw:commentRss>./../../../../../2010/03/installing-jd-on-debian-squeeze/feed/index.html</wfw:commentRss>
		<slash:comments>0</slash:comments>
		</item>
		<item>
		<title>Installing Freemind on Debian Squeeze</title>
		<link>./../../../../../2010/03/installing-freemind-on-debian-squeeze/index.html</link>
		<comments>./../../../../../2010/03/installing-freemind-on-debian-squeeze/index.html#respond</comments>
		<pubDate>Sun, 21 Mar 2010 23:42:03 +0000</pubDate>
		<dc:creator><![CDATA[Taro]]></dc:creator>
				<category><![CDATA[Debian]]></category>
		<category><![CDATA[Linux]]></category>
		<category><![CDATA[Squeeze]]></category>

		<guid isPermaLink="false">http://nomo17k.wordpress.com/?p=795</guid>
		<description><![CDATA[$ sudo apt-get install freemind]]></description>
				<content:encoded><![CDATA[<blockquote>
<pre>$ sudo apt-get install freemind</pre>
</blockquote>
]]></content:encoded>
			<wfw:commentRss>./../../../../../2010/03/installing-freemind-on-debian-squeeze/feed/index.html</wfw:commentRss>
		<slash:comments>0</slash:comments>
		</item>
		<item>
		<title>Installing Wine on Debian Squeeze</title>
		<link>./../../../../../2010/03/installing-wine-on-debian-squeeze/index.html</link>
		<comments>./../../../../../2010/03/installing-wine-on-debian-squeeze/index.html#respond</comments>
		<pubDate>Sun, 21 Mar 2010 23:20:21 +0000</pubDate>
		<dc:creator><![CDATA[Taro]]></dc:creator>
				<category><![CDATA[Debian]]></category>
		<category><![CDATA[Linux]]></category>
		<category><![CDATA[Squeeze]]></category>

		<guid isPermaLink="false">http://nomo17k.wordpress.com/?p=791</guid>
		<description><![CDATA[$ sudo apt-get install wine lib32nss-mdns]]></description>
				<content:encoded><![CDATA[<blockquote>
<pre>$ sudo apt-get install wine lib32nss-mdns</pre>
</blockquote>
]]></content:encoded>
			<wfw:commentRss>./../../../../../2010/03/installing-wine-on-debian-squeeze/feed/index.html</wfw:commentRss>
		<slash:comments>0</slash:comments>
		</item>
		<item>
		<title>Installing K3b on Debian Squeeeze</title>
		<link>./../../../../../2010/03/installing-k3b-on-debian-squeeeze/index.html</link>
		<comments>./../../../../../2010/03/installing-k3b-on-debian-squeeeze/index.html#respond</comments>
		<pubDate>Sun, 21 Mar 2010 22:49:24 +0000</pubDate>
		<dc:creator><![CDATA[Taro]]></dc:creator>
				<category><![CDATA[Debian]]></category>
		<category><![CDATA[Linux]]></category>
		<category><![CDATA[Squeeze]]></category>
		<category><![CDATA[admin]]></category>
		<category><![CDATA[Debian/Squeeze]]></category>
		<category><![CDATA[install procedure]]></category>
		<category><![CDATA[multimedia]]></category>
		<category><![CDATA[software]]></category>

		<guid isPermaLink="false">http://nomo17k.wordpress.com/?p=785</guid>
		<description><![CDATA[$ sudo aptitude install k3b libdvdcss transcode normalize-audio]]></description>
				<content:encoded><![CDATA[<blockquote>
<pre>$ sudo aptitude install k3b libdvdcss transcode normalize-audio</pre>
</blockquote>
]]></content:encoded>
			<wfw:commentRss>./../../../../../2010/03/installing-k3b-on-debian-squeeeze/feed/index.html</wfw:commentRss>
		<slash:comments>0</slash:comments>
		</item>
		<item>
		<title>Sound &#038; Music Applications on Debian Squeeze</title>
		<link>./../../../../../2010/03/sound-music-applications-on-debian-squeeze/index.html</link>
		<comments>./../../../../../2010/03/sound-music-applications-on-debian-squeeze/index.html#respond</comments>
		<pubDate>Sun, 21 Mar 2010 22:40:51 +0000</pubDate>
		<dc:creator><![CDATA[Taro]]></dc:creator>
				<category><![CDATA[Debian]]></category>
		<category><![CDATA[Linux]]></category>
		<category><![CDATA[Squeeze]]></category>

		<guid isPermaLink="false">http://nomo17k.wordpress.com/?p=780</guid>
		<description><![CDATA[Amarok is my favorite audio player. For tagging ogg files, I use EasyTAG: $ sudo apt-get install kmix $ sudo apt-get install amarok $ sudo apt-get easytag $ sudo apt-get install lastfm It seems replaygain became a built-in feature of &#8230; <a href="./../../../../../2010/03/sound-music-applications-on-debian-squeeze/index.html">Continue reading <span class="meta-nav">&#8594;</span></a>]]></description>
				<content:encoded><![CDATA[<p><a href="http://amarok.kde.org/">Amarok</a> is my favorite audio player.  For tagging ogg files, I use <a href="http://easytag.sourceforge.net/">EasyTAG</a>:</p>
<blockquote>
<pre>$ sudo apt-get install kmix
$ sudo apt-get install amarok
$ sudo apt-get easytag
$ sudo apt-get install lastfm
</pre>
</blockquote>
<p>It seems replaygain became a built-in feature of Amarok.  Great.</p>
]]></content:encoded>
			<wfw:commentRss>./../../../../../2010/03/sound-music-applications-on-debian-squeeze/feed/index.html</wfw:commentRss>
		<slash:comments>0</slash:comments>
		</item>
		<item>
		<title>Installing MPlayer on Debian Squeeze</title>
		<link>./../../../../../2010/03/installing-mplayer-on-debian-squeeze/index.html</link>
		<comments>./../../../../../2010/03/installing-mplayer-on-debian-squeeze/index.html#respond</comments>
		<pubDate>Sun, 21 Mar 2010 22:30:52 +0000</pubDate>
		<dc:creator><![CDATA[Taro]]></dc:creator>
				<category><![CDATA[Debian]]></category>
		<category><![CDATA[Linux]]></category>
		<category><![CDATA[Squeeze]]></category>

		<guid isPermaLink="false">http://nomo17k.wordpress.com/?p=776</guid>
		<description><![CDATA[One easy step: $ sudo apt-get install mplayer pulseaudio Should add the debianmultimedia.org repository to /etc/apt/sources.list though. I had a problem with audio stream when I played a music video (.flv).  I could solve this by installing pulseaudio, and under &#8230; <a href="./../../../../../2010/03/installing-mplayer-on-debian-squeeze/index.html">Continue reading <span class="meta-nav">&#8594;</span></a>]]></description>
				<content:encoded><![CDATA[<p>One easy step:</p>
<blockquote>
<pre>$ sudo apt-get install mplayer pulseaudio
</pre>
</blockquote>
<p>Should add the debianmultimedia.org repository to <em>/etc/apt/sources.list</em> though.</p>
<p>I had a problem with audio stream when I played a music video (.flv).  I could solve this by installing pulseaudio, and under the audio preferences setting the driver to &#8220;pulse.&#8221;</p>
]]></content:encoded>
			<wfw:commentRss>./../../../../../2010/03/installing-mplayer-on-debian-squeeze/feed/index.html</wfw:commentRss>
		<slash:comments>0</slash:comments>
		</item>
	</channel>
</rss>
