<?xml version="1.0" encoding="UTF-8"?><rss version="2.0"
	xmlns:content="http://purl.org/rss/1.0/modules/content/"
	xmlns:dc="http://purl.org/dc/elements/1.1/"
	xmlns:atom="http://www.w3.org/2005/Atom"
	xmlns:sy="http://purl.org/rss/1.0/modules/syndication/"
	
	>
<channel>
	<title>Comments on: Installing ATLAS on Mac OS X Snow Leopard</title>
	<atom:link href="./index.html" rel="self" type="application/rss+xml" />
	<link>./../index.html</link>
	<description>Taro Sato&#039;s Memorandum</description>
	<lastBuildDate>Mon, 07 Jan 2019 10:59:38 +0000</lastBuildDate>
	<sy:updatePeriod>hourly</sy:updatePeriod>
	<sy:updateFrequency>1</sy:updateFrequency>
	<generator>https://wordpress.org/?v=4.4.17</generator>
	<item>
		<title>By: Taro</title>
		<link>./../index.html#comment-5642</link>
		<dc:creator><![CDATA[Taro]]></dc:creator>
		<pubDate>Sat, 21 Apr 2012 19:47:58 +0000</pubDate>
		<guid isPermaLink="false">http://nomo17k.wordpress.com/?p=722#comment-5642</guid>
		<description><![CDATA[Nor -- I&#039;m sorry I&#039;ve overlooked your comment for so long.  This blog receives so many spams but little attentions, I haven&#039;t been cleaning up my message folder for so long.

My short answer would be that I really don&#039;t know about OS X 10.7.3, since my office iMac is still on Snow Leopard.

Thanks for all your work on Scisoft by the way!!]]></description>
		<content:encoded><![CDATA[<p>Nor &#8212; I&#8217;m sorry I&#8217;ve overlooked your comment for so long.  This blog receives so many spams but little attentions, I haven&#8217;t been cleaning up my message folder for so long.</p>
<p>My short answer would be that I really don&#8217;t know about OS X 10.7.3, since my office iMac is still on Snow Leopard.</p>
<p>Thanks for all your work on Scisoft by the way!!</p>
]]></content:encoded>
	</item>
	<item>
		<title>By: Nor</title>
		<link>./../index.html#comment-5047</link>
		<dc:creator><![CDATA[Nor]]></dc:creator>
		<pubDate>Mon, 12 Mar 2012 18:02:38 +0000</pubDate>
		<guid isPermaLink="false">http://nomo17k.wordpress.com/?p=722#comment-5047</guid>
		<description><![CDATA[I am having problems getting ATLAS to compile under OSX 10.7.3 with gcc 4.2 (latest one from Apple) and a working gfortran.
The code compiles properly but ranlib fails at every step so that I end up missing a few of the ATLAS libraries needed by Sextractor. How did you get around the ran lib problem?]]></description>
		<content:encoded><![CDATA[<p>I am having problems getting ATLAS to compile under OSX 10.7.3 with gcc 4.2 (latest one from Apple) and a working gfortran.<br />
The code compiles properly but ranlib fails at every step so that I end up missing a few of the ATLAS libraries needed by Sextractor. How did you get around the ran lib problem?</p>
]]></content:encoded>
	</item>
	<item>
		<title>By: Installing SExtractor on Mac OS X Snow Leopard &#124; Biboroku</title>
		<link>./../index.html#comment-142</link>
		<dc:creator><![CDATA[Installing SExtractor on Mac OS X Snow Leopard &#124; Biboroku]]></dc:creator>
		<pubDate>Sun, 09 Jan 2011 19:37:04 +0000</pubDate>
		<guid isPermaLink="false">http://nomo17k.wordpress.com/?p=722#comment-142</guid>
		<description><![CDATA[[...]   Taro Sato&#039;s Memorandum    Skip to content HomeAboutAbout This BlogPresentations        &#8592; Installing ATLAS on Mac OS X Snow Leopard Installing GFortran on Mac OS X Snow Leopard [...]]]></description>
		<content:encoded><![CDATA[<p>[&#8230;]   Taro Sato&#039;s Memorandum    Skip to content HomeAboutAbout This BlogPresentations        &larr; Installing ATLAS on Mac OS X Snow Leopard Installing GFortran on Mac OS X Snow Leopard [&#8230;]</p>
]]></content:encoded>
	</item>
	<item>
		<title>By: nomo17k</title>
		<link>./../index.html#comment-72</link>
		<dc:creator><![CDATA[nomo17k]]></dc:creator>
		<pubDate>Sat, 03 Apr 2010 00:10:33 +0000</pubDate>
		<guid isPermaLink="false">http://nomo17k.wordpress.com/?p=722#comment-72</guid>
		<description><![CDATA[Indeed.  What am I thinking.

Thank you very much for correction.]]></description>
		<content:encoded><![CDATA[<p>Indeed.  What am I thinking.</p>
<p>Thank you very much for correction.</p>
]]></content:encoded>
	</item>
	<item>
		<title>By: blundgr</title>
		<link>./../index.html#comment-71</link>
		<dc:creator><![CDATA[blundgr]]></dc:creator>
		<pubDate>Fri, 02 Apr 2010 20:44:29 +0000</pubDate>
		<guid isPermaLink="false">http://nomo17k.wordpress.com/?p=722#comment-71</guid>
		<description><![CDATA[One must execute the following command before trying &quot;make check&quot;:

$ make build]]></description>
		<content:encoded><![CDATA[<p>One must execute the following command before trying &#8220;make check&#8221;:</p>
<p>$ make build</p>
]]></content:encoded>
	</item>
	<item>
		<title>By: Installing PSFex on Mac OS X Snow Leopard &#171; Biboroku</title>
		<link>./../index.html#comment-70</link>
		<dc:creator><![CDATA[Installing PSFex on Mac OS X Snow Leopard &#171; Biboroku]]></dc:creator>
		<pubDate>Tue, 23 Mar 2010 00:46:21 +0000</pubDate>
		<guid isPermaLink="false">http://nomo17k.wordpress.com/?p=722#comment-70</guid>
		<description><![CDATA[[...] Filed under: Mac OS X, Snow Leopard &#8212; nomo17k @ 20:45   You need to install FFTW and ATLAS first.  (You need a single-precision library for [...]]]></description>
		<content:encoded><![CDATA[<p>[&#8230;] Filed under: Mac OS X, Snow Leopard &#8212; nomo17k @ 20:45   You need to install FFTW and ATLAS first.  (You need a single-precision library for [&#8230;]</p>
]]></content:encoded>
	</item>
	<item>
		<title>By: Installing SExtractor on Mac OS X Snow Leopard &#171; Biboroku</title>
		<link>./../index.html#comment-69</link>
		<dc:creator><![CDATA[Installing SExtractor on Mac OS X Snow Leopard &#171; Biboroku]]></dc:creator>
		<pubDate>Tue, 23 Mar 2010 00:14:52 +0000</pubDate>
		<guid isPermaLink="false">http://nomo17k.wordpress.com/?p=722#comment-69</guid>
		<description><![CDATA[[...] X Snow&#160;Leopard Filed under: Mac OS X, Snow Leopard &#8212; nomo17k @ 20:14   We need FFTW and ATLAS installed already, and assume that FFTW was installed at /usr/local, and ATLAS at [...]]]></description>
		<content:encoded><![CDATA[<p>[&#8230;] X Snow&nbsp;Leopard Filed under: Mac OS X, Snow Leopard &#8212; nomo17k @ 20:14   We need FFTW and ATLAS installed already, and assume that FFTW was installed at /usr/local, and ATLAS at [&#8230;]</p>
]]></content:encoded>
	</item>
</channel>
</rss>
