<?xml version="1.0" encoding="UTF-8"?><rss version="2.0"
	xmlns:content="http://purl.org/rss/1.0/modules/content/"
	xmlns:dc="http://purl.org/dc/elements/1.1/"
	xmlns:atom="http://www.w3.org/2005/Atom"
	xmlns:sy="http://purl.org/rss/1.0/modules/syndication/"
	
	>
<channel>
	<title>Comments on: Installing F.lux on Debian Squeeze</title>
	<atom:link href="./index.html" rel="self" type="application/rss+xml" />
	<link>./../index.html</link>
	<description>Taro Sato&#039;s Memorandum</description>
	<lastBuildDate>Mon, 07 Jan 2019 10:59:38 +0000</lastBuildDate>
	<sy:updatePeriod>hourly</sy:updatePeriod>
	<sy:updateFrequency>1</sy:updateFrequency>
	<generator>https://wordpress.org/?v=4.4.17</generator>
	<item>
		<title>By: sudoko</title>
		<link>./../index.html#comment-105138</link>
		<dc:creator><![CDATA[sudoko]]></dc:creator>
		<pubDate>Sat, 13 Feb 2016 17:38:37 +0000</pubDate>
		<guid isPermaLink="false">http://nomo17k.wordpress.com/?p=1131#comment-105138</guid>
		<description><![CDATA[Nice guide.  Works on many linux distros, too. Quick and easy fix!]]></description>
		<content:encoded><![CDATA[<p>Nice guide.  Works on many linux distros, too. Quick and easy fix!</p>
]]></content:encoded>
	</item>
	<item>
		<title>By: Valentin Born</title>
		<link>./../index.html#comment-104710</link>
		<dc:creator><![CDATA[Valentin Born]]></dc:creator>
		<pubDate>Tue, 26 Jan 2016 01:00:55 +0000</pubDate>
		<guid isPermaLink="false">http://nomo17k.wordpress.com/?p=1131#comment-104710</guid>
		<description><![CDATA[Or you might install &quot;redshift&quot; and e.g. &quot;redshift-gtk&quot;.]]></description>
		<content:encoded><![CDATA[<p>Or you might install &#8220;redshift&#8221; and e.g. &#8220;redshift-gtk&#8221;.</p>
]]></content:encoded>
	</item>
	<item>
		<title>By: Taro</title>
		<link>./../index.html#comment-101943</link>
		<dc:creator><![CDATA[Taro]]></dc:creator>
		<pubDate>Sat, 07 Nov 2015 20:54:52 +0000</pubDate>
		<guid isPermaLink="false">http://nomo17k.wordpress.com/?p=1131#comment-101943</guid>
		<description><![CDATA[Marcus -- I don&#039;t have the issue myself, but a comment above mentioned that there is a new 64-bit version:

https://justgetflux.com/linux/xflux64.tgz

I would try that first to see.

I&#039;m not sure about the color adjustment; the only thing you might be able to change is the global color temperature, which you can adjust by the -k switch:

[code]$ xflux -k 34000[/code]]]></description>
		<content:encoded><![CDATA[<p>Marcus &#8212; I don&#8217;t have the issue myself, but a comment above mentioned that there is a new 64-bit version:</p>
<p><a href="https://justgetflux.com/linux/xflux64.tgz" rel="nofollow">https://justgetflux.com/linux/xflux64.tgz</a></p>
<p>I would try that first to see.</p>
<p>I&#8217;m not sure about the color adjustment; the only thing you might be able to change is the global color temperature, which you can adjust by the -k switch:</p>
<pre class="brush: plain; title: ; notranslate">$ xflux -k 34000</pre>
]]></content:encoded>
	</item>
	<item>
		<title>By: Marcus</title>
		<link>./../index.html#comment-101912</link>
		<dc:creator><![CDATA[Marcus]]></dc:creator>
		<pubDate>Sat, 07 Nov 2015 12:39:03 +0000</pubDate>
		<guid isPermaLink="false">http://nomo17k.wordpress.com/?p=1131#comment-101912</guid>
		<description><![CDATA[Thanks for the info, the installation works fine but when running it flickers like hell on my screen. Does anyone have the same problem?

Also, how is the command for adjusting the night-time color?

Thanks!]]></description>
		<content:encoded><![CDATA[<p>Thanks for the info, the installation works fine but when running it flickers like hell on my screen. Does anyone have the same problem?</p>
<p>Also, how is the command for adjusting the night-time color?</p>
<p>Thanks!</p>
]]></content:encoded>
	</item>
	<item>
		<title>By: Taro</title>
		<link>./../index.html#comment-101090</link>
		<dc:creator><![CDATA[Taro]]></dc:creator>
		<pubDate>Tue, 20 Oct 2015 18:47:51 +0000</pubDate>
		<guid isPermaLink="false">http://nomo17k.wordpress.com/?p=1131#comment-101090</guid>
		<description><![CDATA[louis -- Thanks for the info! That&#039;s convenient.]]></description>
		<content:encoded><![CDATA[<p>louis &#8212; Thanks for the info! That&#8217;s convenient.</p>
]]></content:encoded>
	</item>
	<item>
		<title>By: louis</title>
		<link>./../index.html#comment-101089</link>
		<dc:creator><![CDATA[louis]]></dc:creator>
		<pubDate>Tue, 20 Oct 2015 18:46:12 +0000</pubDate>
		<guid isPermaLink="false">http://nomo17k.wordpress.com/?p=1131#comment-101089</guid>
		<description><![CDATA[There is now a 64 bit version :
https://justgetflux.com/linux/xflux64.tgz

no need for ia32 any-more]]></description>
		<content:encoded><![CDATA[<p>There is now a 64 bit version :<br />
<a href="https://justgetflux.com/linux/xflux64.tgz" rel="nofollow">https://justgetflux.com/linux/xflux64.tgz</a></p>
<p>no need for ia32 any-more</p>
]]></content:encoded>
	</item>
	<item>
		<title>By: Dom</title>
		<link>./../index.html#comment-90712</link>
		<dc:creator><![CDATA[Dom]]></dc:creator>
		<pubDate>Thu, 26 Feb 2015 02:14:16 +0000</pubDate>
		<guid isPermaLink="false">http://nomo17k.wordpress.com/?p=1131#comment-90712</guid>
		<description><![CDATA[Thanks for posting this information. For the record, I was getting a SSL error when attempting wget. I had to change it to &quot;https&quot; as opposed to &quot;http&quot; for mine to work.]]></description>
		<content:encoded><![CDATA[<p>Thanks for posting this information. For the record, I was getting a SSL error when attempting wget. I had to change it to &#8220;https&#8221; as opposed to &#8220;http&#8221; for mine to work.</p>
]]></content:encoded>
	</item>
	<item>
		<title>By: Exca</title>
		<link>./../index.html#comment-77104</link>
		<dc:creator><![CDATA[Exca]]></dc:creator>
		<pubDate>Sun, 03 Aug 2014 23:47:56 +0000</pubDate>
		<guid isPermaLink="false">http://nomo17k.wordpress.com/?p=1131#comment-77104</guid>
		<description><![CDATA[Excellent solution ! Thank you !
Worked on Debian Wheezy 32 bits !]]></description>
		<content:encoded><![CDATA[<p>Excellent solution ! Thank you !<br />
Worked on Debian Wheezy 32 bits !</p>
]]></content:encoded>
	</item>
	<item>
		<title>By: Raghu</title>
		<link>./../index.html#comment-72714</link>
		<dc:creator><![CDATA[Raghu]]></dc:creator>
		<pubDate>Sat, 14 Jun 2014 18:21:06 +0000</pubDate>
		<guid isPermaLink="false">http://nomo17k.wordpress.com/?p=1131#comment-72714</guid>
		<description><![CDATA[Thanks a lot... works like a charm......  Thank you very much....]]></description>
		<content:encoded><![CDATA[<p>Thanks a lot&#8230; works like a charm&#8230;&#8230;  Thank you very much&#8230;.</p>
]]></content:encoded>
	</item>
	<item>
		<title>By: Kamal Nasser</title>
		<link>./../index.html#comment-40348</link>
		<dc:creator><![CDATA[Kamal Nasser]]></dc:creator>
		<pubDate>Sun, 27 Oct 2013 15:31:41 +0000</pubDate>
		<guid isPermaLink="false">http://nomo17k.wordpress.com/?p=1131#comment-40348</guid>
		<description><![CDATA[Perfect.

Thanks!]]></description>
		<content:encoded><![CDATA[<p>Perfect.</p>
<p>Thanks!</p>
]]></content:encoded>
	</item>
	<item>
		<title>By: John</title>
		<link>./../index.html#comment-1276</link>
		<dc:creator><![CDATA[John]]></dc:creator>
		<pubDate>Mon, 15 Aug 2011 03:48:30 +0000</pubDate>
		<guid isPermaLink="false">http://nomo17k.wordpress.com/?p=1131#comment-1276</guid>
		<description><![CDATA[Ah-ha!  I was wondering about the &quot;No such file or directory&quot; error.  Thanks very much!]]></description>
		<content:encoded><![CDATA[<p>Ah-ha!  I was wondering about the &#8220;No such file or directory&#8221; error.  Thanks very much!</p>
]]></content:encoded>
	</item>
	<item>
		<title>By: Installing Debian Squeeze (AMD64) on Lenovo T410s &#171; Biboroku</title>
		<link>./../index.html#comment-112</link>
		<dc:creator><![CDATA[Installing Debian Squeeze (AMD64) on Lenovo T410s &#171; Biboroku]]></dc:creator>
		<pubDate>Sat, 27 Nov 2010 22:29:53 +0000</pubDate>
		<guid isPermaLink="false">http://nomo17k.wordpress.com/?p=1131#comment-112</guid>
		<description><![CDATA[[...] F.lux [...]]]></description>
		<content:encoded><![CDATA[<p>[&#8230;] F.lux [&#8230;]</p>
]]></content:encoded>
	</item>
</channel>
</rss>
