<?xml version="1.0" encoding="UTF-8"?><rss version="2.0"
	xmlns:content="http://purl.org/rss/1.0/modules/content/"
	xmlns:dc="http://purl.org/dc/elements/1.1/"
	xmlns:atom="http://www.w3.org/2005/Atom"
	xmlns:sy="http://purl.org/rss/1.0/modules/syndication/"
	
	>
<channel>
	<title>Comments on: Searching for Nearest-Neighbors between Two Coordinate Catalogs</title>
	<atom:link href="./index.html" rel="self" type="application/rss+xml" />
	<link>./../index.html</link>
	<description>Taro Sato&#039;s Memorandum</description>
	<lastBuildDate>Mon, 07 Jan 2019 10:59:38 +0000</lastBuildDate>
	<sy:updatePeriod>hourly</sy:updatePeriod>
	<sy:updateFrequency>1</sy:updateFrequency>
	<generator>https://wordpress.org/?v=4.4.17</generator>
	<item>
		<title>By: raul</title>
		<link>./../index.html#comment-96686</link>
		<dc:creator><![CDATA[raul]]></dc:creator>
		<pubDate>Tue, 14 Jul 2015 15:22:53 +0000</pubDate>
		<guid isPermaLink="false">./../../../../index.html?p=1768#comment-96686</guid>
		<description><![CDATA[Thanks for your post Taro, it was useful. @Roberto, you might want to use pandas to handle your input data first.]]></description>
		<content:encoded><![CDATA[<p>Thanks for your post Taro, it was useful. @Roberto, you might want to use pandas to handle your input data first.</p>
]]></content:encoded>
	</item>
	<item>
		<title>By: Taro</title>
		<link>./../index.html#comment-79161</link>
		<dc:creator><![CDATA[Taro]]></dc:creator>
		<pubDate>Sat, 30 Aug 2014 05:17:22 +0000</pubDate>
		<guid isPermaLink="false">./../../../../index.html?p=1768#comment-79161</guid>
		<description><![CDATA[Roberto -- To do that sort of thing, it&#039;s best just coding up a simple script which transforms the input files into the data you need to feed into the library function.]]></description>
		<content:encoded><![CDATA[<p>Roberto &#8212; To do that sort of thing, it&#8217;s best just coding up a simple script which transforms the input files into the data you need to feed into the library function.</p>
]]></content:encoded>
	</item>
	<item>
		<title>By: Roberto</title>
		<link>./../index.html#comment-78307</link>
		<dc:creator><![CDATA[Roberto]]></dc:creator>
		<pubDate>Mon, 18 Aug 2014 13:22:54 +0000</pubDate>
		<guid isPermaLink="false">./../../../../index.html?p=1768#comment-78307</guid>
		<description><![CDATA[Hey, thanks a lot for this post, indeed very useful.

So, I have 2 files. 
Name of File1 --&#062; file1.csv  (millions of records)
Name of File 2 --&#062; file2.txt (100,000 record)

For every 2D point in file1.csv (Columns 6,7), I want to find the nearest point in file2.txt (Columns 1,2)
Can you please tell me how to link file1 and file2 (and the columns) in your above code ?

Thanks
Roberto]]></description>
		<content:encoded><![CDATA[<p>Hey, thanks a lot for this post, indeed very useful.</p>
<p>So, I have 2 files.<br />
Name of File1 &#8211;&gt; file1.csv  (millions of records)<br />
Name of File 2 &#8211;&gt; file2.txt (100,000 record)</p>
<p>For every 2D point in file1.csv (Columns 6,7), I want to find the nearest point in file2.txt (Columns 1,2)<br />
Can you please tell me how to link file1 and file2 (and the columns) in your above code ?</p>
<p>Thanks<br />
Roberto</p>
]]></content:encoded>
	</item>
</channel>
</rss>
