<?xml version="1.0" encoding="UTF-8"?><rss version="2.0"
	xmlns:content="http://purl.org/rss/1.0/modules/content/"
	xmlns:wfw="http://wellformedweb.org/CommentAPI/"
	xmlns:dc="http://purl.org/dc/elements/1.1/"
	xmlns:atom="http://www.w3.org/2005/Atom"
	xmlns:sy="http://purl.org/rss/1.0/modules/syndication/"
	xmlns:slash="http://purl.org/rss/1.0/modules/slash/"
	>

<channel>
	<title>Misc. &#8211; Biboroku</title>
	<atom:link href="./index.html" rel="self" type="application/rss+xml" />
	<link>./../../../index.html</link>
	<description>Taro Sato&#039;s Memorandum</description>
	<lastBuildDate>Fri, 20 Apr 2018 17:49:10 +0000</lastBuildDate>
	<language>en-US</language>
	<sy:updatePeriod>hourly</sy:updatePeriod>
	<sy:updateFrequency>1</sy:updateFrequency>
	<generator>https://wordpress.org/?v=4.4.17</generator>
	<item>
		<title>Looping a YouTube Video</title>
		<link>./../../../2010/11/looping-a-youtube-video/index.html</link>
		<comments>./../../../2010/11/looping-a-youtube-video/index.html#respond</comments>
		<pubDate>Fri, 12 Nov 2010 20:42:53 +0000</pubDate>
		<dc:creator><![CDATA[Taro]]></dc:creator>
				<category><![CDATA[Misc.]]></category>

		<guid isPermaLink="false">http://nomo17k.wordpress.com/?p=1104</guid>
		<description><![CDATA[(Borrowed from this posting, keeping here for my own reference.) Each YouTube video has a key assigned to it.  For example, in this URL http://www.youtube.com/watch?v=sgjMK2sWgsE the bold portion is the key.  Once you know this, modify the URL as http://www.youtube.com/v/sgjMK2sWgsE&#38;loop=1&#38;autoplay=1 &#8230; <a href="./../../../2010/11/looping-a-youtube-video/index.html">Continue reading <span class="meta-nav">&#8594;</span></a>]]></description>
				<content:encoded><![CDATA[<p>(Borrowed from <a href="http://www.ghacks.net/2009/10/13/how-to-loop-youtube-videos/">this posting</a>, keeping here for my own reference.)</p>
<p>Each YouTube video has a key assigned to it.  For example, in this URL</p>
<pre>http://www.youtube.com/watch?v=<strong>sgjMK2sWgsE</strong></pre>
<p>the bold portion is the key.  Once you know this, modify the URL as</p>
<pre>http://www.youtube.com/v/<strong>sgjMK2sWgsE</strong>&amp;loop=1&amp;autoplay=1</pre>
<p>This will keep the video playing.</p>
]]></content:encoded>
			<wfw:commentRss>./../../../2010/11/looping-a-youtube-video/feed/index.html</wfw:commentRss>
		<slash:comments>0</slash:comments>
		</item>
		<item>
		<title>Beautiful (or Cool) Japanese Words?</title>
		<link>./../../../2009/04/beautiful-or-cool-japanese-words/index.html</link>
		<comments>./../../../2009/04/beautiful-or-cool-japanese-words/index.html#respond</comments>
		<pubDate>Fri, 10 Apr 2009 06:31:47 +0000</pubDate>
		<dc:creator><![CDATA[Taro]]></dc:creator>
				<category><![CDATA[Misc.]]></category>

		<guid isPermaLink="false">http://nomo17k.wordpress.com/?p=407</guid>
		<description><![CDATA[I&#8217;m currently on a personal mission to find a Japanese word to describe my personal operations.  I want to find a word that sounds and look beautiful and/or cool in Japanese as well as in English (when it&#8217;s spelled out &#8230; <a href="./../../../2009/04/beautiful-or-cool-japanese-words/index.html">Continue reading <span class="meta-nav">&#8594;</span></a>]]></description>
				<content:encoded><![CDATA[<p>I&#8217;m currently on a personal mission to find a Japanese word to describe my personal operations.  I want to find a word that sounds and look beautiful and/or cool in Japanese as well as in English (when it&#8217;s spelled out in alphabets).</p>
<p>Eventually I hope to use it as a (part of) domain name (which will be my Web portal for my freelance work such as writing, coding, etc.), but the search has actually been quite slow and difficult.  Not surprisingly, many suitable words are already taken by someone else.</p>
<p>Hmmm.  I will keep listing candidates here.</p>
<ul>
<li>okome (お米)
<ul>
<li>Just because I love rice&#8230;</li>
</ul>
</li>
<li>more to come</li>
</ul>
<p>Any ideas&#8230;?</p>
]]></content:encoded>
			<wfw:commentRss>./../../../2009/04/beautiful-or-cool-japanese-words/feed/index.html</wfw:commentRss>
		<slash:comments>0</slash:comments>
		</item>
		<item>
		<title>Renewing My Passport</title>
		<link>./../../../2009/03/renewing-my-passport/index.html</link>
		<comments>./../../../2009/03/renewing-my-passport/index.html#respond</comments>
		<pubDate>Tue, 24 Mar 2009 00:43:49 +0000</pubDate>
		<dc:creator><![CDATA[Taro]]></dc:creator>
				<category><![CDATA[Misc.]]></category>

		<guid isPermaLink="false">http://nomo17k.wordpress.com/?p=275</guid>
		<description><![CDATA[All the info appears to be listed here. For this one I have to visit the consulate general of Japan in person. How inconvenient.]]></description>
				<content:encoded><![CDATA[<p>All the info appears to be listed <a href="http://www.sf.us.emb-japan.go.jp/jp/m03_01_02.htm">here</a>.  For this one I have to visit the consulate general of Japan <em>in person</em>.  How inconvenient.</p>
]]></content:encoded>
			<wfw:commentRss>./../../../2009/03/renewing-my-passport/feed/index.html</wfw:commentRss>
		<slash:comments>0</slash:comments>
		</item>
		<item>
		<title>Getting a Work Permit for Canada</title>
		<link>./../../../2009/03/getting-a-work-permit-for-canada/index.html</link>
		<comments>./../../../2009/03/getting-a-work-permit-for-canada/index.html#respond</comments>
		<pubDate>Tue, 24 Mar 2009 00:39:45 +0000</pubDate>
		<dc:creator><![CDATA[Taro]]></dc:creator>
				<category><![CDATA[Misc.]]></category>

		<guid isPermaLink="false">http://nomo17k.wordpress.com/?p=272</guid>
		<description><![CDATA[This page appears to have all the information. Looks like I don&#8217;t have to travel down to LA just to submit my application, which is good.]]></description>
				<content:encoded><![CDATA[<p><a href="http://www.canadainternational.gc.ca/los_angeles/imm/permit_work-travail_permis.aspx?lang=eng">This page</a> appears to have all the information.</p>
<p>Looks like I don&#8217;t have to travel down to LA just to submit my application, which is good.</p>
]]></content:encoded>
			<wfw:commentRss>./../../../2009/03/getting-a-work-permit-for-canada/feed/index.html</wfw:commentRss>
		<slash:comments>0</slash:comments>
		</item>
		<item>
		<title>First post!</title>
		<link>./../../../2009/03/first-post/index.html</link>
		<comments>./../../../2009/03/first-post/index.html#respond</comments>
		<pubDate>Sat, 21 Mar 2009 23:42:59 +0000</pubDate>
		<dc:creator><![CDATA[Taro]]></dc:creator>
				<category><![CDATA[Misc.]]></category>

		<guid isPermaLink="false">http://nomo17k.wordpress.com/?p=3</guid>
		<description><![CDATA[This is my first post for this blog. I used to have all my own contents in an old-fashioned &#8220;home page&#8221; type of thing, but blogs are indeed useful as I read them all the time! I&#8217;ll move much of &#8230; <a href="./../../../2009/03/first-post/index.html">Continue reading <span class="meta-nav">&#8594;</span></a>]]></description>
				<content:encoded><![CDATA[<p>This is my first post for this blog.  I used to have all my own contents in an old-fashioned &#8220;<a title="Taro's home page" href="http://www.physics.ucsb.edu/~taro" target="_blank">home page</a>&#8221; type of thing, but blogs are indeed useful as I read them all the time!</p>
<p>I&#8217;ll move much of my content here to call this my new home.  There might be some stuff of interests for others but I realized having them in flat ASCII text files hides them from search engines&#8217; attention&#8230;</p>
]]></content:encoded>
			<wfw:commentRss>./../../../2009/03/first-post/feed/index.html</wfw:commentRss>
		<slash:comments>0</slash:comments>
		</item>
	</channel>
</rss>
