<?xml version="1.0" encoding="UTF-8"?><rss version="2.0"
	xmlns:content="http://purl.org/rss/1.0/modules/content/"
	xmlns:dc="http://purl.org/dc/elements/1.1/"
	xmlns:atom="http://www.w3.org/2005/Atom"
	xmlns:sy="http://purl.org/rss/1.0/modules/syndication/"
	
	>
<channel>
	<title>Comments on: Formatting a USB Drive with ext4 for Use with Linux</title>
	<atom:link href="./index.html" rel="self" type="application/rss+xml" />
	<link>./../index.html</link>
	<description>Taro Sato&#039;s Memorandum</description>
	<lastBuildDate>Mon, 07 Jan 2019 10:59:38 +0000</lastBuildDate>
	<sy:updatePeriod>hourly</sy:updatePeriod>
	<sy:updateFrequency>1</sy:updateFrequency>
	<generator>https://wordpress.org/?v=4.4.17</generator>
	<item>
		<title>By: &#124; www.voltivo.com</title>
		<link>./../index.html#comment-100883</link>
		<dc:creator><![CDATA[&#124; www.voltivo.com]]></dc:creator>
		<pubDate>Fri, 16 Oct 2015 03:58:09 +0000</pubDate>
		<guid isPermaLink="false">http://nomo17k.wordpress.com/?p=291#comment-100883</guid>
		<description><![CDATA[[&#8230;] can find a more detailed tutorial here if [&#8230;]]]></description>
		<content:encoded><![CDATA[<p>[&#8230;] can find a more detailed tutorial here if [&#8230;]</p>
]]></content:encoded>
	</item>
	<item>
		<title>By: Taro</title>
		<link>./../index.html#comment-55312</link>
		<dc:creator><![CDATA[Taro]]></dc:creator>
		<pubDate>Fri, 21 Feb 2014 07:21:32 +0000</pubDate>
		<guid isPermaLink="false">http://nomo17k.wordpress.com/?p=291#comment-55312</guid>
		<description><![CDATA[I think it was a mistake.  You do want &quot;auto,&quot; or even &quot;defaults&quot; if the drive is always attached to the box.]]></description>
		<content:encoded><![CDATA[<p>I think it was a mistake.  You do want &#8220;auto,&#8221; or even &#8220;defaults&#8221; if the drive is always attached to the box.</p>
]]></content:encoded>
	</item>
	<item>
		<title>By: Ugly Mug</title>
		<link>./../index.html#comment-54449</link>
		<dc:creator><![CDATA[Ugly Mug]]></dc:creator>
		<pubDate>Tue, 11 Feb 2014 15:59:35 +0000</pubDate>
		<guid isPermaLink="false">http://nomo17k.wordpress.com/?p=291#comment-54449</guid>
		<description><![CDATA[Nice article, but if you want to &quot;always mount this drive on boot&quot;, why are you setting the fstab line to &quot;noauto&quot;?]]></description>
		<content:encoded><![CDATA[<p>Nice article, but if you want to &#8220;always mount this drive on boot&#8221;, why are you setting the fstab line to &#8220;noauto&#8221;?</p>
]]></content:encoded>
	</item>
</channel>
</rss>
