<?xml version="1.0" encoding="UTF-8"?><rss version="2.0"
	xmlns:content="http://purl.org/rss/1.0/modules/content/"
	xmlns:dc="http://purl.org/dc/elements/1.1/"
	xmlns:atom="http://www.w3.org/2005/Atom"
	xmlns:sy="http://purl.org/rss/1.0/modules/syndication/"
	
	>
<channel>
	<title>Comments on: Customizing &#038; Installing Linux Kernel on Debian Wheezy</title>
	<atom:link href="./index.html" rel="self" type="application/rss+xml" />
	<link>./../index.html</link>
	<description>Taro Sato&#039;s Memorandum</description>
	<lastBuildDate>Mon, 07 Jan 2019 10:59:38 +0000</lastBuildDate>
	<sy:updatePeriod>hourly</sy:updatePeriod>
	<sy:updateFrequency>1</sy:updateFrequency>
	<generator>https://wordpress.org/?v=4.4.17</generator>
	<item>
		<title>By: Personalización, reducción y compilación de un kérnel Linux a medida &#8211; Evaristo GZ</title>
		<link>./../index.html#comment-113646</link>
		<dc:creator><![CDATA[Personalización, reducción y compilación de un kérnel Linux a medida &#8211; Evaristo GZ]]></dc:creator>
		<pubDate>Wed, 05 Oct 2016 21:17:59 +0000</pubDate>
		<guid isPermaLink="false">./../../../../index.html?p=1903#comment-113646</guid>
		<description><![CDATA[[&#8230;] Customizing &#038; Installing Linux Kernel on Debian Wheezy [&#8230;]]]></description>
		<content:encoded><![CDATA[<p>[&#8230;] Customizing &amp; Installing Linux Kernel on Debian Wheezy [&#8230;]</p>
]]></content:encoded>
	</item>
</channel>
</rss>
