<?xml version="1.0" encoding="UTF-8"?><rss version="2.0"
	xmlns:content="http://purl.org/rss/1.0/modules/content/"
	xmlns:wfw="http://wellformedweb.org/CommentAPI/"
	xmlns:dc="http://purl.org/dc/elements/1.1/"
	xmlns:atom="http://www.w3.org/2005/Atom"
	xmlns:sy="http://purl.org/rss/1.0/modules/syndication/"
	xmlns:slash="http://purl.org/rss/1.0/modules/slash/"
	>

<channel>
	<title>Music &#8211; Biboroku</title>
	<atom:link href="./index.html" rel="self" type="application/rss+xml" />
	<link>./../../../index.html</link>
	<description>Taro Sato&#039;s Memorandum</description>
	<lastBuildDate>Fri, 20 Apr 2018 17:49:10 +0000</lastBuildDate>
	<language>en-US</language>
	<sy:updatePeriod>hourly</sy:updatePeriod>
	<sy:updateFrequency>1</sy:updateFrequency>
	<generator>https://wordpress.org/?v=4.4.17</generator>
	<item>
		<title>Favorite Internet Radio Stations</title>
		<link>./../../../2009/04/favorite-internet-radio-stations/index.html</link>
		<comments>./../../../2009/04/favorite-internet-radio-stations/index.html#respond</comments>
		<pubDate>Fri, 10 Apr 2009 20:50:01 +0000</pubDate>
		<dc:creator><![CDATA[Taro]]></dc:creator>
				<category><![CDATA[Music]]></category>

		<guid isPermaLink="false">http://nomo17k.wordpress.com/?p=414</guid>
		<description><![CDATA[For funk and soul from 70s &#38; 80s, my favorites are: www.soulfm.de Very nice funky music from 70s and 80s.  DJ Joerg spins a variety of stuff from disco to 80s contemporary R&#38;B.  I can always listen to a few &#8230; <a href="./../../../2009/04/favorite-internet-radio-stations/index.html">Continue reading <span class="meta-nav">&#8594;</span></a>]]></description>
				<content:encoded><![CDATA[<p>For funk and soul from 70s &amp; 80s, my favorites are:</p>
<h2><a href="http://www.soulfm.de/">www.soulfm.de</a></h2>
<p>Very nice funky music from 70s and 80s.  DJ Joerg spins a variety of stuff from disco to 80s contemporary R&amp;B.  I can always listen to a few songs that I haven&#8217;t gotten to know which is cool.</p>
<p>Every Friday, 1pm &#8211; 3pm (UTC -7)</p>
<h2><a href="http://www.kcsb.org/">Jammin&#8217; A Little Old School (KCSB 91.9 FM Santa Barbara)</a></h2>
<p>A lot of bad jams like Rick James, Cameo, Shock, etc., etc.  It was quite a serendipitous find as it was the college radio station of my old university.</p>
<p>Every Friday, 6pm &#8211; 8pm (UTC-7)</p>
<p>Looking to find more of funk, soul, and boogie&#8230;</p>
]]></content:encoded>
			<wfw:commentRss>./../../../2009/04/favorite-internet-radio-stations/feed/index.html</wfw:commentRss>
		<slash:comments>0</slash:comments>
		</item>
	</channel>
</rss>
