<?xml version="1.0" encoding="UTF-8"?><rss version="2.0"
	xmlns:content="http://purl.org/rss/1.0/modules/content/"
	xmlns:dc="http://purl.org/dc/elements/1.1/"
	xmlns:atom="http://www.w3.org/2005/Atom"
	xmlns:sy="http://purl.org/rss/1.0/modules/syndication/"
	
	>
<channel>
	<title>Comments on: Installing Adobe Reader on Debian/Jessie</title>
	<atom:link href="./index.html" rel="self" type="application/rss+xml" />
	<link>./../index.html</link>
	<description>Taro Sato&#039;s Memorandum</description>
	<lastBuildDate>Mon, 07 Jan 2019 10:59:38 +0000</lastBuildDate>
	<sy:updatePeriod>hourly</sy:updatePeriod>
	<sy:updateFrequency>1</sy:updateFrequency>
	<generator>https://wordpress.org/?v=4.4.17</generator>
	<item>
		<title>By: fagan</title>
		<link>./../index.html#comment-134313</link>
		<dc:creator><![CDATA[fagan]]></dc:creator>
		<pubDate>Sun, 29 Apr 2018 04:46:55 +0000</pubDate>
		<guid isPermaLink="false">./../../../../index.html?p=2536#comment-134313</guid>
		<description><![CDATA[Thank you! Excellent post. Works on Debian 9]]></description>
		<content:encoded><![CDATA[<p>Thank you! Excellent post. Works on Debian 9</p>
]]></content:encoded>
	</item>
	<item>
		<title>By: Leandro</title>
		<link>./../index.html#comment-120760</link>
		<dc:creator><![CDATA[Leandro]]></dc:creator>
		<pubDate>Sun, 12 Mar 2017 20:42:50 +0000</pubDate>
		<guid isPermaLink="false">./../../../../index.html?p=2536#comment-120760</guid>
		<description><![CDATA[Thank you!]]></description>
		<content:encoded><![CDATA[<p>Thank you!</p>
]]></content:encoded>
	</item>
	<item>
		<title>By: Andrei Burichita</title>
		<link>./../index.html#comment-117131</link>
		<dc:creator><![CDATA[Andrei Burichita]]></dc:creator>
		<pubDate>Sun, 25 Dec 2016 16:40:22 +0000</pubDate>
		<guid isPermaLink="false">./../../../../index.html?p=2536#comment-117131</guid>
		<description><![CDATA[Thanks ....it worked :D]]></description>
		<content:encoded><![CDATA[<p>Thanks &#8230;.it worked 😀</p>
]]></content:encoded>
	</item>
	<item>
		<title>By: kb</title>
		<link>./../index.html#comment-115384</link>
		<dc:creator><![CDATA[kb]]></dc:creator>
		<pubDate>Wed, 16 Nov 2016 08:27:10 +0000</pubDate>
		<guid isPermaLink="false">./../../../../index.html?p=2536#comment-115384</guid>
		<description><![CDATA[Thank you!]]></description>
		<content:encoded><![CDATA[<p>Thank you!</p>
]]></content:encoded>
	</item>
	<item>
		<title>By: Taro</title>
		<link>./../index.html#comment-109842</link>
		<dc:creator><![CDATA[Taro]]></dc:creator>
		<pubDate>Wed, 29 Jun 2016 17:09:34 +0000</pubDate>
		<guid isPermaLink="false">./../../../../index.html?p=2536#comment-109842</guid>
		<description><![CDATA[Vinix -- It should be fine. By using &lt;code&gt;dpkg --add-architecture i386&lt;/code&gt;, both amd64 and i386 architectures can co-exist.]]></description>
		<content:encoded><![CDATA[<p>Vinix &#8212; It should be fine. By using <code>dpkg --add-architecture i386</code>, both amd64 and i386 architectures can co-exist.</p>
]]></content:encoded>
	</item>
	<item>
		<title>By: Vinix</title>
		<link>./../index.html#comment-109504</link>
		<dc:creator><![CDATA[Vinix]]></dc:creator>
		<pubDate>Tue, 21 Jun 2016 21:39:19 +0000</pubDate>
		<guid isPermaLink="false">./../../../../index.html?p=2536#comment-109504</guid>
		<description><![CDATA[Would it be ok if I have a amd64 archtecture?]]></description>
		<content:encoded><![CDATA[<p>Would it be ok if I have a amd64 archtecture?</p>
]]></content:encoded>
	</item>
	<item>
		<title>By: Alessandro T</title>
		<link>./../index.html#comment-108356</link>
		<dc:creator><![CDATA[Alessandro T]]></dc:creator>
		<pubDate>Sun, 22 May 2016 22:59:48 +0000</pubDate>
		<guid isPermaLink="false">./../../../../index.html?p=2536#comment-108356</guid>
		<description><![CDATA[Thank you!!!! Perfect!]]></description>
		<content:encoded><![CDATA[<p>Thank you!!!! Perfect!</p>
]]></content:encoded>
	</item>
	<item>
		<title>By: Balpo</title>
		<link>./../index.html#comment-107989</link>
		<dc:creator><![CDATA[Balpo]]></dc:creator>
		<pubDate>Thu, 12 May 2016 09:24:31 +0000</pubDate>
		<guid isPermaLink="false">./../../../../index.html?p=2536#comment-107989</guid>
		<description><![CDATA[Thank you, this was simple and very useful.]]></description>
		<content:encoded><![CDATA[<p>Thank you, this was simple and very useful.</p>
]]></content:encoded>
	</item>
	<item>
		<title>By: Luiz F. Santos</title>
		<link>./../index.html#comment-107573</link>
		<dc:creator><![CDATA[Luiz F. Santos]]></dc:creator>
		<pubDate>Sat, 30 Apr 2016 20:37:50 +0000</pubDate>
		<guid isPermaLink="false">./../../../../index.html?p=2536#comment-107573</guid>
		<description><![CDATA[Obrigado pela brilhante dica!]]></description>
		<content:encoded><![CDATA[<p>Obrigado pela brilhante dica!</p>
]]></content:encoded>
	</item>
	<item>
		<title>By: Bob</title>
		<link>./../index.html#comment-107358</link>
		<dc:creator><![CDATA[Bob]]></dc:creator>
		<pubDate>Thu, 21 Apr 2016 22:37:46 +0000</pubDate>
		<guid isPermaLink="false">./../../../../index.html?p=2536#comment-107358</guid>
		<description><![CDATA[Worked well on Linux Mint Debian &quot;Betsy.&quot; Thanks very much.]]></description>
		<content:encoded><![CDATA[<p>Worked well on Linux Mint Debian &#8220;Betsy.&#8221; Thanks very much.</p>
]]></content:encoded>
	</item>
	<item>
		<title>By: abc</title>
		<link>./../index.html#comment-106527</link>
		<dc:creator><![CDATA[abc]]></dc:creator>
		<pubDate>Fri, 25 Mar 2016 15:00:31 +0000</pubDate>
		<guid isPermaLink="false">./../../../../index.html?p=2536#comment-106527</guid>
		<description><![CDATA[thank you!]]></description>
		<content:encoded><![CDATA[<p>thank you!</p>
]]></content:encoded>
	</item>
	<item>
		<title>By: Felipe</title>
		<link>./../index.html#comment-106430</link>
		<dc:creator><![CDATA[Felipe]]></dc:creator>
		<pubDate>Wed, 23 Mar 2016 05:10:47 +0000</pubDate>
		<guid isPermaLink="false">./../../../../index.html?p=2536#comment-106430</guid>
		<description><![CDATA[You can execute and run acrobat in a shell with the command: &quot;acroread&quot;
Thanks and cheers!]]></description>
		<content:encoded><![CDATA[<p>You can execute and run acrobat in a shell with the command: &#8220;acroread&#8221;<br />
Thanks and cheers!</p>
]]></content:encoded>
	</item>
	<item>
		<title>By: Youssef</title>
		<link>./../index.html#comment-105500</link>
		<dc:creator><![CDATA[Youssef]]></dc:creator>
		<pubDate>Thu, 25 Feb 2016 14:59:37 +0000</pubDate>
		<guid isPermaLink="false">./../../../../index.html?p=2536#comment-105500</guid>
		<description><![CDATA[Bonjour, est-ce-que c&#039;est toi Dada, un ami que j&#039;avais en première terminale, c&#039;est youssef si tu te rappelle de moi. Fais signe, I missed the old days !]]></description>
		<content:encoded><![CDATA[<p>Bonjour, est-ce-que c&#8217;est toi Dada, un ami que j&#8217;avais en première terminale, c&#8217;est youssef si tu te rappelle de moi. Fais signe, I missed the old days !</p>
]]></content:encoded>
	</item>
	<item>
		<title>By: Jessica</title>
		<link>./../index.html#comment-105325</link>
		<dc:creator><![CDATA[Jessica]]></dc:creator>
		<pubDate>Sun, 21 Feb 2016 18:49:08 +0000</pubDate>
		<guid isPermaLink="false">./../../../../index.html?p=2536#comment-105325</guid>
		<description><![CDATA[perfect. Every line performs its task perfectly. I managed to install beautifully adobe reader to edit PDF documents with your browser and send direct copy with watermark thanks]]></description>
		<content:encoded><![CDATA[<p>perfect. Every line performs its task perfectly. I managed to install beautifully adobe reader to edit PDF documents with your browser and send direct copy with watermark thanks</p>
]]></content:encoded>
	</item>
	<item>
		<title>By: Fernando</title>
		<link>./../index.html#comment-102452</link>
		<dc:creator><![CDATA[Fernando]]></dc:creator>
		<pubDate>Wed, 18 Nov 2015 00:24:41 +0000</pubDate>
		<guid isPermaLink="false">./../../../../index.html?p=2536#comment-102452</guid>
		<description><![CDATA[Thanks guy!!]]></description>
		<content:encoded><![CDATA[<p>Thanks guy!!</p>
]]></content:encoded>
	</item>
	<item>
		<title>By: Roberto (Brasil)</title>
		<link>./../index.html#comment-98608</link>
		<dc:creator><![CDATA[Roberto (Brasil)]]></dc:creator>
		<pubDate>Tue, 18 Aug 2015 01:57:00 +0000</pubDate>
		<guid isPermaLink="false">./../../../../index.html?p=2536#comment-98608</guid>
		<description><![CDATA[Thanks]]></description>
		<content:encoded><![CDATA[<p>Thanks</p>
]]></content:encoded>
	</item>
	<item>
		<title>By: Dada</title>
		<link>./../index.html#comment-97405</link>
		<dc:creator><![CDATA[Dada]]></dc:creator>
		<pubDate>Wed, 29 Jul 2015 14:55:32 +0000</pubDate>
		<guid isPermaLink="false">./../../../../index.html?p=2536#comment-97405</guid>
		<description><![CDATA[Merci l&#039;ami ! :)]]></description>
		<content:encoded><![CDATA[<p>Merci l&#8217;ami ! <img src="./../../../../wp-includes/images/smilies/simple-smile.png" alt=":)" class="wp-smiley" style="height: 1em; max-height: 1em;" /></p>
]]></content:encoded>
	</item>
	<item>
		<title>By: Jakub</title>
		<link>./../index.html#comment-96790</link>
		<dc:creator><![CDATA[Jakub]]></dc:creator>
		<pubDate>Fri, 17 Jul 2015 08:44:55 +0000</pubDate>
		<guid isPermaLink="false">./../../../../index.html?p=2536#comment-96790</guid>
		<description><![CDATA[Thank you. This good tip.]]></description>
		<content:encoded><![CDATA[<p>Thank you. This good tip.</p>
]]></content:encoded>
	</item>
	<item>
		<title>By: Carlos</title>
		<link>./../index.html#comment-94117</link>
		<dc:creator><![CDATA[Carlos]]></dc:creator>
		<pubDate>Wed, 13 May 2015 10:40:03 +0000</pubDate>
		<guid isPermaLink="false">./../../../../index.html?p=2536#comment-94117</guid>
		<description><![CDATA[Thanks. 
Installed on the Linux debian Jessie without problem]]></description>
		<content:encoded><![CDATA[<p>Thanks.<br />
Installed on the Linux debian Jessie without problem</p>
]]></content:encoded>
	</item>
	<item>
		<title>By: jp</title>
		<link>./../index.html#comment-93685</link>
		<dc:creator><![CDATA[jp]]></dc:creator>
		<pubDate>Mon, 27 Apr 2015 20:13:17 +0000</pubDate>
		<guid isPermaLink="false">./../../../../index.html?p=2536#comment-93685</guid>
		<description><![CDATA[Thanks  :D]]></description>
		<content:encoded><![CDATA[<p>Thanks  😀</p>
]]></content:encoded>
	</item>
</channel>
</rss>
