<?xml version="1.0" encoding="UTF-8"?><rss version="2.0"
	xmlns:content="http://purl.org/rss/1.0/modules/content/"
	xmlns:dc="http://purl.org/dc/elements/1.1/"
	xmlns:atom="http://www.w3.org/2005/Atom"
	xmlns:sy="http://purl.org/rss/1.0/modules/syndication/"
	
	>
<channel>
	<title>Comments on: Power Management on Lenovo T430s with Debian Wheezy</title>
	<atom:link href="./index.html" rel="self" type="application/rss+xml" />
	<link>./../index.html</link>
	<description>Taro Sato&#039;s Memorandum</description>
	<lastBuildDate>Mon, 07 Jan 2019 10:59:38 +0000</lastBuildDate>
	<sy:updatePeriod>hourly</sy:updatePeriod>
	<sy:updateFrequency>1</sy:updateFrequency>
	<generator>https://wordpress.org/?v=4.4.17</generator>
	<item>
		<title>By: 6000mah行動電源</title>
		<link>./../index.html#comment-31373</link>
		<dc:creator><![CDATA[6000mah行動電源]]></dc:creator>
		<pubDate>Fri, 21 Jun 2013 22:06:42 +0000</pubDate>
		<guid isPermaLink="false">./../../../../index.html?p=1915#comment-31373</guid>
		<description><![CDATA[his ebsite &#969;a... h do yu say t?Relent!! Finlly I&#039;ve discovered something that helped me. Thanks!]]></description>
		<content:encoded><![CDATA[<p>his ebsite &omega;a&#8230; h do yu say t?Relent!! Finlly I&#8217;ve discovered something that helped me. Thanks!</p>
]]></content:encoded>
	</item>
	<item>
		<title>By: Taro</title>
		<link>./../index.html#comment-14649</link>
		<dc:creator><![CDATA[Taro]]></dc:creator>
		<pubDate>Thu, 29 Nov 2012 18:52:43 +0000</pubDate>
		<guid isPermaLink="false">./../../../../index.html?p=1915#comment-14649</guid>
		<description><![CDATA[John -- The specific sequence is only appropriate if you use KDE 4.8.  There should be a similar place to create a hook to run a script with other desktop environment like GNOME... unfortunately I don&#039;t know the details though.]]></description>
		<content:encoded><![CDATA[<p>John &#8212; The specific sequence is only appropriate if you use KDE 4.8.  There should be a similar place to create a hook to run a script with other desktop environment like GNOME&#8230; unfortunately I don&#8217;t know the details though.</p>
]]></content:encoded>
	</item>
	<item>
		<title>By: John</title>
		<link>./../index.html#comment-14648</link>
		<dc:creator><![CDATA[John]]></dc:creator>
		<pubDate>Thu, 29 Nov 2012 18:48:19 +0000</pubDate>
		<guid isPermaLink="false">./../../../../index.html?p=1915#comment-14648</guid>
		<description><![CDATA[Thank you for this post and this awesome blog! I have a question. If &quot; System Settings -&#062; Power Management -&#062; Energy Saving Settings.&quot; is not available on my distro, how can I run the pmpersonal.sh script?]]></description>
		<content:encoded><![CDATA[<p>Thank you for this post and this awesome blog! I have a question. If &#8221; System Settings -&gt; Power Management -&gt; Energy Saving Settings.&#8221; is not available on my distro, how can I run the pmpersonal.sh script?</p>
]]></content:encoded>
	</item>
	<item>
		<title>By: Power Management on Lenovo T420 with Debian Wheezy &#124; Biboroku</title>
		<link>./../index.html#comment-9547</link>
		<dc:creator><![CDATA[Power Management on Lenovo T420 with Debian Wheezy &#124; Biboroku]]></dc:creator>
		<pubDate>Wed, 10 Oct 2012 23:06:46 +0000</pubDate>
		<guid isPermaLink="false">./../../../../index.html?p=1915#comment-9547</guid>
		<description><![CDATA[[...] NOTE: This is an older method. I have moved on to using TLP and the amount of powersaving is quite amazing (yes, 6 &#8211; 7 W is possible!!). I will eventually try to update this post, but for now the solution that I wrote for T430s should be followed. [...]]]></description>
		<content:encoded><![CDATA[<p>[&#8230;] NOTE: This is an older method. I have moved on to using TLP and the amount of powersaving is quite amazing (yes, 6 &#8211; 7 W is possible!!). I will eventually try to update this post, but for now the solution that I wrote for T430s should be followed. [&#8230;]</p>
]]></content:encoded>
	</item>
</channel>
</rss>
