<?xml version="1.0" encoding="UTF-8"?><rss version="2.0"
	xmlns:content="http://purl.org/rss/1.0/modules/content/"
	xmlns:dc="http://purl.org/dc/elements/1.1/"
	xmlns:atom="http://www.w3.org/2005/Atom"
	xmlns:sy="http://purl.org/rss/1.0/modules/syndication/"
	
	>
<channel>
	<title>Comments on: &#034;Line in&#034; doesn&#039;t work by default on Leopard</title>
	<atom:link href="./index.html" rel="self" type="application/rss+xml" />
	<link>./../index.html</link>
	<description>Taro Sato&#039;s Memorandum</description>
	<lastBuildDate>Mon, 07 Jan 2019 10:59:38 +0000</lastBuildDate>
	<sy:updatePeriod>hourly</sy:updatePeriod>
	<sy:updateFrequency>1</sy:updateFrequency>
	<generator>https://wordpress.org/?v=4.4.17</generator>
	<item>
		<title>By: Robert</title>
		<link>./../index.html#comment-35</link>
		<dc:creator><![CDATA[Robert]]></dc:creator>
		<pubDate>Sat, 21 Aug 2010 02:37:06 +0000</pubDate>
		<guid isPermaLink="false">http://nomo17k.wordpress.com/?p=590#comment-35</guid>
		<description><![CDATA[Holy crap, thank you!  I&#039;ve been cursing my machine now for days.  Now I came aim it at apple :)

Thanks!]]></description>
		<content:encoded><![CDATA[<p>Holy crap, thank you!  I&#8217;ve been cursing my machine now for days.  Now I came aim it at apple <img src="./../../../../wp-includes/images/smilies/simple-smile.png" alt=":)" class="wp-smiley" style="height: 1em; max-height: 1em;" /></p>
<p>Thanks!</p>
]]></content:encoded>
	</item>
</channel>
</rss>
