<?xml version="1.0" encoding="UTF-8"?><rss version="2.0"
	xmlns:content="http://purl.org/rss/1.0/modules/content/"
	xmlns:wfw="http://wellformedweb.org/CommentAPI/"
	xmlns:dc="http://purl.org/dc/elements/1.1/"
	xmlns:atom="http://www.w3.org/2005/Atom"
	xmlns:sy="http://purl.org/rss/1.0/modules/syndication/"
	xmlns:slash="http://purl.org/rss/1.0/modules/slash/"
	>

<channel>
	<title>brain teaser &#8211; cs4bum</title>
	<atom:link href="./index.html" rel="self" type="application/rss+xml" />
	<link>./../../../index.html</link>
	<description>Algorithms, data structures, brain teasers, etc.</description>
	<lastBuildDate>Sat, 06 Oct 2012 06:38:03 +0000</lastBuildDate>
	<language>en-US</language>
	<sy:updatePeriod>hourly</sy:updatePeriod>
	<sy:updateFrequency>1</sy:updateFrequency>
	<generator>https://wordpress.org/?v=4.4.17</generator>
	<item>
		<title>Swapping integers without temporary storage</title>
		<link>./../../../2012/09/06/swapping-integers-without-temporary-storage/index.html</link>
		<comments>./../../../2012/09/06/swapping-integers-without-temporary-storage/index.html#respond</comments>
		<pubDate>Fri, 07 Sep 2012 01:27:33 +0000</pubDate>
		<dc:creator><![CDATA[okomestudio]]></dc:creator>
				<category><![CDATA[Uncategorized]]></category>
		<category><![CDATA[algorithm]]></category>
		<category><![CDATA[bit operation]]></category>
		<category><![CDATA[brain teaser]]></category>
		<category><![CDATA[Cpp]]></category>

		<guid isPermaLink="false">./../../../index.html?p=175</guid>
		<description><![CDATA[Swap two integers without using temporary variable. Use the properties of XOR bit operation. C++]]></description>
				<content:encoded><![CDATA[<blockquote><p>Swap two integers without using temporary variable.</p></blockquote>
<p>Use the properties of <a href="http://en.wikipedia.org/wiki/XOR_swap_algorithm">XOR bit operation</a>.</p>
<h3>C++</h3>
<pre class="brush: cpp; light: false; title: ; toolbar: true; notranslate">#include &lt;iostream&gt;

using namespace std;


// swap without using a temporary storage.
void swap(int &amp;a, int &amp;b)
{
  if (a != b) {
    b = a ^ b;
    a = a ^ b;
    b = a ^ b;
  }
}


// without bit operation
void swap2(int &amp;a, int &amp;b)
{
  b = a - b;
  a = a - b;
  b = b + a;
}


int main()
{
  int const A = -9, B = 2;
  int a, b;

  cout &lt;&lt; &quot;Numbers to be swapped:&quot; &lt;&lt; endl;
  cout &lt;&lt; A &lt;&lt; ' ' &lt;&lt; B &lt;&lt; endl;

  cout &lt;&lt; endl;
  cout &lt;&lt; &quot;Swapped:&quot; &lt;&lt; endl;

  a = A;
  b = B;
  swap(a, b);
  cout &lt;&lt; a &lt;&lt; ' ' &lt;&lt; b &lt;&lt; endl;

  a = A;
  b = B;
  swap2(a, b);
  cout &lt;&lt; a &lt;&lt; ' ' &lt;&lt; b &lt;&lt; endl;

  return 0;
}</pre>
]]></content:encoded>
			<wfw:commentRss>./../../../2012/09/06/swapping-integers-without-temporary-storage/feed/index.html</wfw:commentRss>
		<slash:comments>0</slash:comments>
		</item>
		<item>
		<title>Horse races</title>
		<link>./../../../2012/09/05/151/index.html</link>
		<comments>./../../../2012/09/05/151/index.html#respond</comments>
		<pubDate>Wed, 05 Sep 2012 07:48:37 +0000</pubDate>
		<dc:creator><![CDATA[okomestudio]]></dc:creator>
				<category><![CDATA[Uncategorized]]></category>
		<category><![CDATA[brain teaser]]></category>

		<guid isPermaLink="false">./../../../index.html?p=151</guid>
		<description><![CDATA[Out of 25 horses, pick the fastest three horses. In each race, only five horses can run at once (there are only five race tracks). What is the minimum number of races required? A timer cannot be used, and assume each horse always runs at constant speed. We need to find the way to identify [&#8230;]]]></description>
				<content:encoded><![CDATA[<blockquote><p>Out of 25 horses, pick the fastest three horses.  In each race, only five horses can run at once (there are only five race tracks).  What is the minimum number of races required?  A timer cannot be used, and assume each horse always runs at constant speed.</p></blockquote>
<p>We need to find the way to identify the greatest number of horses eliminated from the race at each iteration.  Since each horse must run at least once, let all 25 horses run at the first round:</p>
<pre>1 2 3 <em>4</em> <em>5</em>
6 7 8 <em>9</em> <em>10</em>
11 12 13 <em>14</em> <em>15</em>
16 17 18 <em>19</em> <em>20</em>
21 22 23 <em>24</em> <em>25</em></pre>
<p>(In each race, assume the horses are labeled in order of their finish, e.g., horse 11 finished earlier than 13.)</p>
<p>The bottom two finishers at each race should be eliminated at this point (in italic).  A total of 15 horses remain.  Now what is the way to eliminate the highest number of horses out of these 15?</p>
<p>As it turns out, letting the top finisher from each race (that is, 1, 6, 11, 16, and 21) is the best.  Assume in that race, horses 1, 6, and 11 finished from first to third.  That means we can eliminate a whole bunch:</p>
<pre><strong>1</strong> 2 3
<strong>6</strong> 7 <em>8</em>
<strong>11</strong> <em>12 13</em>
<em><strong>16</strong> 17 18</em>
<em><strong>21</strong> 22 23</em></pre>
<p>At this point we know horse 1 is the top finisher.  Note that we can eliminate horse 8 as well, since there is no way that horse 8 makes the top three (since then horses 6 and 7 must be ahead of 8, making the highest finish that horse 8 can achieve as fourth).</p>
<p>That leaves the final race of horses 2, 3, 6, 7, and 11 to decide the second and third finishers.  So the total races required is just seven.</p>
]]></content:encoded>
			<wfw:commentRss>./../../../2012/09/05/151/feed/index.html</wfw:commentRss>
		<slash:comments>0</slash:comments>
		</item>
		<item>
		<title>Two hourglasses</title>
		<link>./../../../2012/09/04/two-hourglasses/index.html</link>
		<comments>./../../../2012/09/04/two-hourglasses/index.html#respond</comments>
		<pubDate>Tue, 04 Sep 2012 22:03:17 +0000</pubDate>
		<dc:creator><![CDATA[okomestudio]]></dc:creator>
				<category><![CDATA[Uncategorized]]></category>
		<category><![CDATA[brain teaser]]></category>

		<guid isPermaLink="false">./../../../index.html?p=148</guid>
		<description><![CDATA[You have a six-minute hourglass and a 11-minute hourglass. How do you measure 16 minutes accurately? Start both hourglasses at the same time. After the six-minute hourglass exhausts, flip it while letting the 11-minute hourglass continue. When the 11-minute hourglass exhausts, stop both. What is left in the six-minute hourglass is the sand good for [&#8230;]]]></description>
				<content:encoded><![CDATA[<blockquote><p>You have a six-minute hourglass and a 11-minute hourglass.  How do you measure 16 minutes accurately?</p></blockquote>
<p>Start both hourglasses at the same time.  After the six-minute hourglass exhausts, flip it while letting the 11-minute hourglass continue.  When the 11-minute hourglass exhausts, stop both.  What is left in the six-minute hourglass is the sand good for 1 minute on one side and 5 minute on another.  Now you can use that 5-miunte side on the six-minute hourglass to add to the 11-minute hourglass to measure 16 minutes accurately.</p>
]]></content:encoded>
			<wfw:commentRss>./../../../2012/09/04/two-hourglasses/feed/index.html</wfw:commentRss>
		<slash:comments>0</slash:comments>
		</item>
		<item>
		<title>The deck of cards and a joker</title>
		<link>./../../../2012/08/31/the-deck-of-cards-and-a-joker/index.html</link>
		<comments>./../../../2012/08/31/the-deck-of-cards-and-a-joker/index.html#respond</comments>
		<pubDate>Sat, 01 Sep 2012 06:22:30 +0000</pubDate>
		<dc:creator><![CDATA[okomestudio]]></dc:creator>
				<category><![CDATA[Uncategorized]]></category>
		<category><![CDATA[brain teaser]]></category>
		<category><![CDATA[combinatorics]]></category>
		<category><![CDATA[probability]]></category>

		<guid isPermaLink="false">./../../../index.html?p=20</guid>
		<description><![CDATA[You have a regular deck of 52 cards. You insert a joker into the deck and shuffle it up. You start dealing the cards until the joker shows up. What is the probability that you have, in your set of cards, all four aces? First, let us compute the probability of drawing cards before the [&#8230;]]]></description>
				<content:encoded><![CDATA[<blockquote><p>You have a regular deck of 52 cards.  You insert a joker into the deck and shuffle it up.  You start dealing the cards until the joker shows up.  What is the probability that you have, in your set of cards, all four aces?</p></blockquote>
<p>First, let us compute the probability <img src='http://s0.wp.com/latex.php?latex=P_m&#038;bg=ffffff&#038;fg=000000&#038;s=0' alt='P_m' title='P_m' class='latex' /> of drawing <img src='http://s0.wp.com/latex.php?latex=m&#038;bg=ffffff&#038;fg=000000&#038;s=0' alt='m' title='m' class='latex' /> cards before the joker turns up.<br />
<img src='http://s0.wp.com/latex.php?latex=%5Cdisplaystyle++++P_1+%3D+%5Cfrac%7B1%7D%7B53%7D+%5C%5C++++P_2+%3D+%5Cfrac%7B52%7D%7B53%7D+%5Cfrac%7B1%7D%7B52%7D+%3D+%5Cfrac%7B1%7D%7B53%7D+%5C%5C++++%5Cvdots+%5C%5C++++P_%7B53%7D+%3D+%5Cfrac%7B52%7D%7B53%7D+%5Cfrac%7B51%7D%7B52%7D+%5Cldots+%5Cfrac%7B2%7D%7B3%7D+%5Cfrac%7B1%7D%7B2%7D+%5Cfrac%7B1%7D%7B1%7D+%3D+%5Cfrac%7B1%7D%7B53%7D+%5C+%2C++&#038;bg=ffffff&#038;fg=000000&#038;s=0' alt='\displaystyle    P_1 = \frac{1}{53} \\    P_2 = \frac{52}{53} \frac{1}{52} = \frac{1}{53} \\    \vdots \\    P_{53} = \frac{52}{53} \frac{51}{52} \ldots \frac{2}{3} \frac{1}{2} \frac{1}{1} = \frac{1}{53} \ ,  ' title='\displaystyle    P_1 = \frac{1}{53} \\    P_2 = \frac{52}{53} \frac{1}{52} = \frac{1}{53} \\    \vdots \\    P_{53} = \frac{52}{53} \frac{51}{52} \ldots \frac{2}{3} \frac{1}{2} \frac{1}{1} = \frac{1}{53} \ ,  ' class='latex' /><br />
So they all have equal probability, <img src='http://s0.wp.com/latex.php?latex=1%2F53&#038;bg=ffffff&#038;fg=000000&#038;s=0' alt='1/53' title='1/53' class='latex' />.</p>
<p>Now, for each <img src='http://s0.wp.com/latex.php?latex=m&#038;bg=ffffff&#038;fg=000000&#038;s=0' alt='m' title='m' class='latex' />, let us compute the probability <img src='http://s0.wp.com/latex.php?latex=Q_n&#038;bg=ffffff&#038;fg=000000&#038;s=0' alt='Q_n' title='Q_n' class='latex' /> for <img src='http://s0.wp.com/latex.php?latex=n+%5Cequiv+m+-+1&#038;bg=ffffff&#038;fg=000000&#038;s=0' alt='n \equiv m - 1' title='n \equiv m - 1' class='latex' /> cards (that is, all cards preceding the joker) to have all four aces.  Obviously, <img src='http://s0.wp.com/latex.php?latex=Q_n+%3D+0&#038;bg=ffffff&#038;fg=000000&#038;s=0' alt='Q_n = 0' title='Q_n = 0' class='latex' /> for <img src='http://s0.wp.com/latex.php?latex=n+%3C+4%26%2391%3B%2Flatex%26%2393%3B.++For+%26%2391%3Blatex%26%2393%3Bn+%3D+4%26%2391%3B%2Flatex%26%2393%3B%2C+we+have+%26%2391%3Blatex%26%2393%3B%5Cdisplaystyle++++Q_4+%3D+%5Cfrac%7B4%7D%7B52%7D+%5Cfrac%7B3%7D%7B51%7D+%5Cfrac%7B2%7D%7B50%7D+%5Cfrac%7B1%7D%7B49%7D+%3D+%5Cfrac%7B4%21+48%21%7D%7B52%21%7D++%26%2391%3B%2Flatex%26%2393%3B++since+you+must+draw+an+ace+at+each+dealing.++For+%26%2391%3Blatex%26%2393%3Bn+%3D+5%26%2391%3B%2Flatex%26%2393%3B%2C+we+have+a+few+possibilities+since+one+of+the+five+cards+can+be+non-ace.++For+example%2C+you+have+%26%2391%3Blatex%26%2393%3B%5Cdisplaystyle++++%5Cfrac%7B48%7D%7B52%7D+%5Cfrac%7B4%7D%7B51%7D+%5Cfrac%7B3%7D%7B50%7D+%5Cfrac%7B2%7D%7B49%7D+%5Cfrac%7B1%7D%7B48%7D+%26%2391%3B%2Flatex%26%2393%3B+if+you+deal+non-ace+at+first%2C++%26%2391%3Blatex%26%2393%3B%5Cdisplaystyle++++%5Cfrac%7B4%7D%7B52%7D+%5Cfrac%7B48%7D%7B51%7D+%5Cfrac%7B3%7D%7B50%7D+%5Cfrac%7B2%7D%7B49%7D+%5Cfrac%7B1%7D%7B48%7D+%26%2391%3B%2Flatex%26%2393%3B+if+you+deal+non-ace+at+second+and+so+on.++Interestingly%2C+in+all+cases+the+probability+is+%26%2391%3Blatex%26%2393%3B4%21+%5Ctimes+48%21+%2F+52%21%26%2391%3B%2Flatex%26%2393%3B%2C+even+for+%26%2391%3Blatex%26%2393%3Bn+%3E+5&#038;bg=ffffff&#038;fg=000000&#038;s=0' alt='n &lt; 4&#091;/latex&#093;.  For &#091;latex&#093;n = 4&#091;/latex&#093;, we have &#091;latex&#093;\displaystyle    Q_4 = \frac{4}{52} \frac{3}{51} \frac{2}{50} \frac{1}{49} = \frac{4! 48!}{52!}  &#091;/latex&#093;  since you must draw an ace at each dealing.  For &#091;latex&#093;n = 5&#091;/latex&#093;, we have a few possibilities since one of the five cards can be non-ace.  For example, you have &#091;latex&#093;\displaystyle    \frac{48}{52} \frac{4}{51} \frac{3}{50} \frac{2}{49} \frac{1}{48} &#091;/latex&#093; if you deal non-ace at first,  &#091;latex&#093;\displaystyle    \frac{4}{52} \frac{48}{51} \frac{3}{50} \frac{2}{49} \frac{1}{48} &#091;/latex&#093; if you deal non-ace at second and so on.  Interestingly, in all cases the probability is &#091;latex&#093;4! \times 48! / 52!&#091;/latex&#093;, even for &#091;latex&#093;n &gt; 5' title='n &lt; 4&#091;/latex&#093;.  For &#091;latex&#093;n = 4&#091;/latex&#093;, we have &#091;latex&#093;\displaystyle    Q_4 = \frac{4}{52} \frac{3}{51} \frac{2}{50} \frac{1}{49} = \frac{4! 48!}{52!}  &#091;/latex&#093;  since you must draw an ace at each dealing.  For &#091;latex&#093;n = 5&#091;/latex&#093;, we have a few possibilities since one of the five cards can be non-ace.  For example, you have &#091;latex&#093;\displaystyle    \frac{48}{52} \frac{4}{51} \frac{3}{50} \frac{2}{49} \frac{1}{48} &#091;/latex&#093; if you deal non-ace at first,  &#091;latex&#093;\displaystyle    \frac{4}{52} \frac{48}{51} \frac{3}{50} \frac{2}{49} \frac{1}{48} &#091;/latex&#093; if you deal non-ace at second and so on.  Interestingly, in all cases the probability is &#091;latex&#093;4! \times 48! / 52!&#091;/latex&#093;, even for &#091;latex&#093;n &gt; 5' class='latex' /> (try checking this explicitly).  We just have to multiply this by the number of possible combinations to draw four aces, given <img src='http://s0.wp.com/latex.php?latex=n&#038;bg=ffffff&#038;fg=000000&#038;s=0' alt='n' title='n' class='latex' /> cards.  That is, at each <img src='http://s0.wp.com/latex.php?latex=n&#038;bg=ffffff&#038;fg=000000&#038;s=0' alt='n' title='n' class='latex' /> we want to know the number of all possible combinations to draw <img src='http://s0.wp.com/latex.php?latex=r+%3D+4&#038;bg=ffffff&#038;fg=000000&#038;s=0' alt='r = 4' title='r = 4' class='latex' /> aces:<br />
<img src='http://s0.wp.com/latex.php?latex=%5Cdisplaystyle++++%5Cbinom%7Bn%7D%7B4%7D+%3D+%5Cfrac%7Bn%21%7D%7B4%21+%28n+-+4%29%21%7D+%5C+.++&#038;bg=ffffff&#038;fg=000000&#038;s=0' alt='\displaystyle    \binom{n}{4} = \frac{n!}{4! (n - 4)!} \ .  ' title='\displaystyle    \binom{n}{4} = \frac{n!}{4! (n - 4)!} \ .  ' class='latex' /><br />
In general, we can write<br />
<img src='http://s0.wp.com/latex.php?latex=%5Cdisplaystyle++++Q_n+%3D+%5Cfrac%7B4%21+48%21%7D%7B52%21%7D+%5Cfrac%7Bn%21%7D%7B4%21+%28n+-+4%29%21%7D++&#038;bg=ffffff&#038;fg=000000&#038;s=0' alt='\displaystyle    Q_n = \frac{4! 48!}{52!} \frac{n!}{4! (n - 4)!}  ' title='\displaystyle    Q_n = \frac{4! 48!}{52!} \frac{n!}{4! (n - 4)!}  ' class='latex' /><br />
for <img src='http://s0.wp.com/latex.php?latex=4+%5Cle+n+%5Cle+52&#038;bg=ffffff&#038;fg=000000&#038;s=0' alt='4 \le n \le 52' title='4 \le n \le 52' class='latex' /> (otherwise, <img src='http://s0.wp.com/latex.php?latex=Q_n+%3D+0&#038;bg=ffffff&#038;fg=000000&#038;s=0' alt='Q_n = 0' title='Q_n = 0' class='latex' />).</p>
<p>Putting together, we want to compute<br />
<img src='http://s0.wp.com/latex.php?latex=%5Cdisplaystyle++++%5Csum_%7Bm+%3D+1%7D%5E%7B53%7D+P_m+Q_%7Bm+-+1%7D++++%3D+%5Cfrac%7B1%7D%7B53%7D+%5Cfrac%7B4%21+48%21%7D%7B52%21%7D+%5Csum_%7Bn+%3D+4%7D%5E%7B52%7D+%5Cfrac%7Bn%21%7D%7B4%21+%28n+-+4%29%21%7D++++%3D+%5Cfrac%7B48%21%7D%7B53%21%7D+%5Csum_%7Bn+%3D+4%7D%5E%7B52%7D+n+%28n+-+1%29+%28n+-+2%29+%28n+-+3%29++++%3D+%5Cboxed%7B+%5Cfrac%7B1%7D%7B5%7D+%5C+.%7D++&#038;bg=ffffff&#038;fg=000000&#038;s=0' alt='\displaystyle    \sum_{m = 1}^{53} P_m Q_{m - 1}    = \frac{1}{53} \frac{4! 48!}{52!} \sum_{n = 4}^{52} \frac{n!}{4! (n - 4)!}    = \frac{48!}{53!} \sum_{n = 4}^{52} n (n - 1) (n - 2) (n - 3)    = \boxed{ \frac{1}{5} \ .}  ' title='\displaystyle    \sum_{m = 1}^{53} P_m Q_{m - 1}    = \frac{1}{53} \frac{4! 48!}{52!} \sum_{n = 4}^{52} \frac{n!}{4! (n - 4)!}    = \frac{48!}{53!} \sum_{n = 4}^{52} n (n - 1) (n - 2) (n - 3)    = \boxed{ \frac{1}{5} \ .}  ' class='latex' />
</p>
<p>I must admit that I used Wolfram Alpha to compute the series sum.  <img src="https://s.w.org/images/core/emoji/72x72/1f61b.png" alt="😛" class="wp-smiley" style="height: 1em; max-height: 1em;" /></p>
]]></content:encoded>
			<wfw:commentRss>./../../../2012/08/31/the-deck-of-cards-and-a-joker/feed/index.html</wfw:commentRss>
		<slash:comments>0</slash:comments>
		</item>
	</channel>
</rss>
