<?xml version="1.0" encoding="UTF-8"?><rss version="2.0"
	xmlns:content="http://purl.org/rss/1.0/modules/content/"
	xmlns:wfw="http://wellformedweb.org/CommentAPI/"
	xmlns:dc="http://purl.org/dc/elements/1.1/"
	xmlns:atom="http://www.w3.org/2005/Atom"
	xmlns:sy="http://purl.org/rss/1.0/modules/syndication/"
	xmlns:slash="http://purl.org/rss/1.0/modules/slash/"
	>

<channel>
	<title>queue &#8211; cs4bum</title>
	<atom:link href="./index.html" rel="self" type="application/rss+xml" />
	<link>./../../../index.html</link>
	<description>Algorithms, data structures, brain teasers, etc.</description>
	<lastBuildDate>Sat, 06 Oct 2012 06:38:03 +0000</lastBuildDate>
	<language>en-US</language>
	<sy:updatePeriod>hourly</sy:updatePeriod>
	<sy:updateFrequency>1</sy:updateFrequency>
	<generator>https://wordpress.org/?v=4.4.17</generator>
	<item>
		<title>Shortest path in a maze</title>
		<link>./../../../2012/09/06/shortest-path-in-a-maze/index.html</link>
		<comments>./../../../2012/09/06/shortest-path-in-a-maze/index.html#respond</comments>
		<pubDate>Thu, 06 Sep 2012 22:21:16 +0000</pubDate>
		<dc:creator><![CDATA[okomestudio]]></dc:creator>
				<category><![CDATA[Uncategorized]]></category>
		<category><![CDATA[algorithm]]></category>
		<category><![CDATA[BFS]]></category>
		<category><![CDATA[Cpp]]></category>
		<category><![CDATA[data structure]]></category>
		<category><![CDATA[queue]]></category>

		<guid isPermaLink="false">./../../../index.html?p=173</guid>
		<description><![CDATA[Given a maze of size N by M constituting of hallways and walls, find the shortest path from the beginning and ending points. Assume that you can only move vertically or horizontally by one at a turn. Assume there is at least one way to go from the beginning to the end. Use the breadth-first [&#8230;]]]></description>
				<content:encoded><![CDATA[<blockquote><p>Given a maze of size N by M constituting of hallways and walls, find the shortest path from the beginning and ending points.  Assume that you can only move vertically or horizontally by one at a turn.  Assume there is at least one way to go from the beginning to the end.</p></blockquote>
<p>Use the breadth-first search algorithm.</p>
<h3>C++</h3>
<pre class="brush: cpp; light: false; title: ; toolbar: true; notranslate">#include &lt;iostream&gt;
#include &lt;tuple&gt;
#include &lt;queue&gt;
#include &lt;vector&gt;

using namespace std;

typedef pair&lt;int, int&gt; Pair;


// a maze consists of N x M grids
static int const N = 12;
static int const M = 8;


int find_shortest_path(char maze[][M], Pair const &amp;beg, Pair const &amp;end)
{
  // stores distance from the begining, negative for unvisited
  int dist[N][M];
  for (int y = 0; y &lt; N; ++y)
    for (int x = 0; x &lt; M; ++x)
      dist[y][x] = -99;

  // can move in four directions
  vector&lt;Pair&gt; dmove;
  dmove.push_back(Pair(0, -1));
  dmove.push_back(Pair(0, +1));
  dmove.push_back(Pair(-1, 0));
  dmove.push_back(Pair(+1, 0));

  // use BFS.  the queue stores unvisited positions.
  queue&lt;Pair&gt; q;

  // start from the begining point
  q.push(beg);
  dist[beg.first][beg.second] = 0;

  while (! q.empty()) {
    // p is current position
    Pair p = q.front();
    q.pop();

    // if this is the ending position, finish.
    if (p.first == end.first &amp;&amp; p.second == end.second)
      break;

    // find adjacent unvisited positions
    for (vector&lt;Pair&gt;::iterator it = dmove.begin(); it != dmove.end(); ++it) {
      int y = p.first + it-&gt;first;
      int x = p.second + it-&gt;second;
      // ensure the new position is unvisited and visitable
      if (x &gt;= 0 &amp;&amp; x &lt; M &amp;&amp; y &gt;= 0 &amp;&amp; y &lt; N &amp;&amp; maze[y][x] != '*'
          &amp;&amp; dist[y][x] &lt; 0) {
        // put the unvisited position in the queue
        q.push(Pair(y, x));
        
        // update the distance at the unvisited position
        dist[y][x] = dist[p.first][p.second] + 1;
      }
    }
  }

  return dist[end.first][end.second];
}


void show_maze(char c[][M], Pair const &amp;beg, Pair const &amp;end)
{
  // '*' = wall, 'b' = starting point, 'e' = ending point
  c[beg.first][beg.second] = 'b';
  c[end.first][end.second] = 'e';
  for (int y = 0; y &lt; N; ++y) {
    for (int x = 0; x &lt; M; ++x) {
      cout &lt;&lt; c[y][x];
    }
    cout &lt;&lt; endl;
  }
}


int main()
{
  // define a maze, begining and ending points
  char maze[N][M] = {{' ', '*', ' ', ' ', ' ', ' ', ' ', ' '},
                     {' ', '*', '*', '*', '*', ' ', '*', ' '},
                     {' ', ' ', ' ', ' ', '*', ' ', '*', ' '},
                     {'*', '*', ' ', '*', ' ', ' ', '*', ' '},
                     {' ', ' ', ' ', '*', '*', ' ', '*', '*'},
                     {' ', '*', '*', '*', ' ', ' ', ' ', ' '},
                     {' ', ' ', ' ', '*', '*', '*', '*', ' '},
                     {'*', '*', ' ', '*', ' ', ' ', ' ', ' '},
                     {' ', ' ', ' ', ' ', ' ', '*', '*', ' '},
                     {' ', '*', '*', '*', ' ', '*', ' ', ' '},
                     {' ', ' ', ' ', '*', ' ', '*', ' ', '*'},
                     {'*', '*', ' ', ' ', ' ', '*', ' ', ' '}};
  Pair beg(2, 3);
  Pair end(11, 7);

  show_maze(maze, beg, end);
  
  int shortest_path = find_shortest_path(maze, beg, end);
  cout &lt;&lt; shortest_path &lt;&lt; endl;

  return 0;
}</pre>
]]></content:encoded>
			<wfw:commentRss>./../../../2012/09/06/shortest-path-in-a-maze/feed/index.html</wfw:commentRss>
		<slash:comments>0</slash:comments>
		</item>
	</channel>
</rss>
