<?xml version="1.0" encoding="UTF-8"?><rss version="2.0"
	xmlns:content="http://purl.org/rss/1.0/modules/content/"
	xmlns:wfw="http://wellformedweb.org/CommentAPI/"
	xmlns:dc="http://purl.org/dc/elements/1.1/"
	xmlns:atom="http://www.w3.org/2005/Atom"
	xmlns:sy="http://purl.org/rss/1.0/modules/syndication/"
	xmlns:slash="http://purl.org/rss/1.0/modules/slash/"
	>

<channel>
	<title>data structure &#8211; cs4bum</title>
	<atom:link href="./index.html" rel="self" type="application/rss+xml" />
	<link>./../../../index.html</link>
	<description>Algorithms, data structures, brain teasers, etc.</description>
	<lastBuildDate>Sat, 06 Oct 2012 06:38:03 +0000</lastBuildDate>
	<language>en-US</language>
	<sy:updatePeriod>hourly</sy:updatePeriod>
	<sy:updateFrequency>1</sy:updateFrequency>
	<generator>https://wordpress.org/?v=4.4.17</generator>
	<item>
		<title>The second largest element in a binary search tree</title>
		<link>./../../../2012/09/09/the-second-largest-element-in-a-binary-search-tree/index.html</link>
		<comments>./../../../2012/09/09/the-second-largest-element-in-a-binary-search-tree/index.html#respond</comments>
		<pubDate>Sun, 09 Sep 2012 08:32:01 +0000</pubDate>
		<dc:creator><![CDATA[okomestudio]]></dc:creator>
				<category><![CDATA[Uncategorized]]></category>
		<category><![CDATA[algorithm]]></category>
		<category><![CDATA[binary search tree]]></category>
		<category><![CDATA[data structure]]></category>
		<category><![CDATA[Python]]></category>
		<category><![CDATA[recursion]]></category>

		<guid isPermaLink="false">./../../../index.html?p=187</guid>
		<description><![CDATA[Find the second largest element in a binary search tree. Python]]></description>
				<content:encoded><![CDATA[<blockquote><p>Find the second largest element in a binary search tree.</p></blockquote>
<h3>Python</h3>
<pre class="brush: python; light: false; title: ; toolbar: true; notranslate">from numpy.random import randint


def insert(bst, key):
    &quot;&quot;&quot;Insert a key to BST&quot;&quot;&quot;
    if bst is None:
        return [key, None, None]
    elif key &lt; bst[0]:
        bst[1] = insert(bst[1], key)
        return bst
    else:
        bst[2] = insert(bst[2], key)
        return bst


def get_max_node(node):
    &quot;&quot;&quot;Given a node in a BST, find the node with max key.&quot;&quot;&quot;
    if node is None:
        return None
    if node[2] is None:
        return node
    return get_max_node(node[2])


def find_second_largest(node):
    if node is None:
        return None

    # if the current node is the max, the second largest is the max
    # node on the left tree.
    if node[1] is not None and node[2] is None:
        return get_max_node(node[1])

    # if the right child node is the max, the current node is the
    # second largest.
    if node[2] is not None:
        if node[2][1] is None and node[2][2] is None:
            return node

    # otherwise, move on to the right child.
    return find_second_largest(node[2])


def main():
    # random data
    xs = randint(0, 100, size=20)

    # build BST
    bst = None
    for x in xs:
        bst = insert(bst, x)
    
    sl = find_second_largest(bst)

    # check answer
    xs.sort()
    print sl[0], xs[-2]
    assert sl[0] == xs[-2]
    

if __name__ == '__main__':
    main()</pre>
]]></content:encoded>
			<wfw:commentRss>./../../../2012/09/09/the-second-largest-element-in-a-binary-search-tree/feed/index.html</wfw:commentRss>
		<slash:comments>0</slash:comments>
		</item>
		<item>
		<title>Reconstructing a binary tree from pre-order and in-order traversals</title>
		<link>./../../../2012/09/08/reconstructing-a-binary-tree/index.html</link>
		<comments>./../../../2012/09/08/reconstructing-a-binary-tree/index.html#respond</comments>
		<pubDate>Sat, 08 Sep 2012 23:09:53 +0000</pubDate>
		<dc:creator><![CDATA[okomestudio]]></dc:creator>
				<category><![CDATA[Uncategorized]]></category>
		<category><![CDATA[algorithm]]></category>
		<category><![CDATA[binary tree]]></category>
		<category><![CDATA[data structure]]></category>
		<category><![CDATA[Python]]></category>
		<category><![CDATA[recursion]]></category>

		<guid isPermaLink="false">./../../../index.html?p=178</guid>
		<description><![CDATA[Given pre-order and in-order traversal of a tree, reconstruct the binary tree. Python]]></description>
				<content:encoded><![CDATA[<blockquote><p>Given pre-order and in-order traversal of a tree, reconstruct the binary tree.</p></blockquote>
<h3>Python</h3>
<pre class="brush: python; light: false; title: ; toolbar: true; notranslate">#!/usr/bin/env python2.6
#
# Problem:
#
#   Given pre-order and in-order traversal of a tree, reconstruct the
#   binary tree.


def find_bt(preorder, inorder):
    if len(preorder) == 0 and len(inorder) == 0:
        return None

    key = preorder[0]
    bt = [key, None, None]
    
    idx = inorder.index(key)

    bt[1] = find_bt(preorder[1:1+idx], inorder[:idx])
    bt[2] = find_bt(preorder[1+idx:], inorder[idx+1:])

    return bt


def main():
    preorder = [7, 10, 4, 3, 1, 2, 8, 11]
    inorder = [4, 10, 3, 1, 7, 11, 8, 2]

    bt = find_bt(preorder, inorder)

    # binary tree in Python can be represented by a list of lists
    # [key, left, right]
    print bt


if __name__ == '__main__':
    main()</pre>
]]></content:encoded>
			<wfw:commentRss>./../../../2012/09/08/reconstructing-a-binary-tree/feed/index.html</wfw:commentRss>
		<slash:comments>0</slash:comments>
		</item>
		<item>
		<title>Shortest path in a maze</title>
		<link>./../../../2012/09/06/shortest-path-in-a-maze/index.html</link>
		<comments>./../../../2012/09/06/shortest-path-in-a-maze/index.html#respond</comments>
		<pubDate>Thu, 06 Sep 2012 22:21:16 +0000</pubDate>
		<dc:creator><![CDATA[okomestudio]]></dc:creator>
				<category><![CDATA[Uncategorized]]></category>
		<category><![CDATA[algorithm]]></category>
		<category><![CDATA[BFS]]></category>
		<category><![CDATA[Cpp]]></category>
		<category><![CDATA[data structure]]></category>
		<category><![CDATA[queue]]></category>

		<guid isPermaLink="false">./../../../index.html?p=173</guid>
		<description><![CDATA[Given a maze of size N by M constituting of hallways and walls, find the shortest path from the beginning and ending points. Assume that you can only move vertically or horizontally by one at a turn. Assume there is at least one way to go from the beginning to the end. Use the breadth-first [&#8230;]]]></description>
				<content:encoded><![CDATA[<blockquote><p>Given a maze of size N by M constituting of hallways and walls, find the shortest path from the beginning and ending points.  Assume that you can only move vertically or horizontally by one at a turn.  Assume there is at least one way to go from the beginning to the end.</p></blockquote>
<p>Use the breadth-first search algorithm.</p>
<h3>C++</h3>
<pre class="brush: cpp; light: false; title: ; toolbar: true; notranslate">#include &lt;iostream&gt;
#include &lt;tuple&gt;
#include &lt;queue&gt;
#include &lt;vector&gt;

using namespace std;

typedef pair&lt;int, int&gt; Pair;


// a maze consists of N x M grids
static int const N = 12;
static int const M = 8;


int find_shortest_path(char maze[][M], Pair const &amp;beg, Pair const &amp;end)
{
  // stores distance from the begining, negative for unvisited
  int dist[N][M];
  for (int y = 0; y &lt; N; ++y)
    for (int x = 0; x &lt; M; ++x)
      dist[y][x] = -99;

  // can move in four directions
  vector&lt;Pair&gt; dmove;
  dmove.push_back(Pair(0, -1));
  dmove.push_back(Pair(0, +1));
  dmove.push_back(Pair(-1, 0));
  dmove.push_back(Pair(+1, 0));

  // use BFS.  the queue stores unvisited positions.
  queue&lt;Pair&gt; q;

  // start from the begining point
  q.push(beg);
  dist[beg.first][beg.second] = 0;

  while (! q.empty()) {
    // p is current position
    Pair p = q.front();
    q.pop();

    // if this is the ending position, finish.
    if (p.first == end.first &amp;&amp; p.second == end.second)
      break;

    // find adjacent unvisited positions
    for (vector&lt;Pair&gt;::iterator it = dmove.begin(); it != dmove.end(); ++it) {
      int y = p.first + it-&gt;first;
      int x = p.second + it-&gt;second;
      // ensure the new position is unvisited and visitable
      if (x &gt;= 0 &amp;&amp; x &lt; M &amp;&amp; y &gt;= 0 &amp;&amp; y &lt; N &amp;&amp; maze[y][x] != '*'
          &amp;&amp; dist[y][x] &lt; 0) {
        // put the unvisited position in the queue
        q.push(Pair(y, x));
        
        // update the distance at the unvisited position
        dist[y][x] = dist[p.first][p.second] + 1;
      }
    }
  }

  return dist[end.first][end.second];
}


void show_maze(char c[][M], Pair const &amp;beg, Pair const &amp;end)
{
  // '*' = wall, 'b' = starting point, 'e' = ending point
  c[beg.first][beg.second] = 'b';
  c[end.first][end.second] = 'e';
  for (int y = 0; y &lt; N; ++y) {
    for (int x = 0; x &lt; M; ++x) {
      cout &lt;&lt; c[y][x];
    }
    cout &lt;&lt; endl;
  }
}


int main()
{
  // define a maze, begining and ending points
  char maze[N][M] = {{' ', '*', ' ', ' ', ' ', ' ', ' ', ' '},
                     {' ', '*', '*', '*', '*', ' ', '*', ' '},
                     {' ', ' ', ' ', ' ', '*', ' ', '*', ' '},
                     {'*', '*', ' ', '*', ' ', ' ', '*', ' '},
                     {' ', ' ', ' ', '*', '*', ' ', '*', '*'},
                     {' ', '*', '*', '*', ' ', ' ', ' ', ' '},
                     {' ', ' ', ' ', '*', '*', '*', '*', ' '},
                     {'*', '*', ' ', '*', ' ', ' ', ' ', ' '},
                     {' ', ' ', ' ', ' ', ' ', '*', '*', ' '},
                     {' ', '*', '*', '*', ' ', '*', ' ', ' '},
                     {' ', ' ', ' ', '*', ' ', '*', ' ', '*'},
                     {'*', '*', ' ', ' ', ' ', '*', ' ', ' '}};
  Pair beg(2, 3);
  Pair end(11, 7);

  show_maze(maze, beg, end);
  
  int shortest_path = find_shortest_path(maze, beg, end);
  cout &lt;&lt; shortest_path &lt;&lt; endl;

  return 0;
}</pre>
]]></content:encoded>
			<wfw:commentRss>./../../../2012/09/06/shortest-path-in-a-maze/feed/index.html</wfw:commentRss>
		<slash:comments>0</slash:comments>
		</item>
		<item>
		<title>Linked list: Basic implementation</title>
		<link>./../../../2012/09/01/linked-list-basic-implementation/index.html</link>
		<comments>./../../../2012/09/01/linked-list-basic-implementation/index.html#respond</comments>
		<pubDate>Sun, 02 Sep 2012 04:00:51 +0000</pubDate>
		<dc:creator><![CDATA[okomestudio]]></dc:creator>
				<category><![CDATA[Uncategorized]]></category>
		<category><![CDATA[algorithm]]></category>
		<category><![CDATA[C]]></category>
		<category><![CDATA[Cpp]]></category>
		<category><![CDATA[data structure]]></category>
		<category><![CDATA[Java]]></category>
		<category><![CDATA[linked list]]></category>
		<category><![CDATA[Python]]></category>

		<guid isPermaLink="false">./../../../index.html?p=122</guid>
		<description><![CDATA[Implement a basic singly linked list data structure. Write functions/methods to append a node at the end and delete a node. Python C C++ Java]]></description>
				<content:encoded><![CDATA[<blockquote><p>Implement a basic singly linked list data structure.  Write functions/methods to append a node at the end and delete a node.</p></blockquote>
<h3>Python</h3>
<pre class="brush: python; light: false; title: ; toolbar: true; notranslate">#!/usr/bin/env python2.6


class Node(object):

    def __init__(self, d):
        self.data = d
        self.next = None


class LinkedList(object):

    def __init__(self):
        self.head = None

    def append(self, d):
        end = Node(d)
        if self.head is None:
            self.head = end
            return
        n = self.head
        while n.next is not None:
            n = n.next
        n.next = end

    def delete(self, d):
        if self.head is not None:
            n = self.head
            if n.data == d:
                self.head = n.next
                return
            m = n
            while n.next is not None:
                if n.next.data == d:
                    n.next = n.next.next
                    self.head = m
                    return
                n = n.next

    def view(self):
        n = self.head
        while n is not None:
            print n.data
            n = n.next


llist = LinkedList()
for i in range(10):
    llist.append(i)

llist.delete(3)
llist.delete(7)
llist.delete(11)
llist.delete(0)
llist.delete(9)

llist.view()</pre>
<h3>C</h3>
<pre class="brush: cpp; light: false; title: ; toolbar: true; notranslate">#include &lt;stdio.h&gt;
#include &lt;stdlib.h&gt;


struct Node_
{
  int data;
  struct Node_ *next;
};
typedef struct Node_ Node;


typedef struct
{
  Node *head;
} LinkedList;


Node *create_node(int d)
{
  Node *node = malloc(sizeof(Node));
  node-&gt;data = d;
  node-&gt;next = 0;
  return node;
}


void destroy_node(Node *node)
{
  free(node);
}


void append(LinkedList *l, int d)
{
  Node *end = create_node(d);

  if (l-&gt;head == 0) {
    l-&gt;head = end;
    return;
  }

  Node *n = l-&gt;head;
  while (n-&gt;next != 0) {
    n = n-&gt;next;
  }
  n-&gt;next = end;
}


void delete(LinkedList *l, int d)
{
  if (l-&gt;head != 0) {
    Node *n = l-&gt;head;
    if (n-&gt;data == d) {
      l-&gt;head = n-&gt;next;
      return;
    }

    while (n-&gt;next != 0) {
      if (n-&gt;next-&gt;data == d) {
        Node *m = n-&gt;next-&gt;next;
        destroy_node(n-&gt;next);
        n-&gt;next = m;
        return;
      }
      n = n-&gt;next;
    }
  }
}


void view(LinkedList *l)
{
  Node *n = l-&gt;head;
  while (n != 0) {
    printf(&quot;%d\n&quot;, n-&gt;data);
    n = n-&gt;next;
  }
}


int main()
{
  LinkedList llist = {.head = 0};

  int i;
  for (i = 0; i &lt; 10; ++i) {
    append(&amp;llist, i);
  }

  delete(&amp;llist, 3);
  delete(&amp;llist, 7);
  delete(&amp;llist, 11);
  delete(&amp;llist, 0);
  delete(&amp;llist, 9);

  view(&amp;llist);

  return 0;
}</pre>
<h3>C++</h3>
<pre class="brush: cpp; light: false; title: ; toolbar: true; notranslate">#include &lt;iostream&gt;

using namespace std;


class Node
{
public:
  Node(int d) : next(0) { data = d; };
  int data;
  Node *next;
};


class LinkedList
{
public:
  LinkedList() : head(0) {};
  Node *head;

  void append(int d)
  {
    Node *end = new Node(d);
    if (head == 0) {
      head = end;
      return;
    }
    Node *n = head;
    while (n-&gt;next != 0) {
      n = n-&gt;next;
    }
    n-&gt;next = end;
  }

  void remove(int d)
  {
    if (head != 0) {
      if (head-&gt;data == d) {
        Node *m = head-&gt;next;
        delete head;
        head = m;
        return;
      }
      Node *n = head;
      while (n-&gt;next != 0) {
        if (n-&gt;next-&gt;data == d) {
          Node *m = n-&gt;next-&gt;next;
          delete n-&gt;next;
          n-&gt;next = m;
          return;
        }
        n = n-&gt;next;
      }
    }
  }

  void view()
  {
    Node *n = head;
    while (n != 0) {
      cout &lt;&lt; n-&gt;data &lt;&lt; endl;
      n = n-&gt;next;
    }
  }
};


int main()
{
  LinkedList llist;
  for (int i = 0; i &lt; 10; ++i) {
    llist.append(i);
  }
  llist.remove(3);
  llist.remove(7);
  llist.remove(11);
  llist.remove(0);
  llist.remove(9);
  llist.view();
  return 0;
}</pre>
<h3>Java</h3>
<pre class="brush: java; light: false; title: ; toolbar: true; notranslate">class Node
{
  Node next = null;
  int data;

  public Node(int d) { data = d; }
}


class LinkedList
{
  Node head = null;

  LinkedList() {}
  LinkedList(Node n) { head = n; }

  void view()
  {
    Node n = head;
    while (n != null) {
      System.out.println(n.data);
      n = n.next;
    }
  }

  void append(int d)
  {
    Node end = new Node(d);
    if (head == null) {
      head = end;
    }
    else {
      Node n = head;
      while (n.next != null) {
        n = n.next;
      }
      n.next = end;
    }
  }

  void delete(int d)
  {
    Node n = head;
    if (n != null) {
      if (n.data == d) {
        head = n.next;
        return;
      }

      Node m = n;
      while (n.next != null) {
        if (n.next.data == d) {
          n.next = n.next.next;
          head = m;
          return;
        }
        n = n.next;
      }
    }
  }
}


public class linked_list
{
  public static void main(String[] args)
  {
    LinkedList llist = new LinkedList();
    for (int i = 0; i &lt; 10; ++i) {
      llist.append(i);
    }

    llist.delete(3);
    llist.delete(7);
    llist.delete(11);
    llist.delete(0);
    llist.delete(9);

    llist.view();
  }
}</pre>
]]></content:encoded>
			<wfw:commentRss>./../../../2012/09/01/linked-list-basic-implementation/feed/index.html</wfw:commentRss>
		<slash:comments>0</slash:comments>
		</item>
	</channel>
</rss>
