<?xml version="1.0" encoding="UTF-8"?><rss version="2.0"
	xmlns:content="http://purl.org/rss/1.0/modules/content/"
	xmlns:dc="http://purl.org/dc/elements/1.1/"
	xmlns:atom="http://www.w3.org/2005/Atom"
	xmlns:sy="http://purl.org/rss/1.0/modules/syndication/"
	
	>
<channel>
	<title>Comments on: Enabling ThinkPad TrackPoint Scrolling on Debian</title>
	<atom:link href="./index.html" rel="self" type="application/rss+xml" />
	<link>./../index.html</link>
	<description>Taro Sato&#039;s Memorandum</description>
	<lastBuildDate>Mon, 07 Jan 2019 10:59:38 +0000</lastBuildDate>
	<sy:updatePeriod>hourly</sy:updatePeriod>
	<sy:updateFrequency>1</sy:updateFrequency>
	<generator>https://wordpress.org/?v=4.4.17</generator>
	<item>
		<title>By: Steve</title>
		<link>./../index.html#comment-133545</link>
		<dc:creator><![CDATA[Steve]]></dc:creator>
		<pubDate>Wed, 04 Apr 2018 02:05:45 +0000</pubDate>
		<guid isPermaLink="false">./../../../../index.html?p=1816#comment-133545</guid>
		<description><![CDATA[To support pointing devices that identify as TrackPoint or Ultra Nav, the logical OR feature of the &lt;code&gt;MatchProduct&lt;/code&gt; line can be used:

&lt;code&gt;
MatchProduct &quot;TrackPoint&#124;Ultra Nav&quot;
&lt;/code&gt;

http://linuxwacom.sourceforge.net/wiki/index.php/Xorg.conf.d]]></description>
		<content:encoded><![CDATA[<p>To support pointing devices that identify as TrackPoint or Ultra Nav, the logical OR feature of the <code>MatchProduct</code> line can be used:</p>
<p><code><br />
MatchProduct "TrackPoint|Ultra Nav"<br />
</code></p>
<p><a href="http://linuxwacom.sourceforge.net/wiki/index.php/Xorg.conf.d" rel="nofollow">http://linuxwacom.sourceforge.net/wiki/index.php/Xorg.conf.d</a></p>
]]></content:encoded>
	</item>
	<item>
		<title>By: Steve</title>
		<link>./../index.html#comment-133542</link>
		<dc:creator><![CDATA[Steve]]></dc:creator>
		<pubDate>Wed, 04 Apr 2018 01:52:33 +0000</pubDate>
		<guid isPermaLink="false">./../../../../index.html?p=1816#comment-133542</guid>
		<description><![CDATA[Jacob&#039;s solution works well with an IBM SK-8845CR keyboard, but the entry &lt;code&gt;MatchProduct &quot;TrackPoint&quot;&lt;/code&gt; has to be changed to &lt;code&gt;MatchProduct &quot;Ultra Nav&quot;&lt;/code&gt; for this keyboard.

&lt;code&gt;
$ xinput list
⎡ Virtual core pointer                    	id=2	[master pointer  (3)]
⎜   ↳ Virtual core XTEST pointer              	id=4	[slave  pointer  (2)]
⎜   ↳ Lite-On Tech IBM USB Travel Keyboard with Ultra Nav	id=10	[slave  pointer  (2)]
⎣ Virtual core keyboard                   	id=3	[master keyboard (2)]
    ↳ Virtual core XTEST keyboard             	id=5	[slave  keyboard (3)]
    ↳ Power Button                            	id=6	[slave  keyboard (3)]
    ↳ Power Button                            	id=7	[slave  keyboard (3)]
    ↳ Sleep Button                            	id=8	[slave  keyboard (3)]
    ↳ Lite-On Tech IBM USB Travel Keyboard with Ultra Nav	id=9	[slave  keyboard (3)]
&lt;/code&gt;

/usr/share/X11/xorg.conf.d/20-thinkpad.conf:
&lt;code&gt;
#
# Thinkpad Trackpoint Fix
# copy to /usr/share/X11/xorg.conf.d/20-thinkpad.conf

Section &quot;InputClass&quot;
   Identifier &quot;Trackpoint Wheel Emulation&quot;
   MatchProduct &quot;Ultra Nav&quot;
   MatchDevicePath &quot;/dev/input/event*&quot;
   Driver &quot;evdev&quot;
   Option &quot;EmulateWheel&quot; &quot;true&quot;
   Option &quot;EmulateWheelButton&quot; &quot;2&quot;
   Option &quot;Emulate3Buttons&quot; &quot;false&quot;
   Option &quot;XAxisMapping&quot; &quot;6 7&quot;
   Option &quot;YAxisMapping&quot; &quot;4 5&quot;
EndSection
&lt;/code&gt;]]></description>
		<content:encoded><![CDATA[<p>Jacob&#8217;s solution works well with an IBM SK-8845CR keyboard, but the entry <code>MatchProduct "TrackPoint"</code> has to be changed to <code>MatchProduct "Ultra Nav"</code> for this keyboard.</p>
<p><code><br />
$ xinput list<br />
⎡ Virtual core pointer                    	id=2	[master pointer  (3)]<br />
⎜   ↳ Virtual core XTEST pointer              	id=4	[slave  pointer  (2)]<br />
⎜   ↳ Lite-On Tech IBM USB Travel Keyboard with Ultra Nav	id=10	[slave  pointer  (2)]<br />
⎣ Virtual core keyboard                   	id=3	[master keyboard (2)]<br />
    ↳ Virtual core XTEST keyboard             	id=5	[slave  keyboard (3)]<br />
    ↳ Power Button                            	id=6	[slave  keyboard (3)]<br />
    ↳ Power Button                            	id=7	[slave  keyboard (3)]<br />
    ↳ Sleep Button                            	id=8	[slave  keyboard (3)]<br />
    ↳ Lite-On Tech IBM USB Travel Keyboard with Ultra Nav	id=9	[slave  keyboard (3)]<br />
</code></p>
<p>/usr/share/X11/xorg.conf.d/20-thinkpad.conf:<br />
<code><br />
#<br />
# Thinkpad Trackpoint Fix<br />
# copy to /usr/share/X11/xorg.conf.d/20-thinkpad.conf</p>
<p>Section "InputClass"<br />
   Identifier "Trackpoint Wheel Emulation"<br />
   MatchProduct "Ultra Nav"<br />
   MatchDevicePath "/dev/input/event*"<br />
   Driver "evdev"<br />
   Option "EmulateWheel" "true"<br />
   Option "EmulateWheelButton" "2"<br />
   Option "Emulate3Buttons" "false"<br />
   Option "XAxisMapping" "6 7"<br />
   Option "YAxisMapping" "4 5"<br />
EndSection<br />
</code></p>
]]></content:encoded>
	</item>
	<item>
		<title>By: Taro</title>
		<link>./../index.html#comment-116634</link>
		<dc:creator><![CDATA[Taro]]></dc:creator>
		<pubDate>Thu, 15 Dec 2016 20:43:40 +0000</pubDate>
		<guid isPermaLink="false">./../../../../index.html?p=1816#comment-116634</guid>
		<description><![CDATA[Luis -- I don&#039;t experience the same issue with copy &amp; pasting, as you don&#039;t actually have to press down the TrackPoint in order to do scrolling.

To tweak the behavior to your liking more, I&#039;d consult more generic documentation on how to configure TrackPoint:

http://www.thinkwiki.org/wiki/How_to_configure_the_TrackPoint#Configuration_using_xinput]]></description>
		<content:encoded><![CDATA[<p>Luis &#8212; I don&#8217;t experience the same issue with copy &#038; pasting, as you don&#8217;t actually have to press down the TrackPoint in order to do scrolling.</p>
<p>To tweak the behavior to your liking more, I&#8217;d consult more generic documentation on how to configure TrackPoint:</p>
<p><a href="http://www.thinkwiki.org/wiki/How_to_configure_the_TrackPoint#Configuration_using_xinput" rel="nofollow">http://www.thinkwiki.org/wiki/How_to_configure_the_TrackPoint#Configuration_using_xinput</a></p>
]]></content:encoded>
	</item>
	<item>
		<title>By: Luis</title>
		<link>./../index.html#comment-116612</link>
		<dc:creator><![CDATA[Luis]]></dc:creator>
		<pubDate>Thu, 15 Dec 2016 03:04:07 +0000</pubDate>
		<guid isPermaLink="false">./../../../../index.html?p=1816#comment-116612</guid>
		<description><![CDATA[Hey,  nice tutorial!
but i have a problem:when i have selected text and press middle button to scroll up or down, the text gets copied in Debian.. How can i fix this? Thanks!]]></description>
		<content:encoded><![CDATA[<p>Hey,  nice tutorial!<br />
but i have a problem:when i have selected text and press middle button to scroll up or down, the text gets copied in Debian.. How can i fix this? Thanks!</p>
]]></content:encoded>
	</item>
	<item>
		<title>By: Jim</title>
		<link>./../index.html#comment-107482</link>
		<dc:creator><![CDATA[Jim]]></dc:creator>
		<pubDate>Wed, 27 Apr 2016 12:19:53 +0000</pubDate>
		<guid isPermaLink="false">./../../../../index.html?p=1816#comment-107482</guid>
		<description><![CDATA[Awesome help!
Thank you so very much!
Got the scrolling-middle-button-with-trackpoint feature of my ThinkPad T530 back for good at Debian 8.4!
Even after reboots, with your ~/.xsessionrc file modification/creation guidance.
I didn&#039;t have the file so I just created it in the home directory. 
Scrolling works great and for good now!

Thanks again!]]></description>
		<content:encoded><![CDATA[<p>Awesome help!<br />
Thank you so very much!<br />
Got the scrolling-middle-button-with-trackpoint feature of my ThinkPad T530 back for good at Debian 8.4!<br />
Even after reboots, with your ~/.xsessionrc file modification/creation guidance.<br />
I didn&#8217;t have the file so I just created it in the home directory.<br />
Scrolling works great and for good now!</p>
<p>Thanks again!</p>
]]></content:encoded>
	</item>
	<item>
		<title>By: dok</title>
		<link>./../index.html#comment-88095</link>
		<dc:creator><![CDATA[dok]]></dc:creator>
		<pubDate>Sun, 11 Jan 2015 09:42:57 +0000</pubDate>
		<guid isPermaLink="false">./../../../../index.html?p=1816#comment-88095</guid>
		<description><![CDATA[Thanks!
Noob here.
Did it on my thinkpad x60s with the crunchbang distro and it worked!]]></description>
		<content:encoded><![CDATA[<p>Thanks!<br />
Noob here.<br />
Did it on my thinkpad x60s with the crunchbang distro and it worked!</p>
]]></content:encoded>
	</item>
	<item>
		<title>By: lisbeth</title>
		<link>./../index.html#comment-84509</link>
		<dc:creator><![CDATA[lisbeth]]></dc:creator>
		<pubDate>Tue, 11 Nov 2014 07:01:40 +0000</pubDate>
		<guid isPermaLink="false">./../../../../index.html?p=1816#comment-84509</guid>
		<description><![CDATA[Thanks for your great work, as you know there is no package &quot;gpointing-device-settings_1.5.1-6_amd64.deb&quot; on Jessie Dabian, so this little and nice script hepled me.]]></description>
		<content:encoded><![CDATA[<p>Thanks for your great work, as you know there is no package &#8220;gpointing-device-settings_1.5.1-6_amd64.deb&#8221; on Jessie Dabian, so this little and nice script hepled me.</p>
]]></content:encoded>
	</item>
	<item>
		<title>By: Taro</title>
		<link>./../index.html#comment-80234</link>
		<dc:creator><![CDATA[Taro]]></dc:creator>
		<pubDate>Mon, 15 Sep 2014 17:30:58 +0000</pubDate>
		<guid isPermaLink="false">./../../../../index.html?p=1816#comment-80234</guid>
		<description><![CDATA[Travisyard -- Thanks for the comment. It might be something simple as mal-formed config file.]]></description>
		<content:encoded><![CDATA[<p>Travisyard &#8212; Thanks for the comment. It might be something simple as mal-formed config file.</p>
]]></content:encoded>
	</item>
	<item>
		<title>By: Travisyard</title>
		<link>./../index.html#comment-80083</link>
		<dc:creator><![CDATA[Travisyard]]></dc:creator>
		<pubDate>Sat, 13 Sep 2014 14:09:58 +0000</pubDate>
		<guid isPermaLink="false">./../../../../index.html?p=1816#comment-80083</guid>
		<description><![CDATA[I followed the instructions to enable TrackPoint immediately, but when I created the .xsessionrc file as directed, my system didn&#039;t autologin, and wouldn&#039;t let me log in either. By rebooting into recovery mode and deleting that file, I was able to recover my system, but my changes weren&#039;t saved, as expected. Users of Point Linux (Based on Debian Wheezy) beware.]]></description>
		<content:encoded><![CDATA[<p>I followed the instructions to enable TrackPoint immediately, but when I created the .xsessionrc file as directed, my system didn&#8217;t autologin, and wouldn&#8217;t let me log in either. By rebooting into recovery mode and deleting that file, I was able to recover my system, but my changes weren&#8217;t saved, as expected. Users of Point Linux (Based on Debian Wheezy) beware.</p>
]]></content:encoded>
	</item>
	<item>
		<title>By: Orm</title>
		<link>./../index.html#comment-74166</link>
		<dc:creator><![CDATA[Orm]]></dc:creator>
		<pubDate>Thu, 10 Jul 2014 13:22:28 +0000</pubDate>
		<guid isPermaLink="false">./../../../../index.html?p=1816#comment-74166</guid>
		<description><![CDATA[I also tried to indent the contents of the file correctly, but as Jacob points out, indenting doesn&#039;t seem to work properly on this blog. Remember to indent all lines except the first and last line with a  character or some spaces as Jacob pointed out in his post, otherwise it will not work!]]></description>
		<content:encoded><![CDATA[<p>I also tried to indent the contents of the file correctly, but as Jacob points out, indenting doesn&#8217;t seem to work properly on this blog. Remember to indent all lines except the first and last line with a  character or some spaces as Jacob pointed out in his post, otherwise it will not work!</p>
]]></content:encoded>
	</item>
	<item>
		<title>By: Orm</title>
		<link>./../index.html#comment-74165</link>
		<dc:creator><![CDATA[Orm]]></dc:creator>
		<pubDate>Thu, 10 Jul 2014 13:19:07 +0000</pubDate>
		<guid isPermaLink="false">./../../../../index.html?p=1816#comment-74165</guid>
		<description><![CDATA[The system wide x solution mentioned before works well here. For linux novices here is the detailed description for debian based systems:

1. create a file in &lt;i&gt;/usr/share/X11/xorg.conf.d/60-trackpoint-scroll.conf&lt;/i&gt; with the following command:

&lt;code&gt;sudo gedit /usr/share/X11/xorg.conf.d/60-trackpoint-scroll.conf&lt;/code&gt;

2. Copy the properly indented content of Jacob&#039;s reply into the file and save the file:

&lt;code&gt;
#
# Thinkpad Trackpoint Fix
# copy to /usr/share/X11/xorg.conf.d/20-thinkpad.conf

Section &quot;InputClass&quot;
	Identifier &quot;Trackpoint Wheel Emulation&quot;
	MatchProduct &quot;TrackPoint&quot;
	MatchDevicePath &quot;/dev/input/event*&quot;
	Driver &quot;evdev&quot;
	Option &quot;EmulateWheel&quot; &quot;true&quot;
	Option &quot;EmulateWheelButton&quot; &quot;2&quot;
	Option &quot;Emulate3Buttons&quot; &quot;false&quot;
	Option &quot;XAxisMapping&quot; &quot;6 7&quot;
	Option &quot;YAxisMapping&quot; &quot;4 5&quot;
EndSection
&lt;/code&gt;

3. restart X by logging out and back in. If that doesn&#039;t work, restart the computer.]]></description>
		<content:encoded><![CDATA[<p>The system wide x solution mentioned before works well here. For linux novices here is the detailed description for debian based systems:</p>
<p>1. create a file in <i>/usr/share/X11/xorg.conf.d/60-trackpoint-scroll.conf</i> with the following command:</p>
<p><code>sudo gedit /usr/share/X11/xorg.conf.d/60-trackpoint-scroll.conf</code></p>
<p>2. Copy the properly indented content of Jacob&#8217;s reply into the file and save the file:</p>
<p><code><br />
#<br />
# Thinkpad Trackpoint Fix<br />
# copy to /usr/share/X11/xorg.conf.d/20-thinkpad.conf</p>
<p>Section "InputClass"<br />
	Identifier "Trackpoint Wheel Emulation"<br />
	MatchProduct "TrackPoint"<br />
	MatchDevicePath "/dev/input/event*"<br />
	Driver "evdev"<br />
	Option "EmulateWheel" "true"<br />
	Option "EmulateWheelButton" "2"<br />
	Option "Emulate3Buttons" "false"<br />
	Option "XAxisMapping" "6 7"<br />
	Option "YAxisMapping" "4 5"<br />
EndSection<br />
</code></p>
<p>3. restart X by logging out and back in. If that doesn&#8217;t work, restart the computer.</p>
]]></content:encoded>
	</item>
	<item>
		<title>By: James</title>
		<link>./../index.html#comment-73028</link>
		<dc:creator><![CDATA[James]]></dc:creator>
		<pubDate>Thu, 19 Jun 2014 18:08:39 +0000</pubDate>
		<guid isPermaLink="false">./../../../../index.html?p=1816#comment-73028</guid>
		<description><![CDATA[I got this working under a ThinkPad T30 running waldorf.
Total linux noob here, thanks for the guide!!]]></description>
		<content:encoded><![CDATA[<p>I got this working under a ThinkPad T30 running waldorf.<br />
Total linux noob here, thanks for the guide!!</p>
]]></content:encoded>
	</item>
	<item>
		<title>By: Tony</title>
		<link>./../index.html#comment-41351</link>
		<dc:creator><![CDATA[Tony]]></dc:creator>
		<pubDate>Thu, 07 Nov 2013 19:25:15 +0000</pubDate>
		<guid isPermaLink="false">./../../../../index.html?p=1816#comment-41351</guid>
		<description><![CDATA[Thanks a lot for that stuff. It&#039;s great to be able to make full use of the button now. I ended up using Jacob&#039;s solution, since that&#039;s the traditional way to configure X devices. I don&#039;t think xorg.conf is either discouraged or likely to be deprecated; it&#039;s just not needed any more for most setups.]]></description>
		<content:encoded><![CDATA[<p>Thanks a lot for that stuff. It&#8217;s great to be able to make full use of the button now. I ended up using Jacob&#8217;s solution, since that&#8217;s the traditional way to configure X devices. I don&#8217;t think xorg.conf is either discouraged or likely to be deprecated; it&#8217;s just not needed any more for most setups.</p>
]]></content:encoded>
	</item>
	<item>
		<title>By: Taro</title>
		<link>./../index.html#comment-10283</link>
		<dc:creator><![CDATA[Taro]]></dc:creator>
		<pubDate>Sat, 27 Oct 2012 07:36:55 +0000</pubDate>
		<guid isPermaLink="false">./../../../../index.html?p=1816#comment-10283</guid>
		<description><![CDATA[Jacob -- This would be a better system-wide solution if valid, but I read somewhere that X is moving away from using xorg.conf at all, so this kind of hard-coding is actually discouraged and may be deprecated at some point.  I may be wrong though; I think that was when I was configuring Debian Squeeze...  

In fact, I used to configure everything like you did, except it was in &lt;em&gt;/etc/X11/xorg.conf&lt;/em&gt;, but since then I have tried not to touch the file (it&#039;s empty now).  Perhaps &lt;em&gt;/usr/share/X11/xorg.conf.d&lt;/em&gt; is a new way?]]></description>
		<content:encoded><![CDATA[<p>Jacob &#8212; This would be a better system-wide solution if valid, but I read somewhere that X is moving away from using xorg.conf at all, so this kind of hard-coding is actually discouraged and may be deprecated at some point.  I may be wrong though; I think that was when I was configuring Debian Squeeze&#8230;  </p>
<p>In fact, I used to configure everything like you did, except it was in <em>/etc/X11/xorg.conf</em>, but since then I have tried not to touch the file (it&#8217;s empty now).  Perhaps <em>/usr/share/X11/xorg.conf.d</em> is a new way?</p>
]]></content:encoded>
	</item>
	<item>
		<title>By: Jacob</title>
		<link>./../index.html#comment-10206</link>
		<dc:creator><![CDATA[Jacob]]></dc:creator>
		<pubDate>Fri, 26 Oct 2012 08:28:49 +0000</pubDate>
		<guid isPermaLink="false">./../../../../index.html?p=1816#comment-10206</guid>
		<description><![CDATA[Even though I used code tags, wordpress ignored formatting. Everything between, but not including, &#039;Section &quot;InputClass&quot;&#039; and &#039;EndSection&#039; should be indented (my file has 8 space indentation).]]></description>
		<content:encoded><![CDATA[<p>Even though I used code tags, wordpress ignored formatting. Everything between, but not including, &#8216;Section &#8220;InputClass&#8221;&#8216; and &#8216;EndSection&#8217; should be indented (my file has 8 space indentation).</p>
]]></content:encoded>
	</item>
	<item>
		<title>By: Jacob</title>
		<link>./../index.html#comment-10205</link>
		<dc:creator><![CDATA[Jacob]]></dc:creator>
		<pubDate>Fri, 26 Oct 2012 08:25:43 +0000</pubDate>
		<guid isPermaLink="false">./../../../../index.html?p=1816#comment-10205</guid>
		<description><![CDATA[There is a much better way. Just add a custom X config. This way, you don&#039;t have to worry about device names, you don&#039;t have to worry about properly launching a script at startup, and it&#039;s portable. Just copy the config over to a new machine (I have it saved &#038; backed up):
&lt;code&gt;
#
# Thinkpad Trackpoint Fix
# copy to /usr/share/X11/xorg.conf.d/20-thinkpad.conf

Section &quot;InputClass&quot;
        Identifier &quot;Trackpoint Wheel Emulation&quot;
        MatchProduct &quot;TrackPoint&quot;
        MatchDevicePath &quot;/dev/input/event*&quot;
        Driver &quot;evdev&quot;
        Option &quot;EmulateWheel&quot; &quot;true&quot;
        Option &quot;EmulateWheelButton&quot; &quot;2&quot;
        Option &quot;Emulate3Buttons&quot; &quot;false&quot;
        Option &quot;XAxisMapping&quot; &quot;6 7&quot;
        Option &quot;YAxisMapping&quot; &quot;4 5&quot;
EndSection
&lt;/code&gt;]]></description>
		<content:encoded><![CDATA[<p>There is a much better way. Just add a custom X config. This way, you don&#8217;t have to worry about device names, you don&#8217;t have to worry about properly launching a script at startup, and it&#8217;s portable. Just copy the config over to a new machine (I have it saved &amp; backed up):<br />
<code><br />
#<br />
# Thinkpad Trackpoint Fix<br />
# copy to /usr/share/X11/xorg.conf.d/20-thinkpad.conf</p>
<p>Section "InputClass"<br />
        Identifier "Trackpoint Wheel Emulation"<br />
        MatchProduct "TrackPoint"<br />
        MatchDevicePath "/dev/input/event*"<br />
        Driver "evdev"<br />
        Option "EmulateWheel" "true"<br />
        Option "EmulateWheelButton" "2"<br />
        Option "Emulate3Buttons" "false"<br />
        Option "XAxisMapping" "6 7"<br />
        Option "YAxisMapping" "4 5"<br />
EndSection<br />
</code></p>
]]></content:encoded>
	</item>
	<item>
		<title>By: Taro</title>
		<link>./../index.html#comment-10157</link>
		<dc:creator><![CDATA[Taro]]></dc:creator>
		<pubDate>Thu, 25 Oct 2012 20:11:18 +0000</pubDate>
		<guid isPermaLink="false">./../../../../index.html?p=1816#comment-10157</guid>
		<description><![CDATA[Dorian -- Thanks for your comment.  Does that actually work?  If so, your solution may actually be more dynamic in the sense that it would always identify the TrackPoint properly without doing hack-ish parsing as in the original script.  Should try this myself.

In any case, thanks for the useful tip.]]></description>
		<content:encoded><![CDATA[<p>Dorian &#8212; Thanks for your comment.  Does that actually work?  If so, your solution may actually be more dynamic in the sense that it would always identify the TrackPoint properly without doing hack-ish parsing as in the original script.  Should try this myself.</p>
<p>In any case, thanks for the useful tip.</p>
]]></content:encoded>
	</item>
	<item>
		<title>By: Dorian Villet</title>
		<link>./../index.html#comment-10156</link>
		<dc:creator><![CDATA[Dorian Villet]]></dc:creator>
		<pubDate>Thu, 25 Oct 2012 20:06:12 +0000</pubDate>
		<guid isPermaLink="false">./../../../../index.html?p=1816#comment-10156</guid>
		<description><![CDATA[Hi !

Thanks a lot for all your very useful articles. They helped me a lot to get a nice Wheezy setup on my T430s.

However, I could get your .xsessionrc script to work. When running the script on its own (./xsessionrc) it works, but when I&#039;m running &quot;startx&quot; it doesn&#039;t. It&#039;s probably related to the order of execution of the different scripts and may depend on your system/desktop manager etc.

So, I&#039;ve searched for a workaround and found this one that worked (even if, I know, it&#039;s less dynamic than your code) :

&lt;code&gt;#!/bin/bash

xinput --set-prop --type=int --format=8 &quot;TPPS/2 IBM TrackPoint&quot; &quot;Evdev Wheel Emulation&quot; 1
xinput --set-prop --type=int --format=8 &quot;TPPS/2 IBM TrackPoint&quot; &quot;Evdev Wheel Emulation Button&quot; 2
xinput --set-prop --type=int --format=8 &quot;TPPS/2 IBM TrackPoint&quot; &quot;Evdev Wheel Emulation Axes&quot; 6 7 4 5&lt;/code&gt;

I hope it could help other people that may get this issue.
Cheers!]]></description>
		<content:encoded><![CDATA[<p>Hi !</p>
<p>Thanks a lot for all your very useful articles. They helped me a lot to get a nice Wheezy setup on my T430s.</p>
<p>However, I could get your .xsessionrc script to work. When running the script on its own (./xsessionrc) it works, but when I&#8217;m running &#8220;startx&#8221; it doesn&#8217;t. It&#8217;s probably related to the order of execution of the different scripts and may depend on your system/desktop manager etc.</p>
<p>So, I&#8217;ve searched for a workaround and found this one that worked (even if, I know, it&#8217;s less dynamic than your code) :</p>
<p><code>#!/bin/bash</p>
<p>xinput --set-prop --type=int --format=8 "TPPS/2 IBM TrackPoint" "Evdev Wheel Emulation" 1<br />
xinput --set-prop --type=int --format=8 "TPPS/2 IBM TrackPoint" "Evdev Wheel Emulation Button" 2<br />
xinput --set-prop --type=int --format=8 "TPPS/2 IBM TrackPoint" "Evdev Wheel Emulation Axes" 6 7 4 5</code></p>
<p>I hope it could help other people that may get this issue.<br />
Cheers!</p>
]]></content:encoded>
	</item>
	<item>
		<title>By: Installing Debian Wheezy on Lenovo T420 &#124; Biboroku</title>
		<link>./../index.html#comment-9142</link>
		<dc:creator><![CDATA[Installing Debian Wheezy on Lenovo T420 &#124; Biboroku]]></dc:creator>
		<pubDate>Thu, 27 Sep 2012 22:53:01 +0000</pubDate>
		<guid isPermaLink="false">./../../../../index.html?p=1816#comment-9142</guid>
		<description><![CDATA[[...] can use the red TrackPoint for scrolling. I usually disable TouchPad, since it interferes often with my [...]]]></description>
		<content:encoded><![CDATA[<p>[&#8230;] can use the red TrackPoint for scrolling. I usually disable TouchPad, since it interferes often with my [&#8230;]</p>
]]></content:encoded>
	</item>
</channel>
</rss>
