<?xml version="1.0" encoding="UTF-8"?><rss version="2.0"
	xmlns:content="http://purl.org/rss/1.0/modules/content/"
	xmlns:dc="http://purl.org/dc/elements/1.1/"
	xmlns:atom="http://www.w3.org/2005/Atom"
	xmlns:sy="http://purl.org/rss/1.0/modules/syndication/"
	
	>
<channel>
	<title>Comments on: Installing Python 2.6 from Source on Debian Lenny (AMD64)</title>
	<atom:link href="./index.html" rel="self" type="application/rss+xml" />
	<link>./../index.html</link>
	<description>Taro Sato&#039;s Memorandum</description>
	<lastBuildDate>Mon, 07 Jan 2019 10:59:38 +0000</lastBuildDate>
	<sy:updatePeriod>hourly</sy:updatePeriod>
	<sy:updateFrequency>1</sy:updateFrequency>
	<generator>https://wordpress.org/?v=4.4.17</generator>
	<item>
		<title>By: Jim Franklin</title>
		<link>./../index.html#comment-43</link>
		<dc:creator><![CDATA[Jim Franklin]]></dc:creator>
		<pubDate>Thu, 04 Nov 2010 02:17:29 +0000</pubDate>
		<guid isPermaLink="false">http://nomo17k.wordpress.com/?p=677#comment-43</guid>
		<description><![CDATA[works great for installing python 2.7 on debian squeeze as well.]]></description>
		<content:encoded><![CDATA[<p>works great for installing python 2.7 on debian squeeze as well.</p>
]]></content:encoded>
	</item>
	<item>
		<title>By: Installing Python 2.6 from Source on Debian Lenny (AMD64) &#124; Debian-News.net - Your one stop for news about Debian</title>
		<link>./../index.html#comment-42</link>
		<dc:creator><![CDATA[Installing Python 2.6 from Source on Debian Lenny (AMD64) &#124; Debian-News.net - Your one stop for news about Debian]]></dc:creator>
		<pubDate>Sun, 14 Mar 2010 18:44:09 +0000</pubDate>
		<guid isPermaLink="false">http://nomo17k.wordpress.com/?p=677#comment-42</guid>
		<description><![CDATA[[...] Nothing different about AMD64. Note that before doing sudo make install, you may wish to remove /usr/local/lib/python2.6/site-packages directory especially if you have a previous installation of Python 32-bit system. More here [...]]]></description>
		<content:encoded><![CDATA[<p>[&#8230;] Nothing different about AMD64. Note that before doing sudo make install, you may wish to remove /usr/local/lib/python2.6/site-packages directory especially if you have a previous installation of Python 32-bit system. More here [&#8230;]</p>
]]></content:encoded>
	</item>
</channel>
</rss>
