<?xml version="1.0" encoding="UTF-8"?><rss version="2.0"
	xmlns:content="http://purl.org/rss/1.0/modules/content/"
	xmlns:dc="http://purl.org/dc/elements/1.1/"
	xmlns:atom="http://www.w3.org/2005/Atom"
	xmlns:sy="http://purl.org/rss/1.0/modules/syndication/"
	
	>
<channel>
	<title>Comments on: Installing kcorrect (v4_2) for IDL Locally on Linux</title>
	<atom:link href="./index.html" rel="self" type="application/rss+xml" />
	<link>./../index.html</link>
	<description>Taro Sato&#039;s Memorandum</description>
	<lastBuildDate>Mon, 07 Jan 2019 10:59:38 +0000</lastBuildDate>
	<sy:updatePeriod>hourly</sy:updatePeriod>
	<sy:updateFrequency>1</sy:updateFrequency>
	<generator>https://wordpress.org/?v=4.4.17</generator>
	<item>
		<title>By: Shishir Sankhyayan</title>
		<link>./../index.html#comment-110991</link>
		<dc:creator><![CDATA[Shishir Sankhyayan]]></dc:creator>
		<pubDate>Tue, 02 Aug 2016 18:47:40 +0000</pubDate>
		<guid isPermaLink="false">./../../../../index.html?p=1698#comment-110991</guid>
		<description><![CDATA[Thank you very much for posting the steps! Very useful!]]></description>
		<content:encoded><![CDATA[<p>Thank you very much for posting the steps! Very useful!</p>
]]></content:encoded>
	</item>
</channel>
</rss>
