<?xml version="1.0" encoding="UTF-8"?><rss version="2.0"
	xmlns:content="http://purl.org/rss/1.0/modules/content/"
	xmlns:dc="http://purl.org/dc/elements/1.1/"
	xmlns:atom="http://www.w3.org/2005/Atom"
	xmlns:sy="http://purl.org/rss/1.0/modules/syndication/"
	
	>
<channel>
	<title>Comments on: Installing Ubuntu (12.04 LTS 64-bit) from an ISO Image on Hard Drive</title>
	<atom:link href="./index.html" rel="self" type="application/rss+xml" />
	<link>./../index.html</link>
	<description>Taro Sato&#039;s Memorandum</description>
	<lastBuildDate>Mon, 07 Jan 2019 10:59:38 +0000</lastBuildDate>
	<sy:updatePeriod>hourly</sy:updatePeriod>
	<sy:updateFrequency>1</sy:updateFrequency>
	<generator>https://wordpress.org/?v=4.4.17</generator>
	<item>
		<title>By: Taro</title>
		<link>./../index.html#comment-103213</link>
		<dc:creator><![CDATA[Taro]]></dc:creator>
		<pubDate>Mon, 07 Dec 2015 18:46:33 +0000</pubDate>
		<guid isPermaLink="false">./../../../../index.html?p=1748#comment-103213</guid>
		<description><![CDATA[Rodke -- Sorry I cannot understand Spanish... Google Translate tells me that this is probably not a SPAM from a bot, but could you try using English for a more effective response from me? Thank you.]]></description>
		<content:encoded><![CDATA[<p>Rodke &#8212; Sorry I cannot understand Spanish&#8230; Google Translate tells me that this is probably not a SPAM from a bot, but could you try using English for a more effective response from me? Thank you.</p>
]]></content:encoded>
	</item>
	<item>
		<title>By: rodke</title>
		<link>./../index.html#comment-103095</link>
		<dc:creator><![CDATA[rodke]]></dc:creator>
		<pubDate>Fri, 04 Dec 2015 19:30:38 +0000</pubDate>
		<guid isPermaLink="false">./../../../../index.html?p=1748#comment-103095</guid>
		<description><![CDATA[hola amigos
intente este tutorial para formatear una dell inspirion 3458o ya que despues de instalar los controladores oficiales de la pagina de nvidea mate el grafico trate reinstalarlo instalar otros incluso pasarme al controlador nouveau y no ubu caso en fin buscando encontre este tuto y se las particiones y todo pero aun asi no arranca el grub, sabes q particiones son las necesaria para este equipo o alguna configuracion (lo ise con ubuntu 14.04 y debian 8 con xfce) bueno yo no soy muy conosedor pero a de ser algo  sencillo, pero ami me a sacado canas verdes XD...

bueno de ante mano muchas gracias y epero puedan darme alguna sugerencia pues trabajo con el pc y lo necesito. :)]]></description>
		<content:encoded><![CDATA[<p>hola amigos<br />
intente este tutorial para formatear una dell inspirion 3458o ya que despues de instalar los controladores oficiales de la pagina de nvidea mate el grafico trate reinstalarlo instalar otros incluso pasarme al controlador nouveau y no ubu caso en fin buscando encontre este tuto y se las particiones y todo pero aun asi no arranca el grub, sabes q particiones son las necesaria para este equipo o alguna configuracion (lo ise con ubuntu 14.04 y debian 8 con xfce) bueno yo no soy muy conosedor pero a de ser algo  sencillo, pero ami me a sacado canas verdes XD&#8230;</p>
<p>bueno de ante mano muchas gracias y epero puedan darme alguna sugerencia pues trabajo con el pc y lo necesito. <img src="./../../../../wp-includes/images/smilies/simple-smile.png" alt=":)" class="wp-smiley" style="height: 1em; max-height: 1em;" /></p>
]]></content:encoded>
	</item>
	<item>
		<title>By: Papapau</title>
		<link>./../index.html#comment-38094</link>
		<dc:creator><![CDATA[Papapau]]></dc:creator>
		<pubDate>Thu, 10 Oct 2013 07:19:21 +0000</pubDate>
		<guid isPermaLink="false">./../../../../index.html?p=1748#comment-38094</guid>
		<description><![CDATA[Still no answer for kobra&#039;s problem?

Read out of range in executing commands after set root=(loop)]]></description>
		<content:encoded><![CDATA[<p>Still no answer for kobra&#8217;s problem?</p>
<p>Read out of range in executing commands after set root=(loop)</p>
]]></content:encoded>
	</item>
	<item>
		<title>By: Taro</title>
		<link>./../index.html#comment-13048</link>
		<dc:creator><![CDATA[Taro]]></dc:creator>
		<pubDate>Fri, 23 Nov 2012 23:09:02 +0000</pubDate>
		<guid isPermaLink="false">./../../../../index.html?p=1748#comment-13048</guid>
		<description><![CDATA[kobra -- Sorry I didn&#039;t notice your comment until now.  Hope you have found a solution by this time though.]]></description>
		<content:encoded><![CDATA[<p>kobra &#8212; Sorry I didn&#8217;t notice your comment until now.  Hope you have found a solution by this time though.</p>
]]></content:encoded>
	</item>
	<item>
		<title>By: kobra</title>
		<link>./../index.html#comment-11337</link>
		<dc:creator><![CDATA[kobra]]></dc:creator>
		<pubDate>Wed, 07 Nov 2012 14:41:52 +0000</pubDate>
		<guid isPermaLink="false">./../../../../index.html?p=1748#comment-11337</guid>
		<description><![CDATA[hi, your directions are looking great but are just not working out for me; i&#039;m trying with ubunti 12.10 on a win7 32bit/win7 64bit / ubuntu triple boot getting the ubuntu install to start with grub. but i get read out of range error after the linux /casper/vmlinuz ... command (this is load kernel, right?)

full command I give is:
linux casper/vmlinuz/ boot=casper iso-scan/filename=/path_to_iso/ubuntu-12.10. ... .iso noprompt noeject toram

im going to check on that error message]]></description>
		<content:encoded><![CDATA[<p>hi, your directions are looking great but are just not working out for me; i&#8217;m trying with ubunti 12.10 on a win7 32bit/win7 64bit / ubuntu triple boot getting the ubuntu install to start with grub. but i get read out of range error after the linux /casper/vmlinuz &#8230; command (this is load kernel, right?)</p>
<p>full command I give is:<br />
linux casper/vmlinuz/ boot=casper iso-scan/filename=/path_to_iso/ubuntu-12.10. &#8230; .iso noprompt noeject toram</p>
<p>im going to check on that error message</p>
]]></content:encoded>
	</item>
</channel>
</rss>
