<?xml version="1.0" encoding="UTF-8"?><rss version="2.0"
	xmlns:content="http://purl.org/rss/1.0/modules/content/"
	xmlns:dc="http://purl.org/dc/elements/1.1/"
	xmlns:atom="http://www.w3.org/2005/Atom"
	xmlns:sy="http://purl.org/rss/1.0/modules/syndication/"
	
	>
<channel>
	<title>Comments on: Near-duplicate Detection using MinHash: Background</title>
	<atom:link href="./index.html" rel="self" type="application/rss+xml" />
	<link>./../index.html</link>
	<description>Taro Sato&#039;s Memorandum</description>
	<lastBuildDate>Mon, 07 Jan 2019 10:59:38 +0000</lastBuildDate>
	<sy:updatePeriod>hourly</sy:updatePeriod>
	<sy:updateFrequency>1</sy:updateFrequency>
	<generator>https://wordpress.org/?v=4.4.17</generator>
	<item>
		<title>By: Taro</title>
		<link>./../index.html#comment-103630</link>
		<dc:creator><![CDATA[Taro]]></dc:creator>
		<pubDate>Fri, 18 Dec 2015 17:59:18 +0000</pubDate>
		<guid isPermaLink="false">./../../../../index.html?p=2065#comment-103630</guid>
		<description><![CDATA[sandip -- It can be any hash function that is good enough (e.g., hash collision is virtually impossible) for your purpose.]]></description>
		<content:encoded><![CDATA[<p>sandip &#8212; It can be any hash function that is good enough (e.g., hash collision is virtually impossible) for your purpose.</p>
]]></content:encoded>
	</item>
	<item>
		<title>By: sandip</title>
		<link>./../index.html#comment-103544</link>
		<dc:creator><![CDATA[sandip]]></dc:creator>
		<pubDate>Wed, 16 Dec 2015 14:44:04 +0000</pubDate>
		<guid isPermaLink="false">./../../../../index.html?p=2065#comment-103544</guid>
		<description><![CDATA[Sorry for the newbie type question, but which hash function to use to map values in a band? i.e. H(h_1, h_2, h_3, h_4) = H_1 
What to use for H ?]]></description>
		<content:encoded><![CDATA[<p>Sorry for the newbie type question, but which hash function to use to map values in a band? i.e. H(h_1, h_2, h_3, h_4) = H_1<br />
What to use for H ?</p>
]]></content:encoded>
	</item>
	<item>
		<title>By: Document Similarity with LSH and MinHash &#124; Apratim&#039;s Tech Blog</title>
		<link>./../index.html#comment-102949</link>
		<dc:creator><![CDATA[Document Similarity with LSH and MinHash &#124; Apratim&#039;s Tech Blog]]></dc:creator>
		<pubDate>Mon, 30 Nov 2015 22:37:36 +0000</pubDate>
		<guid isPermaLink="false">./../../../../index.html?p=2065#comment-102949</guid>
		<description><![CDATA[[&#8230;] ./../../../../index.html?p=2065 [&#8230;]]]></description>
		<content:encoded><![CDATA[<p>[&#8230;] <a href="./../../../../index.html?p=2065" rel="nofollow">./../../../../index.html?p=2065</a> [&#8230;]</p>
]]></content:encoded>
	</item>
	<item>
		<title>By: Taro</title>
		<link>./../index.html#comment-85090</link>
		<dc:creator><![CDATA[Taro]]></dc:creator>
		<pubDate>Wed, 19 Nov 2014 21:06:04 +0000</pubDate>
		<guid isPermaLink="false">./../../../../index.html?p=2065#comment-85090</guid>
		<description><![CDATA[Farad -- This page has links to a few Python implementations of MinHash:

http://stackoverflow.com/questions/14533420/can-you-suggest-a-good-minhash-implementation]]></description>
		<content:encoded><![CDATA[<p>Farad &#8212; This page has links to a few Python implementations of MinHash:</p>
<p><a href="http://stackoverflow.com/questions/14533420/can-you-suggest-a-good-minhash-implementation" rel="nofollow">http://stackoverflow.com/questions/14533420/can-you-suggest-a-good-minhash-implementation</a></p>
]]></content:encoded>
	</item>
	<item>
		<title>By: Farad</title>
		<link>./../index.html#comment-84123</link>
		<dc:creator><![CDATA[Farad]]></dc:creator>
		<pubDate>Thu, 06 Nov 2014 09:24:37 +0000</pubDate>
		<guid isPermaLink="false">./../../../../index.html?p=2065#comment-84123</guid>
		<description><![CDATA[Hi
Is there some implementation that I can take a look at which explains how to do this? I am unable to understand how to choose the hash functions or what they are. Are these some sort of signatures on the document itself? 
The H1, H2 and H3 are independent of the size of the D ?
Sorry for the newbie type question but some code/example with real documents would make it really easy to understand.

Thanks!]]></description>
		<content:encoded><![CDATA[<p>Hi<br />
Is there some implementation that I can take a look at which explains how to do this? I am unable to understand how to choose the hash functions or what they are. Are these some sort of signatures on the document itself?<br />
The H1, H2 and H3 are independent of the size of the D ?<br />
Sorry for the newbie type question but some code/example with real documents would make it really easy to understand.</p>
<p>Thanks!</p>
]]></content:encoded>
	</item>
	<item>
		<title>By: Taro</title>
		<link>./../index.html#comment-75319</link>
		<dc:creator><![CDATA[Taro]]></dc:creator>
		<pubDate>Thu, 31 Jul 2014 00:55:04 +0000</pubDate>
		<guid isPermaLink="false">./../../../../index.html?p=2065#comment-75319</guid>
		<description><![CDATA[Marco -- Once you compute the (b * l) matrix, you just need to store it in a form where quick lookup against it is possible. It is language-agnostic, and you can use any solution that fits your needs.

For example, suppose you are using relational database (SQL) to store documents, one row per document. Then each row  should have columns storing the hash values of MinHash values (i.e., H_i). In the example in this post, that would be storing the values of H_1, H_2, and H_3 for each document.

Now, if you have a document and want to find its near-duplicates, you compare the document&#039;s H_1, H_2, and H_3 against those in the database separately, and all the rows returned in those comparisons are the candidates for further comparisons.

Hope this is clear.]]></description>
		<content:encoded><![CDATA[<p>Marco &#8212; Once you compute the (b * l) matrix, you just need to store it in a form where quick lookup against it is possible. It is language-agnostic, and you can use any solution that fits your needs.</p>
<p>For example, suppose you are using relational database (SQL) to store documents, one row per document. Then each row  should have columns storing the hash values of MinHash values (i.e., H_i). In the example in this post, that would be storing the values of H_1, H_2, and H_3 for each document.</p>
<p>Now, if you have a document and want to find its near-duplicates, you compare the document&#8217;s H_1, H_2, and H_3 against those in the database separately, and all the rows returned in those comparisons are the candidates for further comparisons.</p>
<p>Hope this is clear.</p>
]]></content:encoded>
	</item>
	<item>
		<title>By: Marco</title>
		<link>./../index.html#comment-75301</link>
		<dc:creator><![CDATA[Marco]]></dc:creator>
		<pubDate>Wed, 30 Jul 2014 15:31:47 +0000</pubDate>
		<guid isPermaLink="false">./../../../../index.html?p=2065#comment-75301</guid>
		<description><![CDATA[Hi,

I&#039;m applying the Locality Sensitive Hashing tecnique. I&#039;ve obtained the signature matrix of b*l dimensions (where b is the bands number and l is the number of sets).

I&#039;m using this tecnique with Java but I&#039;m not able to extract the candidate pairs efficiently.

Can you suggest me a good way to implement it?
Thanks!
Marco.]]></description>
		<content:encoded><![CDATA[<p>Hi,</p>
<p>I&#8217;m applying the Locality Sensitive Hashing tecnique. I&#8217;ve obtained the signature matrix of b*l dimensions (where b is the bands number and l is the number of sets).</p>
<p>I&#8217;m using this tecnique with Java but I&#8217;m not able to extract the candidate pairs efficiently.</p>
<p>Can you suggest me a good way to implement it?<br />
Thanks!<br />
Marco.</p>
]]></content:encoded>
	</item>
</channel>
</rss>
