<?xml version="1.0" encoding="UTF-8"?><rss version="2.0"
	xmlns:content="http://purl.org/rss/1.0/modules/content/"
	xmlns:dc="http://purl.org/dc/elements/1.1/"
	xmlns:atom="http://www.w3.org/2005/Atom"
	xmlns:sy="http://purl.org/rss/1.0/modules/syndication/"
	
	>
<channel>
	<title>Comments on: Restoring Hidden Files with Time Machine on Mac OS X Snow Leopard</title>
	<atom:link href="./index.html" rel="self" type="application/rss+xml" />
	<link>./../index.html</link>
	<description>Taro Sato&#039;s Memorandum</description>
	<lastBuildDate>Mon, 07 Jan 2019 10:59:38 +0000</lastBuildDate>
	<sy:updatePeriod>hourly</sy:updatePeriod>
	<sy:updateFrequency>1</sy:updateFrequency>
	<generator>https://wordpress.org/?v=4.4.17</generator>
	<item>
		<title>By: How to Show Hidden Folders &#124; DC Smooth</title>
		<link>./../index.html#comment-170</link>
		<dc:creator><![CDATA[How to Show Hidden Folders &#124; DC Smooth]]></dc:creator>
		<pubDate>Sun, 23 Jan 2011 16:46:55 +0000</pubDate>
		<guid isPermaLink="false">http://nomo17k.wordpress.com/?p=699#comment-170</guid>
		<description><![CDATA[[...] Restoring Hidden Files with Time Machine on Mac OS X Snow Leopard &#8230; [...]]]></description>
		<content:encoded><![CDATA[<p>[&#8230;] Restoring Hidden Files with Time Machine on Mac OS X Snow Leopard &#8230; [&#8230;]</p>
]]></content:encoded>
	</item>
	<item>
		<title>By: school grants</title>
		<link>./../index.html#comment-45</link>
		<dc:creator><![CDATA[school grants]]></dc:creator>
		<pubDate>Tue, 13 Apr 2010 00:28:53 +0000</pubDate>
		<guid isPermaLink="false">http://nomo17k.wordpress.com/?p=699#comment-45</guid>
		<description><![CDATA[nice post. thanks.]]></description>
		<content:encoded><![CDATA[<p>nice post. thanks.</p>
]]></content:encoded>
	</item>
</channel>
</rss>
