<?xml version="1.0" encoding="UTF-8"?><rss version="2.0"
	xmlns:content="http://purl.org/rss/1.0/modules/content/"
	xmlns:dc="http://purl.org/dc/elements/1.1/"
	xmlns:atom="http://www.w3.org/2005/Atom"
	xmlns:sy="http://purl.org/rss/1.0/modules/syndication/"
	
	>
<channel>
	<title>Comments on: Installing Freemind on Debian Lenny</title>
	<atom:link href="./index.html" rel="self" type="application/rss+xml" />
	<link>./../index.html</link>
	<description>Taro Sato&#039;s Memorandum</description>
	<lastBuildDate>Mon, 07 Jan 2019 10:59:38 +0000</lastBuildDate>
	<sy:updatePeriod>hourly</sy:updatePeriod>
	<sy:updateFrequency>1</sy:updateFrequency>
	<generator>https://wordpress.org/?v=4.4.17</generator>
	<item>
		<title>By: debian9 安装freemind &#8211; ttblog</title>
		<link>./../index.html#comment-141342</link>
		<dc:creator><![CDATA[debian9 安装freemind &#8211; ttblog]]></dc:creator>
		<pubDate>Wed, 29 Aug 2018 17:44:36 +0000</pubDate>
		<guid isPermaLink="false">http://nomo17k.wordpress.com/?p=573#comment-141342</guid>
		<description><![CDATA[[&#8230;] 参考这里 [&#8230;]]]></description>
		<content:encoded><![CDATA[<p>[&#8230;] 参考这里 [&#8230;]</p>
]]></content:encoded>
	</item>
</channel>
</rss>
