<?xml version="1.0" encoding="UTF-8"?><rss version="2.0"
	xmlns:content="http://purl.org/rss/1.0/modules/content/"
	xmlns:dc="http://purl.org/dc/elements/1.1/"
	xmlns:atom="http://www.w3.org/2005/Atom"
	xmlns:sy="http://purl.org/rss/1.0/modules/syndication/"
	
	>
<channel>
	<title>Comments on: Installing HipChat on Debian Jessie</title>
	<atom:link href="./index.html" rel="self" type="application/rss+xml" />
	<link>./../index.html</link>
	<description>Taro Sato&#039;s Memorandum</description>
	<lastBuildDate>Mon, 07 Jan 2019 10:59:38 +0000</lastBuildDate>
	<sy:updatePeriod>hourly</sy:updatePeriod>
	<sy:updateFrequency>1</sy:updateFrequency>
	<generator>https://wordpress.org/?v=4.4.17</generator>
	<item>
		<title>By: Igor Támara</title>
		<link>./../index.html#comment-94354</link>
		<dc:creator><![CDATA[Igor Támara]]></dc:creator>
		<pubDate>Tue, 19 May 2015 14:01:12 +0000</pubDate>
		<guid isPermaLink="false">./../../../../index.html?p=2562#comment-94354</guid>
		<description><![CDATA[Thanks, this workaround works perfect on Debian Jessie.   Posted a reference from https://help.hipchat.com/forums/138883-suggestions-ideas/suggestions/6191207-hipchat-crashes-on-launch-after-updating-ubuntu-12 to here.]]></description>
		<content:encoded><![CDATA[<p>Thanks, this workaround works perfect on Debian Jessie.   Posted a reference from <a href="https://help.hipchat.com/forums/138883-suggestions-ideas/suggestions/6191207-hipchat-crashes-on-launch-after-updating-ubuntu-12" rel="nofollow">https://help.hipchat.com/forums/138883-suggestions-ideas/suggestions/6191207-hipchat-crashes-on-launch-after-updating-ubuntu-12</a> to here.</p>
]]></content:encoded>
	</item>
</channel>
</rss>
