<?xml version="1.0" encoding="UTF-8"?><rss version="2.0"
	xmlns:content="http://purl.org/rss/1.0/modules/content/"
	xmlns:dc="http://purl.org/dc/elements/1.1/"
	xmlns:atom="http://www.w3.org/2005/Atom"
	xmlns:sy="http://purl.org/rss/1.0/modules/syndication/"
	
	>
<channel>
	<title>Comments on: Emacs on Debian Lenny</title>
	<atom:link href="./index.html" rel="self" type="application/rss+xml" />
	<link>./../index.html</link>
	<description>Taro Sato&#039;s Memorandum</description>
	<lastBuildDate>Mon, 07 Jan 2019 10:59:38 +0000</lastBuildDate>
	<sy:updatePeriod>hourly</sy:updatePeriod>
	<sy:updateFrequency>1</sy:updateFrequency>
	<generator>https://wordpress.org/?v=4.4.17</generator>
	<item>
		<title>By: Mike</title>
		<link>./../index.html#comment-8</link>
		<dc:creator><![CDATA[Mike]]></dc:creator>
		<pubDate>Thu, 06 Aug 2009 08:16:14 +0000</pubDate>
		<guid isPermaLink="false">http://nomo17k.wordpress.com/?p=142#comment-8</guid>
		<description><![CDATA[Useful entry, especially as a portal to ideas I in my limited emacs usage hadn&#039;t come across. In giving future tips, as when you make useful but short instructional entries such as this one, consider linking to sites or pages that describe the function. I&#039;m intrigued, for instance, by the title &quot;More Reliable Clipboard,&quot; but am left to my own devices to go research it. That&#039;s not bad, but such links make a blog even more useful.

I think you missed some content under &quot;Changing the Size of Emacs Window,&quot; or else applied the wrong section heading for the font settings.

Thanks.]]></description>
		<content:encoded><![CDATA[<p>Useful entry, especially as a portal to ideas I in my limited emacs usage hadn&#8217;t come across. In giving future tips, as when you make useful but short instructional entries such as this one, consider linking to sites or pages that describe the function. I&#8217;m intrigued, for instance, by the title &#8220;More Reliable Clipboard,&#8221; but am left to my own devices to go research it. That&#8217;s not bad, but such links make a blog even more useful.</p>
<p>I think you missed some content under &#8220;Changing the Size of Emacs Window,&#8221; or else applied the wrong section heading for the font settings.</p>
<p>Thanks.</p>
]]></content:encoded>
	</item>
</channel>
</rss>
