<?xml version="1.0" encoding="UTF-8"?><rss version="2.0"
	xmlns:content="http://purl.org/rss/1.0/modules/content/"
	xmlns:dc="http://purl.org/dc/elements/1.1/"
	xmlns:atom="http://www.w3.org/2005/Atom"
	xmlns:sy="http://purl.org/rss/1.0/modules/syndication/"
	
	>
<channel>
	<title>Comments on: Repeating Failed Linux Command on Bash</title>
	<atom:link href="./index.html" rel="self" type="application/rss+xml" />
	<link>./../index.html</link>
	<description>Taro Sato&#039;s Memorandum</description>
	<lastBuildDate>Mon, 07 Jan 2019 10:59:38 +0000</lastBuildDate>
	<sy:updatePeriod>hourly</sy:updatePeriod>
	<sy:updateFrequency>1</sy:updateFrequency>
	<generator>https://wordpress.org/?v=4.4.17</generator>
	<item>
		<title>By: Taro</title>
		<link>./../index.html#comment-5910</link>
		<dc:creator><![CDATA[Taro]]></dc:creator>
		<pubDate>Fri, 11 May 2012 14:53:37 +0000</pubDate>
		<guid isPermaLink="false">./../../../../index.html?p=1735#comment-5910</guid>
		<description><![CDATA[ScottB -- Wow, that&#039;s a nifty hacker solution!  One-liner at its best.  Thanks for sharing!]]></description>
		<content:encoded><![CDATA[<p>ScottB &#8212; Wow, that&#8217;s a nifty hacker solution!  One-liner at its best.  Thanks for sharing!</p>
]]></content:encoded>
	</item>
	<item>
		<title>By: ScottB</title>
		<link>./../index.html#comment-5909</link>
		<dc:creator><![CDATA[ScottB]]></dc:creator>
		<pubDate>Fri, 11 May 2012 14:46:29 +0000</pubDate>
		<guid isPermaLink="false">./../../../../index.html?p=1735#comment-5909</guid>
		<description><![CDATA[I&#039;m having a similar issue (failing server, dodgy ethernet port and resetting sata controller). I was about to script something up in bash but I like keep it to a sweet and simple compound command. You can save yourself a script and do it on the command line with:
&lt;blockquote&gt;
until rsync -av --delete remote:/scrXX/dir /media/usb/storage ; do echo &quot;status: $?&quot;; done;
&lt;/blockquote&gt;
Will keep doing the rsync until exit status is 0 (true).]]></description>
		<content:encoded><![CDATA[<p>I&#8217;m having a similar issue (failing server, dodgy ethernet port and resetting sata controller). I was about to script something up in bash but I like keep it to a sweet and simple compound command. You can save yourself a script and do it on the command line with:</p>
<blockquote><p>
until rsync -av &#8211;delete remote:/scrXX/dir /media/usb/storage ; do echo &#8220;status: $?&#8221;; done;
</p></blockquote>
<p>Will keep doing the rsync until exit status is 0 (true).</p>
]]></content:encoded>
	</item>
</channel>
</rss>
