<?xml version="1.0" encoding="UTF-8"?><rss version="2.0"
	xmlns:content="http://purl.org/rss/1.0/modules/content/"
	xmlns:dc="http://purl.org/dc/elements/1.1/"
	xmlns:atom="http://www.w3.org/2005/Atom"
	xmlns:sy="http://purl.org/rss/1.0/modules/syndication/"
	
	>
<channel>
	<title>Comments on: Customizing &#038; Installing Linux Kernel 2.6.x on Debian Lenny</title>
	<atom:link href="./index.html" rel="self" type="application/rss+xml" />
	<link>./../index.html</link>
	<description>Taro Sato&#039;s Memorandum</description>
	<lastBuildDate>Mon, 07 Jan 2019 10:59:38 +0000</lastBuildDate>
	<sy:updatePeriod>hourly</sy:updatePeriod>
	<sy:updateFrequency>1</sy:updateFrequency>
	<generator>https://wordpress.org/?v=4.4.17</generator>
	<item>
		<title>By: Logitech MX Revolution on Debian Lenny &#171; Biboroku</title>
		<link>./../index.html#comment-7</link>
		<dc:creator><![CDATA[Logitech MX Revolution on Debian Lenny &#171; Biboroku]]></dc:creator>
		<pubDate>Tue, 21 Apr 2009 23:13:06 +0000</pubDate>
		<guid isPermaLink="false">http://nomo17k.wordpress.com/?p=118#comment-7</guid>
		<description><![CDATA[[...] Before starting, make sure that the uinput kernel module is available. This means that you have the kernel options CONFIG_INPUT_MISC=y and CONFIG_UINPUT=m. If you cannot load uinput with modprobe uinput, you have to recompile the kernel. [...]]]></description>
		<content:encoded><![CDATA[<p>[&#8230;] Before starting, make sure that the uinput kernel module is available. This means that you have the kernel options CONFIG_INPUT_MISC=y and CONFIG_UINPUT=m. If you cannot load uinput with modprobe uinput, you have to recompile the kernel. [&#8230;]</p>
]]></content:encoded>
	</item>
	<item>
		<title>By: IRAF on Debian Lenny &#171; Biboroku</title>
		<link>./../index.html#comment-6</link>
		<dc:creator><![CDATA[IRAF on Debian Lenny &#171; Biboroku]]></dc:creator>
		<pubDate>Fri, 17 Apr 2009 22:54:42 +0000</pubDate>
		<guid isPermaLink="false">http://nomo17k.wordpress.com/?p=118#comment-6</guid>
		<description><![CDATA[[...] and select defaults for all the user input upon installation. (Note that if xgterm quits on an error complaining about &#8220;ptys,&#8221; then you may need to turn on the kernel configurations CONFIG_LEGACY_PTYS and CONFIG_UNIX98_PTYS; yes, you may need to rebuild the kernel&#8230;) [...]]]></description>
		<content:encoded><![CDATA[<p>[&#8230;] and select defaults for all the user input upon installation. (Note that if xgterm quits on an error complaining about &#8220;ptys,&#8221; then you may need to turn on the kernel configurations CONFIG_LEGACY_PTYS and CONFIG_UNIX98_PTYS; yes, you may need to rebuild the kernel&#8230;) [&#8230;]</p>
]]></content:encoded>
	</item>
</channel>
</rss>
