<?xml version="1.0" encoding="UTF-8"?><rss version="2.0"
	xmlns:content="http://purl.org/rss/1.0/modules/content/"
	xmlns:dc="http://purl.org/dc/elements/1.1/"
	xmlns:atom="http://www.w3.org/2005/Atom"
	xmlns:sy="http://purl.org/rss/1.0/modules/syndication/"
	
	>
<channel>
	<title>Comments on: KCorrect: kcorrect Python Port Project</title>
	<atom:link href="./index.html" rel="self" type="application/rss+xml" />
	<link>./../index.html</link>
	<description>Taro Sato&#039;s Memorandum</description>
	<lastBuildDate>Mon, 07 Jan 2019 10:59:38 +0000</lastBuildDate>
	<sy:updatePeriod>hourly</sy:updatePeriod>
	<sy:updateFrequency>1</sy:updateFrequency>
	<generator>https://wordpress.org/?v=4.4.17</generator>
	<item>
		<title>By: nomo17k</title>
		<link>./../index.html#comment-34</link>
		<dc:creator><![CDATA[nomo17k]]></dc:creator>
		<pubDate>Wed, 17 Mar 2010 20:43:44 +0000</pubDate>
		<guid isPermaLink="false">http://nomo17k.wordpress.com/?p=539#comment-34</guid>
		<description><![CDATA[Jon -- I&#039;m swamped right now, so I hadn&#039;t had a chance to see what changed with v4_2.  If the C library interface hasn&#039;t changed, it&#039;s an easy upgrade, but I currently am not sure if there are any new features that are critical that would be missing if the Python version is not upgraded.

I&#039;m also thinking of moving this to some open-source platform (likely source forge), but I need to make sure with Mike Blanton so that I don&#039;t violate usage terms, etc.

Cheers,
Taro]]></description>
		<content:encoded><![CDATA[<p>Jon &#8212; I&#8217;m swamped right now, so I hadn&#8217;t had a chance to see what changed with v4_2.  If the C library interface hasn&#8217;t changed, it&#8217;s an easy upgrade, but I currently am not sure if there are any new features that are critical that would be missing if the Python version is not upgraded.</p>
<p>I&#8217;m also thinking of moving this to some open-source platform (likely source forge), but I need to make sure with Mike Blanton so that I don&#8217;t violate usage terms, etc.</p>
<p>Cheers,<br />
Taro</p>
]]></content:encoded>
	</item>
	<item>
		<title>By: Jon Loveday</title>
		<link>./../index.html#comment-33</link>
		<dc:creator><![CDATA[Jon Loveday]]></dc:creator>
		<pubDate>Thu, 11 Mar 2010 17:51:31 +0000</pubDate>
		<guid isPermaLink="false">http://nomo17k.wordpress.com/?p=539#comment-33</guid>
		<description><![CDATA[Any plans to update to v4_2 of kcorrect?

Thanks, Jon]]></description>
		<content:encoded><![CDATA[<p>Any plans to update to v4_2 of kcorrect?</p>
<p>Thanks, Jon</p>
]]></content:encoded>
	</item>
	<item>
		<title>By: Jon Loveday</title>
		<link>./../index.html#comment-32</link>
		<dc:creator><![CDATA[Jon Loveday]]></dc:creator>
		<pubDate>Wed, 23 Dec 2009 15:02:41 +0000</pubDate>
		<guid isPermaLink="false">http://nomo17k.wordpress.com/?p=539#comment-32</guid>
		<description><![CDATA[Works a treat!

Many thanks, and best wishes for the season.

Cheers, Jon]]></description>
		<content:encoded><![CDATA[<p>Works a treat!</p>
<p>Many thanks, and best wishes for the season.</p>
<p>Cheers, Jon</p>
]]></content:encoded>
	</item>
	<item>
		<title>By: nomo17k</title>
		<link>./../index.html#comment-31</link>
		<dc:creator><![CDATA[nomo17k]]></dc:creator>
		<pubDate>Wed, 23 Dec 2009 07:11:34 +0000</pubDate>
		<guid isPermaLink="false">http://nomo17k.wordpress.com/?p=539#comment-31</guid>
		<description><![CDATA[Jon -- I think I plugged up the leak.  Could you try:

http://ap.smu.ca/~taro/software/kcorrect/KCorrect-0.2.1.tar.gz

I really should move this to subversion...  Thanks for reporting bugs by the way.

Cheers,
Taro]]></description>
		<content:encoded><![CDATA[<p>Jon &#8212; I think I plugged up the leak.  Could you try:</p>
<p><a href="http://ap.smu.ca/~taro/software/kcorrect/KCorrect-0.2.1.tar.gz" rel="nofollow">http://ap.smu.ca/~taro/software/kcorrect/KCorrect-0.2.1.tar.gz</a></p>
<p>I really should move this to subversion&#8230;  Thanks for reporting bugs by the way.</p>
<p>Cheers,<br />
Taro</p>
]]></content:encoded>
	</item>
	<item>
		<title>By: Jon Loveday</title>
		<link>./../index.html#comment-30</link>
		<dc:creator><![CDATA[Jon Loveday]]></dc:creator>
		<pubDate>Tue, 22 Dec 2009 18:51:53 +0000</pubDate>
		<guid isPermaLink="false">http://nomo17k.wordpress.com/?p=539#comment-30</guid>
		<description><![CDATA[Yes, I&#039;m sure there&#039;s a way to reduce the number of calls, although it&#039;s a bit tricky, as Vmax is calculated iteratively for each galaxy.  One solution might be to generate a giant lookup table of K(galaxy, redshift).

Cheers, Jon]]></description>
		<content:encoded><![CDATA[<p>Yes, I&#8217;m sure there&#8217;s a way to reduce the number of calls, although it&#8217;s a bit tricky, as Vmax is calculated iteratively for each galaxy.  One solution might be to generate a giant lookup table of K(galaxy, redshift).</p>
<p>Cheers, Jon</p>
]]></content:encoded>
	</item>
	<item>
		<title>By: nomo17k</title>
		<link>./../index.html#comment-29</link>
		<dc:creator><![CDATA[nomo17k]]></dc:creator>
		<pubDate>Tue, 22 Dec 2009 02:39:52 +0000</pubDate>
		<guid isPermaLink="false">http://nomo17k.wordpress.com/?p=539#comment-29</guid>
		<description><![CDATA[Hmm, I do reproduce the potential leak, though on Linux now for me.  I (cursorily) looked at the SWIG/C extension part and I couldn&#039;t immediately spot where reference counting may be going wrong.  It may be worth a closer look and try to eliminate all the deprecation warnings as well.  It may take some time though...

For the moment, is it an option to construct a huge table like this:

    coeffs = []
    z = []
    for i in xrange(1000000):
        coeffs.append([1e-7, 1e-7, 1e-7, 1e-7, 1e-7])
        z.append(0.1)
    flux = KC.reconstruct_maggie(coeffs, z, ptable)

and do the computation at once?  By minimizing the number of memory allocations, you can of course alleviate the leak problem, at least temporarily...

Taro]]></description>
		<content:encoded><![CDATA[<p>Hmm, I do reproduce the potential leak, though on Linux now for me.  I (cursorily) looked at the SWIG/C extension part and I couldn&#8217;t immediately spot where reference counting may be going wrong.  It may be worth a closer look and try to eliminate all the deprecation warnings as well.  It may take some time though&#8230;</p>
<p>For the moment, is it an option to construct a huge table like this:</p>
<p>    coeffs = []<br />
    z = []<br />
    for i in xrange(1000000):<br />
        coeffs.append([1e-7, 1e-7, 1e-7, 1e-7, 1e-7])<br />
        z.append(0.1)<br />
    flux = KC.reconstruct_maggie(coeffs, z, ptable)</p>
<p>and do the computation at once?  By minimizing the number of memory allocations, you can of course alleviate the leak problem, at least temporarily&#8230;</p>
<p>Taro</p>
]]></content:encoded>
	</item>
	<item>
		<title>By: Jon Loveday</title>
		<link>./../index.html#comment-28</link>
		<dc:creator><![CDATA[Jon Loveday]]></dc:creator>
		<pubDate>Mon, 21 Dec 2009 23:15:39 +0000</pubDate>
		<guid isPermaLink="false">http://nomo17k.wordpress.com/?p=539#comment-28</guid>
		<description><![CDATA[Hi Taro

I think there may be a memory leak in reconstruct_maggie.  While the following code is running, the memory allocated to the process increases by a few Mb each second.  This becomes a real problem when finding Vmax for ~100,000 galaxies, when the k-correction needs to be evaluated for a given set of coefficients at many different redshifts for each galaxy.

def ktest():
    &quot;&quot;&quot;Test KCorrect.&quot;&quot;&quot;
    filterList = [&#039;sdss_u0.par&#039;,&#039;sdss_g0.par&#039;,&#039;sdss_r0.par&#039;, &#039;sdss_i0.par&#039;,&#039;sdss_z0.par&#039;][2]
    filters = KC.FilterList([filterList])
    ptable = KC.ProjectionTableDB()[filters]
    coeffs = [[1e-7, 1e-7, 1e-7, 1e-7, 1e-7]]
    z = [0.1]
    for i in xrange(1000000):
        flux = KC.reconstruct_maggie(coeffs, z, ptable)
    return flux]]></description>
		<content:encoded><![CDATA[<p>Hi Taro</p>
<p>I think there may be a memory leak in reconstruct_maggie.  While the following code is running, the memory allocated to the process increases by a few Mb each second.  This becomes a real problem when finding Vmax for ~100,000 galaxies, when the k-correction needs to be evaluated for a given set of coefficients at many different redshifts for each galaxy.</p>
<p>def ktest():<br />
    &#8220;&#8221;&#8221;Test KCorrect.&#8221;&#8221;&#8221;<br />
    filterList = [&#8216;sdss_u0.par&#8217;,&#8217;sdss_g0.par&#8217;,&#8217;sdss_r0.par&#8217;, &#8216;sdss_i0.par&#8217;,&#8217;sdss_z0.par&#8217;][2]<br />
    filters = KC.FilterList([filterList])<br />
    ptable = KC.ProjectionTableDB()[filters]<br />
    coeffs = [[1e-7, 1e-7, 1e-7, 1e-7, 1e-7]]<br />
    z = [0.1]<br />
    for i in xrange(1000000):<br />
        flux = KC.reconstruct_maggie(coeffs, z, ptable)<br />
    return flux</p>
]]></content:encoded>
	</item>
	<item>
		<title>By: nomo17k</title>
		<link>./../index.html#comment-27</link>
		<dc:creator><![CDATA[nomo17k]]></dc:creator>
		<pubDate>Fri, 18 Dec 2009 19:45:05 +0000</pubDate>
		<guid isPermaLink="false">http://nomo17k.wordpress.com/?p=539#comment-27</guid>
		<description><![CDATA[This is a sort of gotcha that has been neither documented nor coded for fool proof very well...

Since reconstruct_maggie() in general accepts photometry for multiple objects at once, you can do something like

  coeffs = [[1e-7, 1e-7, 1e-7, 1e-7, 1e-7],
            [1e-7, 1e-7, 1e-7, 1e-7, 1e-7]]
  z = [0.1, 0.2]
  reconstruct_maggie(coeffs, z, ptable)

for two objects at z = 0.1 &#038; 0.2 for example.  So even if you are feeding data for only one object, we should do

  coeffs = [[1e-7, 1e-7, 1e-7, 1e-7, 1e-7]]
  z = [0.1]
  reconstruct_maggie(coeffs, z, ptable)

I remember trying to make an exception in a case like this (to automatically add 1d to the data array) especially for functions and methods meant to be public, but I guess I haven&#039;t totally finished...  :)

Taro]]></description>
		<content:encoded><![CDATA[<p>This is a sort of gotcha that has been neither documented nor coded for fool proof very well&#8230;</p>
<p>Since reconstruct_maggie() in general accepts photometry for multiple objects at once, you can do something like</p>
<p>  coeffs = [[1e-7, 1e-7, 1e-7, 1e-7, 1e-7],<br />
            [1e-7, 1e-7, 1e-7, 1e-7, 1e-7]]<br />
  z = [0.1, 0.2]<br />
  reconstruct_maggie(coeffs, z, ptable)</p>
<p>for two objects at z = 0.1 &amp; 0.2 for example.  So even if you are feeding data for only one object, we should do</p>
<p>  coeffs = [[1e-7, 1e-7, 1e-7, 1e-7, 1e-7]]<br />
  z = [0.1]<br />
  reconstruct_maggie(coeffs, z, ptable)</p>
<p>I remember trying to make an exception in a case like this (to automatically add 1d to the data array) especially for functions and methods meant to be public, but I guess I haven&#8217;t totally finished&#8230;  <img src="./../../../../wp-includes/images/smilies/simple-smile.png" alt=":)" class="wp-smiley" style="height: 1em; max-height: 1em;" /></p>
<p>Taro</p>
]]></content:encoded>
	</item>
	<item>
		<title>By: Jon Loveday</title>
		<link>./../index.html#comment-26</link>
		<dc:creator><![CDATA[Jon Loveday]]></dc:creator>
		<pubDate>Fri, 18 Dec 2009 16:35:09 +0000</pubDate>
		<guid isPermaLink="false">http://nomo17k.wordpress.com/?p=539#comment-26</guid>
		<description><![CDATA[I&#039;m having problems using reconstruct_maggie.  Here is a test function.

def ktest():
    &quot;&quot;&quot;Test KCorrect.&quot;&quot;&quot;

    filters = KC.FilterList([&#039;sdss_u0.par&#039;,&#039;sdss_g0.par&#039;,&#039;sdss_r0.par&#039;, &#039;sdss_i0.par&#039;,&#039;sdss_z0.par&#039;])
    ptable = KC.ProjectionTableDB()[filters]
    coeffs = (1e-7, 1e-7, 1e-7, 1e-7, 1e-7)
    z = 0.1
    flux = KC.reconstruct_maggie(coeffs, z, ptable)
    return

Running it, I get:

&#062;&#062;&#062; lum.ktest()
Traceback (most recent call last):
  File &quot;&quot;, line 1, in
  File &quot;lum.py&quot;, line 43, in ktest
    flux = KC.reconstruct_maggie(coeffs, z, ptable)
  File &quot;/Library/Frameworks/Python.framework/Versions/4.1.30101/lib/python2.5/site-packages/KCorrect/ProjectionTable.py&quot;, line 208, in reconstruct_maggie
    return CL.k_reconstruct_maggies(coeffs,redshift,ptable[0],ptable[1])
  File &quot;/Library/Frameworks/Python.framework/Versions/4.1.30101/lib/python2.5/site-packages/KCorrect/clib.py&quot;, line 142, in k_reconstruct_maggies
    return _clib.k_reconstruct_maggies(*args)
ValueError: negative dimensions are not allowed
&#062;&#062;&#062;

The value of args looks OK.  I get the same error using KCorrect-0.1b and 0.2b.  Am I doing something wrong?

Thanks, Jon]]></description>
		<content:encoded><![CDATA[<p>I&#8217;m having problems using reconstruct_maggie.  Here is a test function.</p>
<p>def ktest():<br />
    &#8220;&#8221;&#8221;Test KCorrect.&#8221;&#8221;&#8221;</p>
<p>    filters = KC.FilterList([&#8216;sdss_u0.par&#8217;,&#8217;sdss_g0.par&#8217;,&#8217;sdss_r0.par&#8217;, &#8216;sdss_i0.par&#8217;,&#8217;sdss_z0.par&#8217;])<br />
    ptable = KC.ProjectionTableDB()[filters]<br />
    coeffs = (1e-7, 1e-7, 1e-7, 1e-7, 1e-7)<br />
    z = 0.1<br />
    flux = KC.reconstruct_maggie(coeffs, z, ptable)<br />
    return</p>
<p>Running it, I get:</p>
<p>&gt;&gt;&gt; lum.ktest()<br />
Traceback (most recent call last):<br />
  File &#8220;&#8221;, line 1, in<br />
  File &#8220;lum.py&#8221;, line 43, in ktest<br />
    flux = KC.reconstruct_maggie(coeffs, z, ptable)<br />
  File &#8220;/Library/Frameworks/Python.framework/Versions/4.1.30101/lib/python2.5/site-packages/KCorrect/ProjectionTable.py&#8221;, line 208, in reconstruct_maggie<br />
    return CL.k_reconstruct_maggies(coeffs,redshift,ptable[0],ptable[1])<br />
  File &#8220;/Library/Frameworks/Python.framework/Versions/4.1.30101/lib/python2.5/site-packages/KCorrect/clib.py&#8221;, line 142, in k_reconstruct_maggies<br />
    return _clib.k_reconstruct_maggies(*args)<br />
ValueError: negative dimensions are not allowed<br />
&gt;&gt;&gt;</p>
<p>The value of args looks OK.  I get the same error using KCorrect-0.1b and 0.2b.  Am I doing something wrong?</p>
<p>Thanks, Jon</p>
]]></content:encoded>
	</item>
	<item>
		<title>By: Jon Loveday</title>
		<link>./../index.html#comment-25</link>
		<dc:creator><![CDATA[Jon Loveday]]></dc:creator>
		<pubDate>Wed, 16 Dec 2009 11:52:10 +0000</pubDate>
		<guid isPermaLink="false">http://nomo17k.wordpress.com/?p=539#comment-25</guid>
		<description><![CDATA[I have the same version of swig pre-installed on my mac in /usr/bin/swig and I installed the latest version (1.3.40) under /usr/local/  To be honest, I&#039;m not sure which version Python 2.6 is picking up.

Anyway, I&#039;m now using Python 2.5 (as packaged by enthought) and KCorrect-0.2b appears to be working fine!

Many thanks for your help, and for porting kcorrect to python.

Cheers, Jon]]></description>
		<content:encoded><![CDATA[<p>I have the same version of swig pre-installed on my mac in /usr/bin/swig and I installed the latest version (1.3.40) under /usr/local/  To be honest, I&#8217;m not sure which version Python 2.6 is picking up.</p>
<p>Anyway, I&#8217;m now using Python 2.5 (as packaged by enthought) and KCorrect-0.2b appears to be working fine!</p>
<p>Many thanks for your help, and for porting kcorrect to python.</p>
<p>Cheers, Jon</p>
]]></content:encoded>
	</item>
	<item>
		<title>By: nomo17k</title>
		<link>./../index.html#comment-24</link>
		<dc:creator><![CDATA[nomo17k]]></dc:creator>
		<pubDate>Tue, 15 Dec 2009 15:41:44 +0000</pubDate>
		<guid isPermaLink="false">http://nomo17k.wordpress.com/?p=539#comment-24</guid>
		<description><![CDATA[I tested the installation on Leopard with Python 2.5 and (old) SWIG, and that works okay (though I saw a few deprecation warnings... well it was for Python 2.3 when I did this work...)

There might be some issue with Python 2.6 &#038; SWIG, as I reproduce the error with Python 2.6 on my Leopard box.  Could you tell me the version of SWIG that you have installed?  Mine says:

$ swig -version

SWIG Version 1.3.31

Compiled with g++ [i686-apple-darwin9.0]
Please see http://www.swig.org/ for reporting bugs and further information

Taro]]></description>
		<content:encoded><![CDATA[<p>I tested the installation on Leopard with Python 2.5 and (old) SWIG, and that works okay (though I saw a few deprecation warnings&#8230; well it was for Python 2.3 when I did this work&#8230;)</p>
<p>There might be some issue with Python 2.6 &amp; SWIG, as I reproduce the error with Python 2.6 on my Leopard box.  Could you tell me the version of SWIG that you have installed?  Mine says:</p>
<p>$ swig -version</p>
<p>SWIG Version 1.3.31</p>
<p>Compiled with g++ [i686-apple-darwin9.0]<br />
Please see <a href="http://www.swig.org/" rel="nofollow">http://www.swig.org/</a> for reporting bugs and further information</p>
<p>Taro</p>
]]></content:encoded>
	</item>
	<item>
		<title>By: Jon Loveday</title>
		<link>./../index.html#comment-23</link>
		<dc:creator><![CDATA[Jon Loveday]]></dc:creator>
		<pubDate>Tue, 15 Dec 2009 12:46:13 +0000</pubDate>
		<guid isPermaLink="false">http://nomo17k.wordpress.com/?p=539#comment-23</guid>
		<description><![CDATA[Thanks Taro

Unfortunately I&#039;m still getting the same error.  I installed SWIG as instructed in its README file, ie.
% ./configure
% make
% make install
without any obvious errors.

Installation of KCorrect also appears to be working:
bash-3.2$ python setup.py install
running install
running build
running build_py
copying KCorrect/clib.py -&#062; build/lib.macosx-10.3-fat-2.6/KCorrect
running build_ext
running install_lib
copying build/lib.macosx-10.3-fat-2.6/KCorrect/clib.py -&#062; /Library/Frameworks/Python.framework/Versions/2.6/lib/python2.6/site-packages/KCorrect
running install_data
running install_egg_info
Removing /Library/Frameworks/Python.framework/Versions/2.6/lib/python2.6/site-packages/KCorrect-0.2b-py2.6.egg-info
Writing /Library/Frameworks/Python.framework/Versions/2.6/lib/python2.6/site-packages/KCorrect-0.2b-py2.6.egg-info
bash-3.2$

I have _clib.sp and clib.py files, but no _clib.py.

Thanks, Jon]]></description>
		<content:encoded><![CDATA[<p>Thanks Taro</p>
<p>Unfortunately I&#8217;m still getting the same error.  I installed SWIG as instructed in its README file, ie.<br />
% ./configure<br />
% make<br />
% make install<br />
without any obvious errors.</p>
<p>Installation of KCorrect also appears to be working:<br />
bash-3.2$ python setup.py install<br />
running install<br />
running build<br />
running build_py<br />
copying KCorrect/clib.py -&gt; build/lib.macosx-10.3-fat-2.6/KCorrect<br />
running build_ext<br />
running install_lib<br />
copying build/lib.macosx-10.3-fat-2.6/KCorrect/clib.py -&gt; /Library/Frameworks/Python.framework/Versions/2.6/lib/python2.6/site-packages/KCorrect<br />
running install_data<br />
running install_egg_info<br />
Removing /Library/Frameworks/Python.framework/Versions/2.6/lib/python2.6/site-packages/KCorrect-0.2b-py2.6.egg-info<br />
Writing /Library/Frameworks/Python.framework/Versions/2.6/lib/python2.6/site-packages/KCorrect-0.2b-py2.6.egg-info<br />
bash-3.2$</p>
<p>I have _clib.sp and clib.py files, but no _clib.py.</p>
<p>Thanks, Jon</p>
]]></content:encoded>
	</item>
	<item>
		<title>By: nomo17k</title>
		<link>./../index.html#comment-22</link>
		<dc:creator><![CDATA[nomo17k]]></dc:creator>
		<pubDate>Mon, 14 Dec 2009 21:10:17 +0000</pubDate>
		<guid isPermaLink="false">http://nomo17k.wordpress.com/?p=539#comment-22</guid>
		<description><![CDATA[Jon -- _clib should be generated automatically by SWIG if the installation is done properly (i.e., via python setup.py install).  You might want to try with a new install tarball:

http://ap.smu.ca/~taro/software/kcorrect/KCorrect-0.2b.tar.gz

This new archive actually doesn&#039;t depend on the IDL version, as it should be a self-contained archive.

Taro]]></description>
		<content:encoded><![CDATA[<p>Jon &#8212; _clib should be generated automatically by SWIG if the installation is done properly (i.e., via python setup.py install).  You might want to try with a new install tarball:</p>
<p><a href="http://ap.smu.ca/~taro/software/kcorrect/KCorrect-0.2b.tar.gz" rel="nofollow">http://ap.smu.ca/~taro/software/kcorrect/KCorrect-0.2b.tar.gz</a></p>
<p>This new archive actually doesn&#8217;t depend on the IDL version, as it should be a self-contained archive.</p>
<p>Taro</p>
]]></content:encoded>
	</item>
	<item>
		<title>By: Jon Loveday</title>
		<link>./../index.html#comment-21</link>
		<dc:creator><![CDATA[Jon Loveday]]></dc:creator>
		<pubDate>Mon, 14 Dec 2009 15:18:30 +0000</pubDate>
		<guid isPermaLink="false">http://nomo17k.wordpress.com/?p=539#comment-21</guid>
		<description><![CDATA[I&#039;ve installed KCorrect and its requirements on Mac OS 10.5.8, but when I try to import KCorrect I get the error:

IDLE 2.6.4
&#062;&#062;&#062; import KCorrect as KC

Traceback (most recent call last):
  File &quot;&quot;, line 1, in
    import KCorrect as KC
  File &quot;/Users/loveday/Downloads/KCorrect-0.1b/KCorrect/__init__.py&quot;, line 11, in
    from KCorrect import *
  File &quot;/Users/loveday/Downloads/KCorrect-0.1b/KCorrect/KCorrect.py&quot;, line 3, in
    from Utility import distmod
  File &quot;/Users/loveday/Downloads/KCorrect-0.1b/KCorrect/Utility.py&quot;, line 4, in
    import clib as CL
  File &quot;/Users/loveday/Downloads/KCorrect-0.1b/KCorrect/clib.py&quot;, line 15, in
    import _clib
ImportError: No module named _clib


I can&#039;t find _clib.py anywhere on my computer.  Is it supposed to be created when installing KCorrect?

Thanks, Jon]]></description>
		<content:encoded><![CDATA[<p>I&#8217;ve installed KCorrect and its requirements on Mac OS 10.5.8, but when I try to import KCorrect I get the error:</p>
<p>IDLE 2.6.4<br />
&gt;&gt;&gt; import KCorrect as KC</p>
<p>Traceback (most recent call last):<br />
  File &#8220;&#8221;, line 1, in<br />
    import KCorrect as KC<br />
  File &#8220;/Users/loveday/Downloads/KCorrect-0.1b/KCorrect/__init__.py&#8221;, line 11, in<br />
    from KCorrect import *<br />
  File &#8220;/Users/loveday/Downloads/KCorrect-0.1b/KCorrect/KCorrect.py&#8221;, line 3, in<br />
    from Utility import distmod<br />
  File &#8220;/Users/loveday/Downloads/KCorrect-0.1b/KCorrect/Utility.py&#8221;, line 4, in<br />
    import clib as CL<br />
  File &#8220;/Users/loveday/Downloads/KCorrect-0.1b/KCorrect/clib.py&#8221;, line 15, in<br />
    import _clib<br />
ImportError: No module named _clib</p>
<p>I can&#8217;t find _clib.py anywhere on my computer.  Is it supposed to be created when installing KCorrect?</p>
<p>Thanks, Jon</p>
]]></content:encoded>
	</item>
</channel>
</rss>
