<?xml version="1.0" encoding="UTF-8"?><rss version="2.0"
	xmlns:content="http://purl.org/rss/1.0/modules/content/"
	xmlns:dc="http://purl.org/dc/elements/1.1/"
	xmlns:atom="http://www.w3.org/2005/Atom"
	xmlns:sy="http://purl.org/rss/1.0/modules/syndication/"
	
	>
<channel>
	<title>Comments on: USB 3.0 ExpressCard Adapter on Debian Squeeze</title>
	<atom:link href="./index.html" rel="self" type="application/rss+xml" />
	<link>./../index.html</link>
	<description>Taro Sato&#039;s Memorandum</description>
	<lastBuildDate>Mon, 07 Jan 2019 10:59:38 +0000</lastBuildDate>
	<sy:updatePeriod>hourly</sy:updatePeriod>
	<sy:updateFrequency>1</sy:updateFrequency>
	<generator>https://wordpress.org/?v=4.4.17</generator>
	<item>
		<title>By: USB 3.0 ExpressCard Adapter on Debian Squeeze &#124; Debian-News.net - Your one stop for news about Debian</title>
		<link>./../index.html#comment-123</link>
		<dc:creator><![CDATA[USB 3.0 ExpressCard Adapter on Debian Squeeze &#124; Debian-News.net - Your one stop for news about Debian]]></dc:creator>
		<pubDate>Sun, 12 Dec 2010 16:25:49 +0000</pubDate>
		<guid isPermaLink="false">http://nomo17k.wordpress.com/?p=1360#comment-123</guid>
		<description><![CDATA[[...] My Lenovo T410s has a rather small 80 GB SSD, and with the amount of data that I need to deal with these days, something like mounting network drive isn’t fast enough for me. So I decided to try USB 3.0, since I have an open ExpressCard slot. More here [...]]]></description>
		<content:encoded><![CDATA[<p>[&#8230;] My Lenovo T410s has a rather small 80 GB SSD, and with the amount of data that I need to deal with these days, something like mounting network drive isn’t fast enough for me. So I decided to try USB 3.0, since I have an open ExpressCard slot. More here [&#8230;]</p>
]]></content:encoded>
	</item>
</channel>
</rss>
