<?xml version="1.0" encoding="UTF-8"?><rss version="2.0"
	xmlns:content="http://purl.org/rss/1.0/modules/content/"
	xmlns:dc="http://purl.org/dc/elements/1.1/"
	xmlns:atom="http://www.w3.org/2005/Atom"
	xmlns:sy="http://purl.org/rss/1.0/modules/syndication/"
	
	>
<channel>
	<title>Comments on: Installing Bruzual &#038; Charlot 2003 (GALAXEV) on Mac OS X Snow Leopard</title>
	<atom:link href="./index.html" rel="self" type="application/rss+xml" />
	<link>./../index.html</link>
	<description>Taro Sato&#039;s Memorandum</description>
	<lastBuildDate>Mon, 07 Jan 2019 10:59:38 +0000</lastBuildDate>
	<sy:updatePeriod>hourly</sy:updatePeriod>
	<sy:updateFrequency>1</sy:updateFrequency>
	<generator>https://wordpress.org/?v=4.4.17</generator>
	<item>
		<title>By: TANG</title>
		<link>./../index.html#comment-96423</link>
		<dc:creator><![CDATA[TANG]]></dc:creator>
		<pubDate>Mon, 06 Jul 2015 16:01:09 +0000</pubDate>
		<guid isPermaLink="false">http://nomo17k.wordpress.com/?p=1022#comment-96423</guid>
		<description><![CDATA[I see. Thank you very much!]]></description>
		<content:encoded><![CDATA[<p>I see. Thank you very much!</p>
]]></content:encoded>
	</item>
	<item>
		<title>By: Taro</title>
		<link>./../index.html#comment-96249</link>
		<dc:creator><![CDATA[Taro]]></dc:creator>
		<pubDate>Wed, 01 Jul 2015 17:31:42 +0000</pubDate>
		<guid isPermaLink="false">http://nomo17k.wordpress.com/?p=1022#comment-96249</guid>
		<description><![CDATA[Tang -- I am not sure about an update to B&amp;C models. If they have an updated version, the install might be easier on that one in more up-to-date computing environment we have these days. The program structure was pretty obsolete even back in 2003... :P]]></description>
		<content:encoded><![CDATA[<p>Tang &#8212; I am not sure about an update to B&#038;C models. If they have an updated version, the install might be easier on that one in more up-to-date computing environment we have these days. The program structure was pretty obsolete even back in 2003&#8230; 😛</p>
]]></content:encoded>
	</item>
	<item>
		<title>By: TANG</title>
		<link>./../index.html#comment-96065</link>
		<dc:creator><![CDATA[TANG]]></dc:creator>
		<pubDate>Wed, 24 Jun 2015 17:57:26 +0000</pubDate>
		<guid isPermaLink="false">http://nomo17k.wordpress.com/?p=1022#comment-96065</guid>
		<description><![CDATA[I see, thank you. I will try to use virtual linux system on my computer.  But do you notice that they came out with updated version 2012? Do I need to just download and decompress all the files in subdirectory? Thanks for your help. I&#039;m really not good at it.]]></description>
		<content:encoded><![CDATA[<p>I see, thank you. I will try to use virtual linux system on my computer.  But do you notice that they came out with updated version 2012? Do I need to just download and decompress all the files in subdirectory? Thanks for your help. I&#8217;m really not good at it.</p>
]]></content:encoded>
	</item>
	<item>
		<title>By: Taro</title>
		<link>./../index.html#comment-96016</link>
		<dc:creator><![CDATA[Taro]]></dc:creator>
		<pubDate>Tue, 23 Jun 2015 03:02:32 +0000</pubDate>
		<guid isPermaLink="false">http://nomo17k.wordpress.com/?p=1022#comment-96016</guid>
		<description><![CDATA[Tang -- All these research-oriented software are not intended to be used on Windows. I think your best best would be to install cygwin or use virtual machine to prepare a Linux-like environment on your computer.]]></description>
		<content:encoded><![CDATA[<p>Tang &#8212; All these research-oriented software are not intended to be used on Windows. I think your best best would be to install cygwin or use virtual machine to prepare a Linux-like environment on your computer.</p>
]]></content:encoded>
	</item>
	<item>
		<title>By: Tang</title>
		<link>./../index.html#comment-96013</link>
		<dc:creator><![CDATA[Tang]]></dc:creator>
		<pubDate>Tue, 23 Jun 2015 01:45:21 +0000</pubDate>
		<guid isPermaLink="false">http://nomo17k.wordpress.com/?p=1022#comment-96013</guid>
		<description><![CDATA[Hello, 
I&#039;m struggling to instal Galaxev on my computer. My system is Wins 7. Do you know how to deal with it?
Thanks in advance!]]></description>
		<content:encoded><![CDATA[<p>Hello,<br />
I&#8217;m struggling to instal Galaxev on my computer. My system is Wins 7. Do you know how to deal with it?<br />
Thanks in advance!</p>
]]></content:encoded>
	</item>
</channel>
</rss>
