<?xml version="1.0" encoding="UTF-8"?><rss version="2.0"
	xmlns:content="http://purl.org/rss/1.0/modules/content/"
	xmlns:wfw="http://wellformedweb.org/CommentAPI/"
	xmlns:dc="http://purl.org/dc/elements/1.1/"
	xmlns:atom="http://www.w3.org/2005/Atom"
	xmlns:sy="http://purl.org/rss/1.0/modules/syndication/"
	xmlns:slash="http://purl.org/rss/1.0/modules/slash/"
	>

<channel>
	<title>Paper &#8211; Biboroku</title>
	<atom:link href="./index.html" rel="self" type="application/rss+xml" />
	<link>./../../../../index.html</link>
	<description>Taro Sato&#039;s Memorandum</description>
	<lastBuildDate>Fri, 20 Apr 2018 17:49:10 +0000</lastBuildDate>
	<language>en-US</language>
	<sy:updatePeriod>hourly</sy:updatePeriod>
	<sy:updateFrequency>1</sy:updateFrequency>
	<generator>https://wordpress.org/?v=4.4.17</generator>
	<item>
		<title>Sawicki &#038; Thompson 2006, ApJ, 648, 299</title>
		<link>./../../../../2009/03/sawicki-thompson-2006-apj-648-299/index.html</link>
		<comments>./../../../../2009/03/sawicki-thompson-2006-apj-648-299/index.html#respond</comments>
		<pubDate>Sat, 28 Mar 2009 02:42:39 +0000</pubDate>
		<dc:creator><![CDATA[Taro]]></dc:creator>
				<category><![CDATA[Paper]]></category>
		<category><![CDATA[Research]]></category>

		<guid isPermaLink="false">http://nomo17k.wordpress.com/?p=314</guid>
		<description><![CDATA[Keck Deep Fields. III. Luminosity-dependent Evolution of the Ultraviolet Luminosity and Star Formation Rate Densities at z~4, 3, and 2 Glaxy UV luminosity density peaks at z = 1 ~ 3, sub-L* galaxies dominate the integrated UV luminosity UV luminosity &#8230; <a href="./../../../../2009/03/sawicki-thompson-2006-apj-648-299/index.html">Continue reading <span class="meta-nav">&#8594;</span></a>]]></description>
				<content:encoded><![CDATA[<p><a href="http://adsabs.harvard.edu/abs/2006ApJ...648..299S">Keck Deep Fields. III. Luminosity-dependent Evolution of the Ultraviolet Luminosity and Star Formation Rate Densities at z~4, 3, and 2</a></p>
<ul>
<li>Glaxy UV luminosity density peaks at z = 1 ~ 3, sub-L* galaxies dominate the integrated UV luminosity</li>
<li>UV luminosity declines for z &gt; 4</li>
<li>Not enough ionizing photons for reionization?
<ul>
<li>Madau et al. (1999) criteria may be too stringent?</li>
</ul>
</li>
</ul>
<p>Check:</p>
<ul>
<li>Effective volume technique</li>
<li>Evolving faint-end slope confirmed?</li>
<li>Getting rest-frame 1700 A flux</li>
</ul>
]]></content:encoded>
			<wfw:commentRss>./../../../../2009/03/sawicki-thompson-2006-apj-648-299/feed/index.html</wfw:commentRss>
		<slash:comments>0</slash:comments>
		</item>
	</channel>
</rss>
