<?xml version="1.0" encoding="UTF-8"?><rss version="2.0"
	xmlns:content="http://purl.org/rss/1.0/modules/content/"
	xmlns:wfw="http://wellformedweb.org/CommentAPI/"
	xmlns:dc="http://purl.org/dc/elements/1.1/"
	xmlns:atom="http://www.w3.org/2005/Atom"
	xmlns:sy="http://purl.org/rss/1.0/modules/syndication/"
	xmlns:slash="http://purl.org/rss/1.0/modules/slash/"
	>

<channel>
	<title>Research &#8211; Biboroku</title>
	<atom:link href="./index.html" rel="self" type="application/rss+xml" />
	<link>./../../../index.html</link>
	<description>Taro Sato&#039;s Memorandum</description>
	<lastBuildDate>Fri, 20 Apr 2018 17:49:10 +0000</lastBuildDate>
	<language>en-US</language>
	<sy:updatePeriod>hourly</sy:updatePeriod>
	<sy:updateFrequency>1</sy:updateFrequency>
	<generator>https://wordpress.org/?v=4.4.17</generator>
	<item>
		<title>Uncertainty in Flux and Magnitude</title>
		<link>./../../../2010/11/uncertainty-in-flux-and-magnitude/index.html</link>
		<comments>./../../../2010/11/uncertainty-in-flux-and-magnitude/index.html#respond</comments>
		<pubDate>Wed, 03 Nov 2010 17:52:06 +0000</pubDate>
		<dc:creator><![CDATA[Taro]]></dc:creator>
				<category><![CDATA[Astro]]></category>
		<category><![CDATA[Research]]></category>
		<category><![CDATA[astro]]></category>
		<category><![CDATA[reference]]></category>
		<category><![CDATA[research]]></category>

		<guid isPermaLink="false">http://nomo17k.wordpress.com/?p=1053</guid>
		<description><![CDATA[I keep forgetting this sort of simple algebra (aging is no fun), so here&#8217;s a note. Define magnitude to be related to flux as follows: &#160; &#160; where is the zero point flux which defines the magnitude scale.  Let be &#8230; <a href="./../../../2010/11/uncertainty-in-flux-and-magnitude/index.html">Continue reading <span class="meta-nav">&#8594;</span></a>]]></description>
				<content:encoded><![CDATA[<p>I keep forgetting this sort of simple algebra (aging is no fun), so here&#8217;s a note.</p>
<p>Define magnitude <img src="./../../../wp-content/ql-cache/quicklatex.com-6b41df788161942c6f98604d37de8098_l3.png" class="ql-img-inline-formula quicklatex-auto-format" alt="&#109;" title="Rendered by QuickLaTeX.com" height="8" width="15" style="vertical-align: 0px;"/> to be related to flux <img src="./../../../wp-content/ql-cache/quicklatex.com-9c09a708375fde2676da319bcdfe8b24_l3.png" class="ql-img-inline-formula quicklatex-auto-format" alt="&#102;" title="Rendered by QuickLaTeX.com" height="16" width="10" style="vertical-align: -4px;"/> as follows:</p>
<p class="ql-center-displayed-equation" style="line-height: 40px;"><span class="ql-right-eqno"> &nbsp; </span><span class="ql-left-eqno"> &nbsp; </span><img src="./../../../wp-content/ql-cache/quicklatex.com-1772808a9ff7a136033180fc53109b66_l3.png" height="40" width="135" class="ql-img-displayed-equation quicklatex-auto-format" alt="&#92;&#91; &#32;&#32;&#109;&#32;&#61;&#32;&#45;&#50;&#46;&#53;&#32;&#92;&#108;&#111;&#103;&#123;&#92;&#102;&#114;&#97;&#99;&#123;&#102;&#125;&#123;&#102;&#95;&#48;&#125;&#125;&#32;&#92;&#32;&#44; &#92;&#93;" title="Rendered by QuickLaTeX.com"/></p>
<p>where <img src="./../../../wp-content/ql-cache/quicklatex.com-86b3f64110103338cfe1166ff2d929e4_l3.png" class="ql-img-inline-formula quicklatex-auto-format" alt="&#102;&#95;&#48;" title="Rendered by QuickLaTeX.com" height="16" width="16" style="vertical-align: -4px;"/> is the zero point flux which defines the magnitude scale.  Let <img src="./../../../wp-content/ql-cache/quicklatex.com-8b54ad14e30444378952afb43fab8c57_l3.png" class="ql-img-inline-formula quicklatex-auto-format" alt="&#92;&#68;&#101;&#108;&#116;&#97;&#32;&#109;" title="Rendered by QuickLaTeX.com" height="12" width="30" style="vertical-align: 0px;"/> be the magnitude uncertainty, which is related to the fractional uncertainty in flux, <img src="./../../../wp-content/ql-cache/quicklatex.com-1a9c06230c6f9596fb65b6aa476a9ae2_l3.png" class="ql-img-inline-formula quicklatex-auto-format" alt="&#92;&#68;&#101;&#108;&#116;&#97;&#32;&#102;&#32;&#47;&#32;&#102;" title="Rendered by QuickLaTeX.com" height="18" width="44" style="vertical-align: -5px;"/>.  We wish to find how <img src="./../../../wp-content/ql-cache/quicklatex.com-579fb8448977a4ebe50569e736918f03_l3.png" class="ql-img-inline-formula quicklatex-auto-format" alt="&#109;&#32;&#92;&#112;&#109;&#32;&#92;&#68;&#101;&#108;&#116;&#97;&#32;&#109;" title="Rendered by QuickLaTeX.com" height="12" width="67" style="vertical-align: 0px;"/> is related to <img src="./../../../wp-content/ql-cache/quicklatex.com-67f04ac954e799bc8e652553de873d59_l3.png" class="ql-img-inline-formula quicklatex-auto-format" alt="&#92;&#108;&#101;&#102;&#116;&#40;&#49;&#32;&#92;&#109;&#112;&#32;&#92;&#68;&#101;&#108;&#116;&#97;&#32;&#102;&#32;&#47;&#32;&#102;&#32;&#92;&#114;&#105;&#103;&#104;&#116;&#41;&#32;&#102;" title="Rendered by QuickLaTeX.com" height="19" width="101" style="vertical-align: -5px;"/>.  This means</p>
<p class="ql-center-displayed-equation" style="line-height: 65px;"><span class="ql-right-eqno"> &nbsp; </span><span class="ql-left-eqno"> &nbsp; </span><img src="./../../../wp-content/ql-cache/quicklatex.com-b722cfa5a17b0b0089c2c1a5c44518a9_l3.png" height="65" width="376" class="ql-img-displayed-equation quicklatex-auto-format" alt="&#92;&#91; &#32;&#32;&#92;&#98;&#101;&#103;&#105;&#110;&#123;&#97;&#114;&#114;&#97;&#121;&#125;&#123;&#114;&#99;&#108;&#125;&#32;&#92;&#112;&#109;&#32;&#92;&#68;&#101;&#108;&#116;&#97;&#32;&#109;&#32;&#38;&#61;&#38;&#32;&#45;&#50;&#46;&#53;&#32;&#92;&#108;&#111;&#103;&#123;&#92;&#108;&#101;&#102;&#116;&#91;&#92;&#108;&#101;&#102;&#116;&#40;&#49;&#32;&#92;&#109;&#112;&#32;&#92;&#102;&#114;&#97;&#99;&#123;&#92;&#68;&#101;&#108;&#116;&#97;&#32;&#102;&#125;&#123;&#102;&#125;&#92;&#114;&#105;&#103;&#104;&#116;&#41;&#92;&#102;&#114;&#97;&#99;&#123;&#102;&#125;&#123;&#102;&#95;&#48;&#125;&#92;&#114;&#105;&#103;&#104;&#116;&#93;&#125;&#32;&#43;&#32;&#50;&#46;&#53;&#32;&#92;&#108;&#111;&#103;&#123;&#92;&#102;&#114;&#97;&#99;&#123;&#102;&#125;&#123;&#102;&#95;&#48;&#125;&#125;&#32;&#92;&#92;&#32;&#38;&#61;&#38;&#32;&#45;&#50;&#46;&#53;&#32;&#92;&#108;&#111;&#103;&#123;&#92;&#108;&#101;&#102;&#116;&#40;&#49;&#32;&#92;&#109;&#112;&#32;&#92;&#102;&#114;&#97;&#99;&#123;&#92;&#68;&#101;&#108;&#116;&#97;&#32;&#102;&#125;&#123;&#102;&#125;&#92;&#114;&#105;&#103;&#104;&#116;&#41;&#125;&#32;&#92;&#101;&#110;&#100;&#123;&#97;&#114;&#114;&#97;&#121;&#125;&#32;&#92;&#32;&#46;&#32; &#92;&#93;" title="Rendered by QuickLaTeX.com"/></p>
<p>Solving for <img src="./../../../wp-content/ql-cache/quicklatex.com-1a9c06230c6f9596fb65b6aa476a9ae2_l3.png" class="ql-img-inline-formula quicklatex-auto-format" alt="&#92;&#68;&#101;&#108;&#116;&#97;&#32;&#102;&#32;&#47;&#32;&#102;" title="Rendered by QuickLaTeX.com" height="18" width="44" style="vertical-align: -5px;"/> we get</p>
<p class="ql-center-displayed-equation" style="line-height: 40px;"><span class="ql-right-eqno"> &nbsp; </span><span class="ql-left-eqno"> &nbsp; </span><img src="./../../../wp-content/ql-cache/quicklatex.com-95bf05306e2417d6943ad926ee03bb0a_l3.png" height="40" width="177" class="ql-img-displayed-equation quicklatex-auto-format" alt="&#92;&#91; &#32;&#32;&#92;&#112;&#109;&#32;&#92;&#102;&#114;&#97;&#99;&#123;&#92;&#68;&#101;&#108;&#116;&#97;&#32;&#102;&#125;&#123;&#102;&#125;&#32;&#61;&#32;&#49;&#32;&#45;&#32;&#49;&#48;&#94;&#123;&#92;&#109;&#112;&#32;&#48;&#46;&#52;&#32;&#92;&#68;&#101;&#108;&#116;&#97;&#32;&#109;&#125;&#32;&#92;&#32;&#46;&#32; &#92;&#93;" title="Rendered by QuickLaTeX.com"/></p>
<p>In summary, we have the following relationships:</p>
<p class="ql-center-displayed-equation" style="line-height: 54px;"><span class="ql-right-eqno"> &nbsp; </span><span class="ql-left-eqno"> &nbsp; </span><img src="./../../../wp-content/ql-cache/quicklatex.com-a040b03822d0ac450944b8af1525b949_l3.png" height="54" width="462" class="ql-img-displayed-equation quicklatex-auto-format" alt="&#92;&#91; &#32;&#32;&#92;&#98;&#111;&#120;&#101;&#100;&#123;&#32;&#92;&#112;&#109;&#32;&#92;&#68;&#101;&#108;&#116;&#97;&#32;&#109;&#32;&#61;&#32;&#45;&#50;&#46;&#53;&#32;&#92;&#108;&#111;&#103;&#123;&#92;&#108;&#101;&#102;&#116;&#40;&#49;&#32;&#92;&#109;&#112;&#32;&#92;&#102;&#114;&#97;&#99;&#123;&#92;&#68;&#101;&#108;&#116;&#97;&#32;&#102;&#125;&#123;&#102;&#125;&#92;&#114;&#105;&#103;&#104;&#116;&#41;&#125;&#32;&#92;&#59;&#92;&#59;&#92;&#59;&#32;&#92;&#116;&#101;&#120;&#116;&#123;&#111;&#114;&#125;&#32;&#92;&#59;&#92;&#59;&#92;&#59;&#32;&#92;&#112;&#109;&#32;&#92;&#102;&#114;&#97;&#99;&#123;&#92;&#68;&#101;&#108;&#116;&#97;&#32;&#102;&#125;&#123;&#102;&#125;&#32;&#61;&#32;&#49;&#32;&#45;&#32;&#49;&#48;&#94;&#123;&#92;&#109;&#112;&#32;&#48;&#46;&#52;&#32;&#92;&#68;&#101;&#108;&#116;&#97;&#32;&#109;&#125;&#32;&#92;&#32;&#46;&#32;&#125;&#32; &#92;&#93;" title="Rendered by QuickLaTeX.com"/></p>
<p>When <img src="./../../../wp-content/ql-cache/quicklatex.com-3d835857596fac5b21fce5242fd38025_l3.png" class="ql-img-inline-formula quicklatex-auto-format" alt="&#92;&#68;&#101;&#108;&#116;&#97;&#32;&#109;&#32;&#92;&#108;&#108;&#32;&#49;" title="Rendered by QuickLaTeX.com" height="14" width="66" style="vertical-align: -2px;"/> or <img src="./../../../wp-content/ql-cache/quicklatex.com-54e12bb5589edb778c7126c170d69b05_l3.png" class="ql-img-inline-formula quicklatex-auto-format" alt="&#92;&#68;&#101;&#108;&#116;&#97;&#32;&#102;&#32;&#47;&#32;&#102;&#32;&#92;&#108;&#108;&#32;&#49;" title="Rendered by QuickLaTeX.com" height="18" width="80" style="vertical-align: -5px;"/>, we may expand the log function about 1 and retain only the first order term:</p>
<p class="ql-center-displayed-equation" style="line-height: 49px;"><span class="ql-right-eqno"> &nbsp; </span><span class="ql-left-eqno"> &nbsp; </span><img src="./../../../wp-content/ql-cache/quicklatex.com-94430cc0f0885d4137ebdbbb6f551c98_l3.png" height="49" width="291" class="ql-img-displayed-equation quicklatex-auto-format" alt="&#92;&#91; &#32;&#32;&#92;&#98;&#101;&#103;&#105;&#110;&#123;&#97;&#114;&#114;&#97;&#121;&#125;&#123;&#114;&#99;&#108;&#125;&#32;&#92;&#108;&#111;&#103;&#123;&#120;&#125;&#32;&#38;&#61;&#38;&#32;&#92;&#102;&#114;&#97;&#99;&#123;&#120;&#32;&#45;&#32;&#49;&#125;&#123;&#92;&#108;&#110;&#123;&#49;&#48;&#125;&#125;&#32;&#45;&#32;&#92;&#102;&#114;&#97;&#99;&#123;&#40;&#120;&#32;&#45;&#32;&#49;&#41;&#94;&#50;&#125;&#123;&#92;&#108;&#110;&#123;&#49;&#48;&#94;&#50;&#125;&#125;&#32;&#43;&#32;&#92;&#102;&#114;&#97;&#99;&#123;&#40;&#120;&#32;&#45;&#32;&#49;&#41;&#94;&#51;&#125;&#123;&#92;&#108;&#110;&#123;&#49;&#48;&#94;&#51;&#125;&#125;&#32;&#45;&#32;&#92;&#108;&#100;&#111;&#116;&#115;&#32;&#92;&#92;&#32;&#38;&#92;&#97;&#112;&#112;&#114;&#111;&#120;&#38;&#32;&#92;&#102;&#114;&#97;&#99;&#123;&#120;&#32;&#45;&#32;&#49;&#125;&#123;&#92;&#108;&#110;&#123;&#49;&#48;&#125;&#125;&#32;&#92;&#101;&#110;&#100;&#123;&#97;&#114;&#114;&#97;&#121;&#125;&#32; &#92;&#93;" title="Rendered by QuickLaTeX.com"/></p>
<p>for <img src="./../../../wp-content/ql-cache/quicklatex.com-4a5524348dfbc53d51c1f421944c3fd6_l3.png" class="ql-img-inline-formula quicklatex-auto-format" alt="&#120;&#32;&#92;&#115;&#105;&#109;&#101;&#113;&#32;&#49;" title="Rendered by QuickLaTeX.com" height="13" width="42" style="vertical-align: -1px;"/>. In this limit we can write <img src="./../../../wp-content/ql-cache/quicklatex.com-a2668f1f7dfc0153bd613b37d66e4d6d_l3.png" class="ql-img-inline-formula quicklatex-auto-format" alt="&#92;&#68;&#101;&#108;&#116;&#97;&#32;&#109;&#32;&#92;&#97;&#112;&#112;&#114;&#111;&#120;&#32;&#40;&#50;&#46;&#53;&#32;&#47;&#32;&#92;&#108;&#110;&#123;&#49;&#48;&#125;&#41;&#32;&#92;&#68;&#101;&#108;&#116;&#97;&#32;&#102;&#32;&#47;&#32;&#102;&#32;&#92;&#97;&#112;&#112;&#114;&#111;&#120;&#32;&#49;&#46;&#48;&#56;&#53;&#55;&#51;&#54;&#32;&#92;&#68;&#101;&#108;&#116;&#97;&#32;&#102;&#32;&#47;&#32;&#102;" title="Rendered by QuickLaTeX.com" height="19" width="317" style="vertical-align: -5px;"/>. Hence</p>
<p class="ql-center-displayed-equation" style="line-height: 51px;"><span class="ql-right-eqno"> &nbsp; </span><span class="ql-left-eqno"> &nbsp; </span><img src="./../../../wp-content/ql-cache/quicklatex.com-2ba8ff9f9f1ba00f97e49b541db53951_l3.png" height="51" width="361" class="ql-img-displayed-equation quicklatex-auto-format" alt="&#92;&#91; &#32;&#32;&#92;&#98;&#111;&#120;&#101;&#100;&#123;&#32;&#92;&#68;&#101;&#108;&#116;&#97;&#32;&#109;&#32;&#92;&#97;&#112;&#112;&#114;&#111;&#120;&#32;&#49;&#46;&#48;&#56;&#53;&#55;&#51;&#54;&#32;&#92;&#102;&#114;&#97;&#99;&#123;&#92;&#68;&#101;&#108;&#116;&#97;&#32;&#102;&#125;&#123;&#102;&#125;&#32;&#92;&#59;&#92;&#59;&#92;&#59;&#32;&#92;&#116;&#101;&#120;&#116;&#123;&#102;&#111;&#114;&#125;&#32;&#92;&#59;&#92;&#59;&#92;&#59;&#32;&#92;&#68;&#101;&#108;&#116;&#97;&#32;&#109;&#32;&#92;&#59;&#92;&#116;&#101;&#120;&#116;&#123;&#111;&#114;&#125;&#92;&#59;&#32;&#92;&#68;&#101;&#108;&#116;&#97;&#32;&#102;&#32;&#47;&#32;&#102;&#32;&#92;&#108;&#108;&#32;&#49;&#32;&#92;&#32;&#46;&#125; &#92;&#93;" title="Rendered by QuickLaTeX.com"/></p>
<p>This is why an uncertainty in magnitude, when small, is often an adequate approximation to the fractional uncertainty in flux.</p>
]]></content:encoded>
			<wfw:commentRss>./../../../2010/11/uncertainty-in-flux-and-magnitude/feed/index.html</wfw:commentRss>
		<slash:comments>0</slash:comments>
		</item>
		<item>
		<title>Python Utility for the UVBLUE Stellar Spectrum Library</title>
		<link>./../../../2010/10/python-utility-for-the-uvblue-stellar-spectrum-library/index.html</link>
		<comments>./../../../2010/10/python-utility-for-the-uvblue-stellar-spectrum-library/index.html#respond</comments>
		<pubDate>Fri, 22 Oct 2010 21:46:37 +0000</pubDate>
		<dc:creator><![CDATA[Taro]]></dc:creator>
				<category><![CDATA[Research]]></category>
		<category><![CDATA[astro]]></category>
		<category><![CDATA[Python]]></category>
		<category><![CDATA[research]]></category>

		<guid isPermaLink="false">http://nomo17k.wordpress.com/?p=1028</guid>
		<description><![CDATA[I have a need to use spectra from UVBLUE, but they only supply IDL programs (who needs these any more?) to deal with the data.  I want to use the spectra in Python, so I ported their program.  Download it &#8230; <a href="./../../../2010/10/python-utility-for-the-uvblue-stellar-spectrum-library/index.html">Continue reading <span class="meta-nav">&#8594;</span></a>]]></description>
				<content:encoded><![CDATA[<p>I have a need to use spectra from <a href="http://www.inaoep.mx/~modelos/uvblue/uvblue.html">UVBLUE</a>, but they only supply IDL programs (who needs these any more?) to deal with the data.  I want to use the spectra in Python, so I ported their program.  Download it from <a href="http://ap.smu.ca/~taro/software/uvblue/uvblue.py">here</a>.</p>
]]></content:encoded>
			<wfw:commentRss>./../../../2010/10/python-utility-for-the-uvblue-stellar-spectrum-library/feed/index.html</wfw:commentRss>
		<slash:comments>0</slash:comments>
		</item>
		<item>
		<title>Installing STSCI_PYTHON on Debian Squeeze</title>
		<link>./../../../2010/06/installing-stsci_python-on-debian-squeeze/index.html</link>
		<comments>./../../../2010/06/installing-stsci_python-on-debian-squeeze/index.html#respond</comments>
		<pubDate>Tue, 15 Jun 2010 02:04:22 +0000</pubDate>
		<dc:creator><![CDATA[Taro]]></dc:creator>
				<category><![CDATA[Debian]]></category>
		<category><![CDATA[Linux]]></category>
		<category><![CDATA[Research]]></category>
		<category><![CDATA[Squeeze]]></category>
		<category><![CDATA[admin]]></category>
		<category><![CDATA[astro]]></category>
		<category><![CDATA[Debian/Squeeze]]></category>
		<category><![CDATA[install procedure]]></category>
		<category><![CDATA[research]]></category>
		<category><![CDATA[software]]></category>

		<guid isPermaLink="false">http://nomo17k.wordpress.com/?p=973</guid>
		<description><![CDATA[The version I use is 2.10. First, install IRAF, tables, and stsdas following this article. $ sudo aptitude install python-tk python-numpy python-pmw python-urwid $ sudo aptitude install libreadline6-dev python-matplotlib ipython $ wget http://stsdas.stsci.edu/download/stsci_python_2.10/stsci_python_2.10.tar.gz $ tar -xvzf stsci_python_2.10.tar.gz $ cd stsci_python_2.10 &#8230; <a href="./../../../2010/06/installing-stsci_python-on-debian-squeeze/index.html">Continue reading <span class="meta-nav">&#8594;</span></a>]]></description>
				<content:encoded><![CDATA[<p>The version I use is 2.10.</p>
<p>First, install IRAF, tables, and stsdas following <a href="http://nomo17k.wordpress.com/2010/06/14/installing-iraf-on-debian-squeeze/">this article</a>.</p>
<blockquote>
<pre>$ sudo aptitude install python-tk python-numpy python-pmw python-urwid
$ sudo aptitude install libreadline6-dev python-matplotlib ipython
$ wget http://stsdas.stsci.edu/download/stsci_python_2.10/stsci_python_2.10.tar.gz
$ tar -xvzf stsci_python_2.10.tar.gz
$ cd stsci_python_2.10
$ python setup.py build
$ sudo python setup.py install --home=/usr/local/stsci_python-2.10
$ sudo ln -s /usr/local/stsci_python-2.10 /usr/local/stsci_python
$ cd stscidocs
$ su
# export PATH=/usr/local/stsci_python/bin:"$PATH"
# export PYTHONPATH=/usr/local/stsci_python/lib/python:"$PYTHONPATH"
# python setup.py install --home=/usr/local/stsci_python-2.10</pre>
</blockquote>
<p>Add the following lines to <em>~/.bash_profile</em><em></em>:</p>
<blockquote>
<pre>export PATH=/usr/local/stsci_python/bin:"$PATH"
export PYTHONPATH=/usr/local/stsci_python/lib/python:"$PYTHONPATH"

# These two lines are necessary if IRAF was not installed at /usr/local/bin
export iraf=/iraf/iraf  # where IRAF is installed
export IRAFARCH=linux</pre>
</blockquote>
<p>That&#8217;s it.</p>
<h4>Update History</h4>
<p>November 27, 2010 &#8211; Updated for version 2.10.</p>
]]></content:encoded>
			<wfw:commentRss>./../../../2010/06/installing-stsci_python-on-debian-squeeze/feed/index.html</wfw:commentRss>
		<slash:comments>0</slash:comments>
		</item>
		<item>
		<title>Installing IRAF on Debian Squeeze</title>
		<link>./../../../2010/06/installing-iraf-on-debian-squeeze/index.html</link>
		<comments>./../../../2010/06/installing-iraf-on-debian-squeeze/index.html#comments</comments>
		<pubDate>Mon, 14 Jun 2010 19:45:57 +0000</pubDate>
		<dc:creator><![CDATA[Taro]]></dc:creator>
				<category><![CDATA[Debian]]></category>
		<category><![CDATA[Linux]]></category>
		<category><![CDATA[Research]]></category>
		<category><![CDATA[Squeeze]]></category>

		<guid isPermaLink="false">http://nomo17k.wordpress.com/?p=953</guid>
		<description><![CDATA[IRAF doesn&#8217;t have a standard installation procedure using make tools, so it is no fun to install in any system.  One solution is to go for Scisoft, but I don&#8217;t necessarily want to install a whole bunch of software that &#8230; <a href="./../../../2010/06/installing-iraf-on-debian-squeeze/index.html">Continue reading <span class="meta-nav">&#8594;</span></a>]]></description>
				<content:encoded><![CDATA[<p><a href="http://iraf.noao.edu/">IRAF</a> doesn&#8217;t have a standard installation procedure using make tools, so it is no fun to install in any system.  One solution is to go for <a href="http://www.eso.org/sci/data-processing/software/scisoft/">Scisoft</a>, but I don&#8217;t necessarily want to install a whole bunch of software that I never intend to use in a small-ish SSD disk drive that I now have with Lenovo T410s.</p>
<h3>Installing IRAF</h3>
<p>The IRAF version here is 2.14.1.  A 64-bit ready IRAF might be coming soon though.</p>
<p>I&#8217;m going to install this under <em>/usr/local/iraf-2.14.1</em>, which is eventually symlinked by <em>/iraf</em>.  I now hate overwriting locally installed software.</p>
<p>First prepare my machine for IRAF installation:</p>
<blockquote>
<pre>$ sudo apt-get install csh xutils-dev ncompress
$ sudo adduser iraf
  ... add IRAF admin user to the system ...
$ sudo nano /etc/passwd
  ... change /bin/bash to /bin/csh for user iraf ...
$ sudo mkdir /usr/local/iraf-2.14.1
$ sudo ln -s /usr/local/iraf-2.14.1 /iraf
$ cd /iraf/iraf
$ sudo chown iraf .
$ sudo chgrp iraf .
$ su iraf
$ mkdir bin extern imdirs iraf irafbin x11iraf
$ mkdir irafbin/bin.linux
$ mkdir irafbin/noao.bin.linux
$ cd /iraf/iraf
$ wget http://iraf.noao.edu/iraf/ftp/iraf/v214/PCIX/as.pcix.gen.gz
$ gunzip -c as.pcix.gen.gz | tar xvf -
$ cd /iraf/irafbin/bin.linux
$ wget http://iraf.noao.edu/iraf/ftp/iraf/v214/PCIX/ib.lnux.x86.gz
$ gunzip -c ib.lnux.x86.gz | tar xvf -
$ cd /iraf/irafbin/noao.bin.linux
$ wget http://iraf.noao.edu/iraf/ftp/iraf/v214/PCIX/nb.lnux.x86.gz
$ gunzip -c nb.lnux.x86.gz | tar xvf -
$ setenv iraf /iraf/iraf
$ cd $iraf/unix/hlib
$ source irafuser.csh
$ ./install -n  # Just go thru the motion to see what will be installed and set</pre>
</blockquote>
<p>Now we are ready to make changes to the system so that IRAF can be launched.  When actually running install script, I tell it the local bin directory is at <em>/iraf/bin</em> (i.e., <em>/usr/local/iraf-2.14.1/bin</em>).  By default startup scripts (like CL) are installed under <em>/usr/local/bin</em> so that anyone on the system can use, but I now have a policy to avoid system-wide installation unless I am pretty sure that I will not be updating the software in future.  When you are ready,</p>
<blockquote>
<pre>$ su
# ./install
# exit</pre>
</blockquote>
<p>Now IRAF should be ready.</p>
<h3>Installing xgterm v2.0 Beta</h3>
<p>There are better alternatives out there but this is what still is a necessary terminal for pure IRAF.</p>
<blockquote>
<pre>$ sudo apt-get install xutils-dev byacc flex bison libxaw7-dev
$ su iraf
$ cd /iraf/x11iraf
$ wget http://iraf.noao.edu/x11iraf/x11iraf-v2.0BETA-src.tar.gz
$ gunzip -c x11* | tar xvf -</pre>
</blockquote>
<p>I need to modify a couple files to get this thing to compile properly (see <a href="http://iraf.net/phpBB2/viewtopic.php?t=86279">this thread</a>):</p>
<p>In <em>obm/ObmW/Imakefile</em>, the line containing EXTRA_DEFINES should read</p>
<blockquote>
<pre>EXTRA_DEFINES = -D_NO_PROTO -DUSE_STDARG</pre>
</blockquote>
<p>and in <em>xgterm/button.c</em>, comment out the line reading char *malloc():</p>
<blockquote>
<pre>/* extern char *malloc(); */</pre>
</blockquote>
<p>The proceed to compile and install:</p>
<blockquote>
<pre>$ cd /iraf/x11iraf
$ xmkmf
$ make World
$ su
# ./install</pre>
</blockquote>
<p>Again for the last install script, I specify <em>/iraf/bin</em> as the binary installation directory.</p>
<h3>Testing Installation</h3>
<p>Next step is to test if I can use IRAF as a regular user.  Login as myself, and do:</p>
<blockquote>
<pre>$ cd ~
$ mkdir iraf
$ cd iraf
$ mkiraf</pre>
</blockquote>
<p>(I create ~/iraf just to avoid cluttering my home directory.)  Choose <em>xgterm</em> as your terminal.</p>
<p>With this installation, I actually need to add <em>/iraf/bin</em> to the PATH environment variable to use IRAF commands on a regular shell:</p>
<blockquote>
<pre>export PATH=/iraf/bin:"$PATH"</pre>
</blockquote>
<p>Add this to <em>~/.bash_profile</em> or <em>~/.bashrc</em> so that you don&#8217;t have to do this on each login.  Or I can even invoke CL as <em>/iraf/bin/cl</em>.  Whatever I prefer.</p>
<h3>Installing STSDAS and TABLES</h3>
<p>Since these may be required for stsci_python, here is the procedure.  Note that I cannot compile them from source due to incompatibility issues with 64-bit architecture.  Assuming I already logged in as user iraf,</p>
<blockquote>
<pre>$ mkdir /iraf/extern/stsdas
$ cd /iraf/extern/stsdas
$ wget http://stsdas.stsci.edu/download/stsdas_3.11/stsdas3.11.tar.gz
$ gunzip -c stsdas* | tar xvf -
$ mkpkg linux
$ cd bin.linux
$ wget http://stsdas.stsci.edu/download/stsdas_3.11/stsdas3.11.bin.redhat.tar.gz
$ gunzip -c stsdas* | tar xvf -
$ python -m compileall -q .</pre>
</blockquote>
<p>For tables,</p>
<blockquote>
<pre>$ mkdir /iraf/extern/tables
$ cd /iraf/extern/tables
$ wget http://stsdas.stsci.edu/download/tables_3.11/tables3.11.tar.gz
$ gunzip -c tables* | tar xvf -
$ mkpkg linux
$ cd bin.linux
$ wget http://stsdas.stsci.edu/download/tables_3.11/tables3.11.bin.redhat.tar.gz
$ gunzip -c tables* | tar xvf -</pre>
</blockquote>
<p>Add entries for tables and stsdas in <em>/iraf/iraf/unix/hlib/extern.pkg</em>.  An example file looks like this:</p>
<blockquote>
<pre># External (non core-system) packages.  To install a new package, add the
# two statements to define the package root directory and package task,
# then add the package helpdb to the `helpdb' list.

reset   noao            = iraf$noao/
task    noao.pkg        = noao$noao.cl

reset   tables          = iraf$../extern/tables/
task    tables.pkg      = tables$tables.cl

reset   mscred          = iraf$../extern/mscred/
task    mscred.pkg      = mscred$mscred.cl

reset   stsdas          = iraf$../extern/stsdas/
task    stsdas.pkg      = stsdas$stsdas.cl

reset   rvsao           = iraf$../extern/rvsao/rvsao-2.5.0/
task    rvsao.pkg       = rvsao$rvsao.cl

reset   xdimsum         = iraf$../extern/xdimsum/
task    xdimsum.pkg     = xdimsum$xdimsum.cl

reset   fuzzy           = iraf$../extern/fuzzy/
task    fuzzy.pkg       = fuzzy$fuzzy.cl

reset   fitsutil        = iraf$../extern/fitsutil/
task    fitsutil.pkg    = fitsutil$fitsutil.cl

reset   gmisc           = iraf$../extern/gmisc/
task    gmisc.pkg       = gmisc$gmisc.cl

reset   gemini          = iraf$../extern/gemini/
task    gemini.pkg      = gemini$gemini.cl

reset   helpdb          = "lib$helpdb.mip\
 ,noao$lib/helpdb.mip\
 ,tables$lib/helpdb.mip\
 ,stsdas$lib/helpdb.mip\
 ,mscred$lib/helpdb.mip\
 ,rvsao$lib/helpdb.mip\
 ,fitsutil$lib/helpdb.mip\
 ,gemini$lib/helpdb.mip\
 ,xdimsum$lib/helpdb.mip\
 "</pre>
</blockquote>
<h3>References</h3>
<p><a href="https://docs.astro.columbia.edu/attachment/wiki/IRAF/iraf-64-bit_step_by_step_installation">IRAF: iraf-64-bit_step_by_step_installation &#8211; CAL Network &#8211; Trac</a></p>
<p id="line1"><a href="http://mjhutchinson.com/journal/2006/11/05/install_iraf_on_ubuntu_edgy_amd64">Installing IRAF on Ubuntu Edgy amd64 | MJHutchinson.com</a></p>
]]></content:encoded>
			<wfw:commentRss>./../../../2010/06/installing-iraf-on-debian-squeeze/feed/index.html</wfw:commentRss>
		<slash:comments>1</slash:comments>
		</item>
		<item>
		<title>Installing 64-bit CFITSIO 3.181 on Mac OS X Leopard</title>
		<link>./../../../2010/03/installing-64-bit-cfitsio-3-181-on-mac-os-x-leopard/index.html</link>
		<comments>./../../../2010/03/installing-64-bit-cfitsio-3-181-on-mac-os-x-leopard/index.html#comments</comments>
		<pubDate>Thu, 11 Mar 2010 19:12:59 +0000</pubDate>
		<dc:creator><![CDATA[Taro]]></dc:creator>
				<category><![CDATA[Leopard]]></category>
		<category><![CDATA[Mac OS X]]></category>
		<category><![CDATA[Research]]></category>

		<guid isPermaLink="false">http://nomo17k.wordpress.com/?p=640</guid>
		<description><![CDATA[It turns out that the data I&#8217;m working on now are too big for 32-bit programs to handle!! So along side Scisoft OS X which is all 32-bit, I need to install 64-bit version of CFITSIO since many programs depend &#8230; <a href="./../../../2010/03/installing-64-bit-cfitsio-3-181-on-mac-os-x-leopard/index.html">Continue reading <span class="meta-nav">&#8594;</span></a>]]></description>
				<content:encoded><![CDATA[<p>It turns out that the data I&#8217;m working on now are too big for 32-bit programs to handle!!</p>
<p>So along side Scisoft OS X which is all 32-bit, I need to install 64-bit version of <a href="http://heasarc.nasa.gov/docs/software/fitsio/fitsio.html">CFITSIO</a> since many programs depend on this library.</p>
<p>I install from the tarball (located <a href="ftp://heasarc.gsfc.nasa.gov/software/fitsio/c/cfitsio3240.tar.gz">here</a>) downloaded into a temporary directory (e.g., /usr/local/src/cfitsio).  I use version 3.181.</p>
<p>Follow this:</p>
<blockquote>
<pre>$ mkdir /usr/local/src/cfitsio  # Need right permissions of course...
$ cd /usr/local/src/cfitsio
$ wget ftp://heasarc.gsfc.nasa.gov/software/fitsio/c/cfitsio3240.tar.gz
$ gunzip -c cfits*.gz | tar xvf -
$ cd cfitsio
$ export CFLAGS="-arch i386 -arch x86_64 -g -O2"
$ ./configure
$ make
$ sudo make install</pre>
</blockquote>
<p>(Key is to use &#8220;x86_64&#8221; architecture when compiling.)</p>
<p>This actually installs library and header files under /usr/local/src/cfitsio/cfitsio/lib and /usr/local/src/cfitsio/cfitsio/include.   Read <tt>./configure --help</tt> if you wish to install them in different locations; for example, doing <tt>./configure --prefix=/usr/local</tt> in the procedure above should get the library installed on the &#8220;standard&#8221; /usr/local locations.</p>
<p>That should be it!  When building a program linking to this library, you need to specify the &#8220;lib&#8221; and &#8220;include&#8221; directory paths when configuring make for the program.</p>
]]></content:encoded>
			<wfw:commentRss>./../../../2010/03/installing-64-bit-cfitsio-3-181-on-mac-os-x-leopard/feed/index.html</wfw:commentRss>
		<slash:comments>1</slash:comments>
		</item>
		<item>
		<title>Installing HOTPANTS 5.1.10 on Mac OS X Leopard</title>
		<link>./../../../2010/03/installing-hotpants-5-1-10-on-mac-os-x-leopard/index.html</link>
		<comments>./../../../2010/03/installing-hotpants-5-1-10-on-mac-os-x-leopard/index.html#comments</comments>
		<pubDate>Wed, 10 Mar 2010 22:21:18 +0000</pubDate>
		<dc:creator><![CDATA[Taro]]></dc:creator>
				<category><![CDATA[Leopard]]></category>
		<category><![CDATA[Mac OS X]]></category>
		<category><![CDATA[Research]]></category>

		<guid isPermaLink="false">http://nomo17k.wordpress.com/?p=636</guid>
		<description><![CDATA[You must love the name, but what the software does is far from sultry; it&#8217;s a piece of geekware. Anyways, I needed to edit files when I install HOTPANTS, photometric alignment utility by Andrew Becker.  Here is my installation note &#8230; <a href="./../../../2010/03/installing-hotpants-5-1-10-on-mac-os-x-leopard/index.html">Continue reading <span class="meta-nav">&#8594;</span></a>]]></description>
				<content:encoded><![CDATA[<p>You must love the name, but what the software does is far from sultry; it&#8217;s a piece of geekware.</p>
<p>Anyways, I needed to edit files when I install <a href="http://www.astro.washington.edu/users/becker/hotpants.html">HOTPANTS</a>, photometric alignment utility by Andrew Becker.  Here is my installation note before I forget.</p>
<p>HOTPANTS requires <a href="http://heasarc.nasa.gov/docs/software/fitsio/fitsio.html">CFITSIO</a> to be already installed.  On Leopard I use <a href="http://web.mac.com/npirzkal/Scisoft/Scisoft.html">Scisoft OS X</a>, so I don&#8217;t have to install CFITSIO separately.  Otherwise you have to install CFITSIO first.</p>
<p>Download the <a href="http://www.astro.washington.edu/users/becker/software/hotpants_v5.1.10.tar.gz">tarball</a> and expand it into a temporary directory.</p>
<p>First, you need to delete (or comment out) the line which reads</p>
<blockquote>
<pre>#include&lt;malloc.h&gt;
</pre>
</blockquote>
<p>from all *.c source code files.</p>
<p>Then modify Makefile.  To link CFITSIO properly, modify CFITSIOINCDIR and LIBDIR:</p>
<blockquote>
<pre>CFITSIOINCDIR=/Applications/scisoft/i386/Packages/cfitsio/include
LIBDIR=/Applications/scisoft/i386/Packages/cfitsio/lib</pre>
</blockquote>
<p>This is fine if you have Scisoft OS X.  If you installed CFITSIO elsewhere, you have to find the paths yourself.</p>
<p>You should also remove the &#8220;-pedantic-errors&#8221; option from COPTS so that the line reads like:</p>
<blockquote>
<pre>COPTS= -funroll-loops -O3 -ansi -Wall -I$(CFITSIOINCDIR)
</pre>
</blockquote>
<p>Then run <tt>make</tt> within the same directory.</p>
<p>That&#8217;s it.  You might wish to copy the binaries <tt>hotpants</tt>, <tt>extractkern</tt>, and <tt>maskim</tt> to one of those bin directories in your PATH.</p>
<h2>Building 64-bit HOTPANTS</h2>
<p>The 64-bit version of HOTPANTS is twice as sultry, I need to try it.  The change is that you need to first <a href="http://nomo17k.wordpress.com/2010/03/11/installing-64-bit-cfitsio-3-181-on-mac-os-x-leopard/">build 64-bit version of CFITSIO</a>.</p>
<p>The procedure is basically similar to the one above, with a couple of changes:</p>
<blockquote>
<pre>CFITSIOINCDIR=/usr/local/src/cfitsio/cfitsio/include
LIBDIR=/usr/local/src/cfitsio/cfitsio/lib</pre>
</blockquote>
<p>Basically you need to point them to the locations where you installed the 64-bit CFITSIO; see the CFITSIO installation note using the link above.  Another change is in the compiler options:</p>
<blockquote>
<pre>COPTS= -m64 -funroll-loops -O3 -ansi -Wall -I$(CFITSIOINCDIR)
</pre>
</blockquote>
<p>These should be the only difference.</p>
]]></content:encoded>
			<wfw:commentRss>./../../../2010/03/installing-hotpants-5-1-10-on-mac-os-x-leopard/feed/index.html</wfw:commentRss>
		<slash:comments>1</slash:comments>
		</item>
		<item>
		<title>SExtractor</title>
		<link>./../../../2010/02/sextractor/index.html</link>
		<comments>./../../../2010/02/sextractor/index.html#respond</comments>
		<pubDate>Fri, 26 Feb 2010 21:23:13 +0000</pubDate>
		<dc:creator><![CDATA[Taro]]></dc:creator>
				<category><![CDATA[Research]]></category>

		<guid isPermaLink="false">http://nomo17k.wordpress.com/?p=613</guid>
		<description><![CDATA[Just a reminder for myself: The SExtractor convention is that the first pixel in a coordinate is indexed by one, not zero.]]></description>
				<content:encoded><![CDATA[<p>Just a reminder for myself:  The SExtractor convention is that the first pixel in a coordinate is indexed by one, not zero.</p>
]]></content:encoded>
			<wfw:commentRss>./../../../2010/02/sextractor/feed/index.html</wfw:commentRss>
		<slash:comments>0</slash:comments>
		</item>
		<item>
		<title>python-sao</title>
		<link>./../../../2010/01/python-sao/index.html</link>
		<comments>./../../../2010/01/python-sao/index.html#respond</comments>
		<pubDate>Mon, 04 Jan 2010 04:35:27 +0000</pubDate>
		<dc:creator><![CDATA[Taro]]></dc:creator>
				<category><![CDATA[Research]]></category>
		<category><![CDATA[Python]]></category>

		<guid isPermaLink="false">http://nomo17k.wordpress.com/?p=592</guid>
		<description><![CDATA[Man, pysao is extremely useful.  Controlling DS9 from Python has never been easier.  Thank you, whoever is developing the software.]]></description>
				<content:encoded><![CDATA[<p>Man, <a href="http://code.google.com/p/python-sao/">pysao</a> is extremely useful.  Controlling DS9 from Python has never been easier.  Thank you, whoever is developing the software.</p>
]]></content:encoded>
			<wfw:commentRss>./../../../2010/01/python-sao/feed/index.html</wfw:commentRss>
		<slash:comments>0</slash:comments>
		</item>
		<item>
		<title>PyRAF Tips</title>
		<link>./../../../2009/11/pyraf-tips/index.html</link>
		<comments>./../../../2009/11/pyraf-tips/index.html#respond</comments>
		<pubDate>Fri, 27 Nov 2009 20:55:06 +0000</pubDate>
		<dc:creator><![CDATA[Taro]]></dc:creator>
				<category><![CDATA[Research]]></category>
		<category><![CDATA[Python]]></category>

		<guid isPermaLink="false">http://nomo17k.wordpress.com/?p=576</guid>
		<description><![CDATA[The Standard Calling Sequence for an IRAF Task within a Python Script This is just an example of how to run an IRAF task as if it is part of a Python module using PyRAF. It ensures that the task &#8230; <a href="./../../../2009/11/pyraf-tips/index.html">Continue reading <span class="meta-nav">&#8594;</span></a>]]></description>
				<content:encoded><![CDATA[<h3>The Standard Calling Sequence for an IRAF Task within a Python Script</h3>
<p>This is just an example of how to run an IRAF task as if it is part of a Python module using PyRAF.  It ensures that the task parameters are set to their default values, and a user overrides only those parameters which need to be customized for a particular task.</p>
<blockquote><p><code>
<pre>

#!/usr/bin/env python
from pyraf import iraf
from pyraf.irafpar import IrafParList


def default_irafpar(task):
    # Return the IrafParList object for default parameters.
    return IrafParList(task.getName(), parlist=task.getDefaultParList())


def main():
    # Load IRAF packages.
    iraf.gemini(_doprint=0)
    iraf.gmos(_doprint=0)

    # Get default parameters and override some.
    yes, no = 'yes', 'no'
    plist = default_irafpar(iraf.gprepare)
    plist.setParList(inimages = 'someimage.fits',
                     rawpath = '/astro/data/',
                     fl_addmdf = yes,
                     mdfdir = '../mdf/',
                     logfile = '',
                     verbose = yes)

    # Run the task.
    iraf.gsprepare(ParList=plist)

    return


if __name__ == '__main__':
    main()



</pre>
<p></code>
</p></blockquote>
]]></content:encoded>
			<wfw:commentRss>./../../../2009/11/pyraf-tips/feed/index.html</wfw:commentRss>
		<slash:comments>0</slash:comments>
		</item>
		<item>
		<title>KCorrect: kcorrect Python Port Project</title>
		<link>./../../../2009/08/kcorrect-kcorrect-python-port-project/index.html</link>
		<comments>./../../../2009/08/kcorrect-kcorrect-python-port-project/index.html#comments</comments>
		<pubDate>Sun, 02 Aug 2009 21:01:18 +0000</pubDate>
		<dc:creator><![CDATA[Taro]]></dc:creator>
				<category><![CDATA[Research]]></category>
		<category><![CDATA[Python]]></category>

		<guid isPermaLink="false">http://nomo17k.wordpress.com/?p=539</guid>
		<description><![CDATA[By Taro Sato (taro at ap.smu.ca) NOTE: This is a page for my old side programming project, on astrophysical computing.  I just moved it here since I haven&#8217;t been tracking access and therefore I don&#8217;t know if there has been &#8230; <a href="./../../../2009/08/kcorrect-kcorrect-python-port-project/index.html">Continue reading <span class="meta-nav">&#8594;</span></a>]]></description>
				<content:encoded><![CDATA[<h3>By Taro Sato (taro at ap.smu.ca)</h3>
<p><em>NOTE: This is a page for my old side programming project, on astrophysical computing.  I just moved it here since I haven&#8217;t been tracking access and therefore I don&#8217;t know if there has been any serious interest in doing k correction on Python rather than IDL.  If anyone is seriously interested in doing k correction with Python, this whole thing can be made into an open source project for communal use (if we can obtain an approval from the original library developer).</em></p>
<p>KCorrect is an attempt to wrap some of the utilities available in<a href="http://cosmo.nyu.edu/mb144/kcorrect/"><strong> kcorrect</strong> written by Michael Blanton</a> into an easy-to-use Python package.<strong> kcorrect</strong> is a collection of C/IDL codes which implements k corrections and photometric redshifts with broad-band photometry (and much more).</p>
<h2><a href="http://ap.smu.ca/~taro/software/kcorrect/KCorrect-0.2.1.tar.gz">Download Version 0.2.1</a></h2>
<h3>Motivation</h3>
<p>With <a href="http://numpy.scipy.org/">NumPy</a> quickly maturing into the standard platform for scientific computing with Python, there should be an increasing interest in carrying out astronomical data analysis on Python in near future.  Python is a well-designed programming language offering astronomers a simple-to-use yet very powerful platform with all the advantages of a modern programming language (e.g., object orientation, exceptions, namespace) as well as the simplicity of a scripting language, not to mention it is FREE.  We (actually I&#8230;as of now) hope to contribute to the increase in the usage of Python among astrophysicists.</p>
<h3>Conditions of Use</h3>
<p>Since KCorrect is simply a Python wrapper to kcorrect (v4_1_4), users are requested to follow the conditions of use described in <a href="http://cosmo.nyu.edu/mb144/kcorrect/">kcorrect distribution website</a>.</p>
<p><span style="text-decoration:line-through;">No extra citation is necessary on the use of the Python version</span>.  I changed my mind because there are too many people who are not very sincere.  Please acknowledge the use of this Python version clearly, if you ever use a portion of this program in your published work</p>
<p>Also, please do not modify the program yourself.  If you wish to do that, please consider contributing to the project instead, rather than secretly using it to your liking and don&#8217;t even acknowledge somebody else&#8217;s effort on which you build your work.</p>
<p>Although we do attemp to ensure that users obtain similar results to the IDL version when desired, bugs are a fact of life; please report bugs and comments to Taro Sato (email address given above) if you suspect the problems occur with the Python version.</p>
<h3>General Description</h3>
<p>The general concepts of k corrections are well documented in Michael Blanton&#8217;s <a href="http://cosmo.nyu.edu/mb144/kcorrect/">kcorrect distribution website</a>; users of KCorrect are urged to learn the principles behind the software by throughly reading his documentation.  There is also an <a href="http://adsabs.harvard.edu/cgi-bin/nph-bib_query?bibcode=2002astro.ph.10394H&amp;db_key=PRE&amp;data_type=HTML&amp;format=&amp;high=40c0dc207d00856">article written by David Hogg</a> which may be of interest for users of kcorrect.</p>
<p>The KCorrect Python port project is totally a volunteer effort by those who love to code in Python, so we have not implemented all the rich functionalities already available in the IDL version of kcorrect (it is slow going without external contributions; please let me know if you can contribute a tiny bit).</p>
<h3>Currently Available Functionalities</h3>
<ul>
<li>Core implementation of k correction</li>
<li>High-level interface for some redshift surveys (so far only SDSS and DEEP)</li>
</ul>
<h3>Installing KCorrect</h3>
<p>This version of KCorrect requires the following software to be already installed on your machine:</p>
<ul>
<li>Python 2.5.2 or better (http://www.python.org/)</li>
<li>NumPy 1.3 or better (http://www.scipy.org/Download/)</li>
<li>SWIG 1.3.36 or better (http://www.swig.org/)</li>
</ul>
<p>Download the snapshot version <a href="http://ap.smu.ca/~taro/software/kcorrect/KCorrect-0.2.1.tar.gz">here</a>. README.txt included in the tarball has a detailed installation instruction.  If you already have a working installation of the IDL version of kcorrect (which is a requirement), the standard python method</p>
<pre> $ python setup.py install</pre>
<p>should simply work.</p>
<h3>Usage</h3>
<p>Here is an example IPython session:</p>
<pre>In [1]: import KCorrect as KC

In [2]: maggie = [1., 4.78, 10.96, 14.45, 19.05]

In [3]: maggie_ivar = [1100., 28., 7.7, 4.4, 2.5]

In [4]: redshift = 0.03

In [5]: filters = KC.FilterList(['sdss_u0.par','sdss_g0.par','sdss_r0.par',
   ...:                          'sdss_i0.par','sdss_z0.par'])

In [6]: kc = KC.KCorrect()

In [7]: kc.set_data(redshift, filters, maggie, maggie_ivar)

In [8]: print kc.kcorrect(band_shift=0.1)
[[-0.38402203 -0.33727303 -0.19066639 -0.15796432 -0.13370053]]</pre>
<p>The above example is to be compared to the one given at <a href="http://cosmo.nyu.edu/mb144/kcorrect/">kcorrect distribution website</a>.  What we wanted to do with the Python version is to hide the part of implementation that users really do not want to deal with (e.g., conversions to &#8220;AB maggies,&#8221; preserving the projection table or the template spectra, etc.).  A more typical usage goes like this:</p>
<pre>In [11]: redshift = [1.029, 0.9581]

In [12]: deepmag = [[23.112, 22.363, 21.690],[24.668, 23.878, 23.248]]

In [13]: kc = KC.KCorrectDEEP(cosmo=(0.3,0.7,1.0))

In [14]: kc.set_data(redshift, deepmag)

In [15]: print kc.absmag()
[[-21.2052002  -21.69138336 -21.85865593]
 [-19.35534096 -19.64371872 -19.71680069]]

In [16]: vega2ab = KC.vega2ab(kc.filter_list)

In [17]: print kc.absmag() - vega2ab
[[-21.0925668  -21.93185531 -22.3164852 ]
 [-19.24270756 -19.88419066 -20.17462996]]

In [18]: bessell = KC.FilterList(['bessell_V.par','bessell_R.par'])

In [19]: print kc.appmag(filter_list=bessell)
[[ 22.75250435  22.36059952]
 [ 24.18490219  23.83894157]]</pre>
<p>Note that the classes in KCorrect package are designed so that users need to define the minimal set of input data.  Fine tuning of parameters (e.g., assumed cosmology above) can generally be done using optinal input arguments.  We also implement some auxiliary functions such as:</p>
<pre>In [28]: KC.get_available_filters()</pre>
<p>which returns the list of all available filter file names.</p>
<h3>Documentation</h3>
<p>At this point, no fancy documentation is available besides this web page.  We strive to document the software using Python&#8217;s native docstrings.  For example, doing</p>
<pre>In [29]: help(KC.KCorrectDEEP)</pre>
<p>should give you more detailed information about KCorrectDEEP class in KCorrect package.</p>
]]></content:encoded>
			<wfw:commentRss>./../../../2009/08/kcorrect-kcorrect-python-port-project/feed/index.html</wfw:commentRss>
		<slash:comments>14</slash:comments>
		</item>
		<item>
		<title>Setting Up Astro Research Environment on Mac OS X Leopard</title>
		<link>./../../../2009/06/setting-up-astro-research-environment-on-mac-os-x-leopard/index.html</link>
		<comments>./../../../2009/06/setting-up-astro-research-environment-on-mac-os-x-leopard/index.html#comments</comments>
		<pubDate>Sat, 20 Jun 2009 01:27:56 +0000</pubDate>
		<dc:creator><![CDATA[Taro]]></dc:creator>
				<category><![CDATA[Leopard]]></category>
		<category><![CDATA[Mac OS X]]></category>
		<category><![CDATA[Research]]></category>

		<guid isPermaLink="false">http://nomo17k.wordpress.com/?p=481</guid>
		<description><![CDATA[In my new research environment I have an iMac.  My preferred solution is Linux, but I figured that sometimes learning new things is a good thing (though I have to sacrifice my efficiency which I developed over the years using &#8230; <a href="./../../../2009/06/setting-up-astro-research-environment-on-mac-os-x-leopard/index.html">Continue reading <span class="meta-nav">&#8594;</span></a>]]></description>
				<content:encoded><![CDATA[<p>In my new research environment I have an iMac.  My preferred solution is Linux, but I figured that sometimes learning new things is a good thing (though I have to sacrifice my efficiency which I developed over the years using a Debian-based Linux box).</p>
<p>There are nice existing resources, like</p>
<ul>
<li><a href="http://users.ociw.edu/jrigby/osx.html">OS X for Astronomers</a></li>
<li><a href="http://macsingularity.org/astrowiki/tiki-index.php?page=Setup+a+New+Mac+for+Astronomy">Setup a New Mac for Astronomy</a></li>
</ul>
<p>so what I leave here is a quickie for myself based on the above sites.</p>
<h2>X11</h2>
<p>X11 comes with Leopard.  Just drag the X11 icon at <em>/Applications/Utilities/X11</em> to your dock, so that clicking on it you have an X11 environment in which you can open up a shell terminal (Applications -&gt; Terminal).</p>
<h2>Xcode Tools</h2>
<p>This one includes all the necessary development applications.  Install these from the Mac OS X installation DVD.  Xcode Tools can be found under the Optional Installs directory.</p>
<h2>Fink</h2>
<p>As an apt-get afficionado, I like the way I can use the APT-based packaging system on Mac OS X.  Basically you can use the <tt>apt-get</tt> command the way you do on Debian.  Go to the <a href="http://www.finkproject.org/download/">Fink project web site</a> and download and install the software.  You can <a href="http://pdb.finkproject.org/pdb/">browse all the available packages</a> as well.  Nice.</p>
<h2>Software for Astrophysics</h2>
<p>Use <a href="http://web.mac.com/npirzkal/Scisoft">Scisoft</a> for Mac OS X to install a bunch at once.  People are lazy but that&#8217;s how innovations arise, I suppose.  The package will be installed at <em>/Applications/scisoft</em>.</p>
<h2>IRAF</h2>
<p>As of this writing, the version of IRAF is 2.14.  Applying 2.14.1 patch is actually easy by overwriting:</p>
<ol>
<li>Download IRAF binaries from ftp://iraf.noao.edu/iraf/v214/PCIX/ib.macx.x86.gz to <em>/Applications/scisoft/all/Packages/iraf/irafbin/bin.macintel</em> and just extract the archive with gzip and tar.</li>
<li>Download NOAO binaries from ftp://iraf.noao.edu/iraf/v214/PCIX/nb.macx.x86.gz to <em>/Applications/scisoft/all/Packages/iraf/irafbin/noao.bin.macintel</em> and extract the archive with gzip and tar.</li>
<li>Download the patch from ftp://iraf.noao.edu/iraf/v214/PCIX/patch1.tar.gz to <em>/Applications/scisoft/all/Packages/iraf/iraf</em> and extract the archive with gzip and tar.</li>
</ol>
<p>It is also recommended to check the versions of external packages.  If outdated, you can simply install them under <em>/Applications/scisoft/all/Packages/iraf/extern</em>.</p>
<p>If you are reusing login.cl file from a Linux installation, make sure to update your home environmental variable:</p>
<p>set home = &#8220;/Users/username&#8221;</p>
<p>(in Linux, it would be &#8220;/home/username&#8221; of course.)</p>
<p>IMPORTANT: Also, do not forget to do this:</p>
<blockquote><p>
$ cp /Applications/scisoft/all/Packages/iraf/iraf/dev/imtoolrc ~/.imtoolrc
</p></blockquote>
<p>Otherwise you may see DS9 not behaving well&#8230;</p>
<h2>DS9</h2>
<p>Download from <a href="http://hea-www.harvard.edu/RD/ds9/">here</a> and install the Leopard X11 version.</p>
<p>Others</p>
<ul>
<li><a href="http://download.openoffice.org/">OpenOffice.org</a></li>
<li><a href="http://www.gimp.org/downloads/">GIMP</a></li>
</ul>
<p>TO BE CONTINUED.  Still need to install quite a few packages via apt-get.</p>
<p>sudo apt-get install wget emacs22 gv less</p>
]]></content:encoded>
			<wfw:commentRss>./../../../2009/06/setting-up-astro-research-environment-on-mac-os-x-leopard/feed/index.html</wfw:commentRss>
		<slash:comments>1</slash:comments>
		</item>
		<item>
		<title>Astro Software in Debian Lenny</title>
		<link>./../../../2009/04/astro-software-in-debian-lenny/index.html</link>
		<comments>./../../../2009/04/astro-software-in-debian-lenny/index.html#respond</comments>
		<pubDate>Tue, 21 Apr 2009 00:44:49 +0000</pubDate>
		<dc:creator><![CDATA[Taro]]></dc:creator>
				<category><![CDATA[Debian]]></category>
		<category><![CDATA[Lenny]]></category>
		<category><![CDATA[Linux]]></category>
		<category><![CDATA[Research]]></category>

		<guid isPermaLink="false">http://nomo17k.wordpress.com/?p=335</guid>
		<description><![CDATA[Here my goal is to build a computing environment where Python is the glue of all the astro-related tools (PyRAF, stsci_python, etc.). IRAF In order to use PyRAF, IRAF needs to be installed first. Python At the very least, I &#8230; <a href="./../../../2009/04/astro-software-in-debian-lenny/index.html">Continue reading <span class="meta-nav">&#8594;</span></a>]]></description>
				<content:encoded><![CDATA[<p>Here my goal is to build a computing environment where Python is the glue of all the astro-related tools (PyRAF, stsci_python, etc.).</p>
<h2>IRAF</h2>
<p>In order to use PyRAF, <a href="http://nomo17k.wordpress.com/2009/04/17/iraf-on-debian-lenny/">IRAF needs to be installed first</a>.</p>
<h2>Python</h2>
<p>At the very least, I want the basic Python packages related to science/data analysis:</p>
<pre style="border:1px solid #ccc;padding:4px;">
# apt-get install python ipython python-doc
# apt-get install python-numpy python-scipy python-matplotlib
</pre>
<h2>PyRAF</h2>
<p>Install several Python packages:</p>
<pre style="border:1px solid #ccc;padding:4px;">
# apt-get install tk8.4-dev python-tk libf2c2-dev
# apt-get install python-dev python-pmw python-urwid
</pre>
<p>Test if the required Python modules exists by making sure that no ImportError occurs below:</p>
<pre style="border:1px solid #ccc;padding:4px;">
# python
&gt;&gt;&gt; import readline
&gt;&gt;&gt; import Tkinter
&gt;&gt;&gt; Tkinter._test()
&gt;&gt;&gt; import Pmw
&gt;&gt;&gt; import urwid
</pre>
<p>If you have an installation of previous version, check the section Cleaning An Old Installation of the <a href="http://www.stsci.edu/resources/software_hardware/pyraf/stsci_python/Installation">installation instruction at the STSci web site</a> to make sure things are clean.</p>
<p>Prepare the source directory:</p>
<pre style="border:1px solid #ccc;padding:4px;">
# mkdir /usr/local/src/python_packages/stsci_python
# cd /usr/local/src/python_packages/stsci_python
</pre>
<p>Download and extract the source:</p>
<pre style="border:1px solid #ccc;padding:4px;">
# wget http://stsdas.stsci.edu/download/stsci_python_2.7/stsci_python_2.7.tar.gz
# gunzip -c stsci_python_2.7.tar.gz | tar xvf -
# cd stsci_python_2.7/
</pre>
<p>Normally, using <tt>python setup.py install</tt> will do the job, but it probably ends in compilation error, complaining the header file <em>cfunc.h</em> not found.  In order to force the installation, modify <em>setup.py</em> in the current directory, so that at the very end of the file an additional include directory is defined:</p>
<pre style="border:1px solid #ccc;padding:4px;">
distutils.core.setup(

    # This name is used in various file names to identify this item.
    name="stsci_python",

    # This version is expected to be compared to other version numbers.
    # It will also appear in some file names.
    version="2.7",

    # Apparently, description is not used anywhere.
    description="",

    packages = all_packages,
    package_dir = all_package_dir,
    ext_modules = all_ext_modules,
    scripts = all_scripts,
    data_files = all_data_files,
    include_dirs = ['/usr/lib/python2.5/site-packages/numpy/numarray/numpy']
)
</pre>
<p>Then we can follow the normal instruction:</p>
<pre style="border:1px solid #ccc;padding:4px;">
# python setup.py install
# cd stscidocs
# python setup.py install
</pre>
<p>Before running PyRAF for the first time, clear the cache by removing directories under your &#8220;pyraf&#8221; directory, which is located in where you have your loginuser.cl for IRAF.</p>
<p>That&#8217;s it!</p>
]]></content:encoded>
			<wfw:commentRss>./../../../2009/04/astro-software-in-debian-lenny/feed/index.html</wfw:commentRss>
		<slash:comments>0</slash:comments>
		</item>
		<item>
		<title>IRAF on Debian Lenny</title>
		<link>./../../../2009/04/iraf-on-debian-lenny/index.html</link>
		<comments>./../../../2009/04/iraf-on-debian-lenny/index.html#comments</comments>
		<pubDate>Fri, 17 Apr 2009 22:54:36 +0000</pubDate>
		<dc:creator><![CDATA[Taro]]></dc:creator>
				<category><![CDATA[Debian]]></category>
		<category><![CDATA[Lenny]]></category>
		<category><![CDATA[Linux]]></category>
		<category><![CDATA[Research]]></category>

		<guid isPermaLink="false">http://nomo17k.wordpress.com/?p=341</guid>
		<description><![CDATA[Here is my installation note for IRAF (ver 2.14.1) on Debian Lenny. Basically, the installation procedure does not differ much from the one outlined in the official IRAF installation guide. First, create &#8220;iraf&#8221; user account to the system if it &#8230; <a href="./../../../2009/04/iraf-on-debian-lenny/index.html">Continue reading <span class="meta-nav">&#8594;</span></a>]]></description>
				<content:encoded><![CDATA[<p>Here is my installation note for IRAF (ver 2.14.1) on Debian Lenny.</p>
<p>Basically, the installation procedure does not differ much from the one outlined in the <a href="http://iraf.noao.edu/">official IRAF installation guide</a>.</p>
<p>First, create &#8220;iraf&#8221; user account to the system if it does not exist already.  Also, install the C shell (csh) as it appears to be the preferred shell for IRAF (people apparently don&#8217;t know when to move on).</p>
<pre style="border:1px solid #ccc;padding:4px;">$ sudo apt-get install csh ncompress
$ sudo adduser iraf</pre>
<p>After user &#8220;iraf&#8221; has been added to the system, change its home directory and the default shell by modifying <em>/etc/passwd</em> to read:</p>
<pre style="border:1px solid #ccc;padding:4px;">iraf:x:1002:1002:IRAF Admin,,,:/iraf/iraf/local:/bin/csh</pre>
<p>Note that the number 1002 may be different depending on how many users already have the accounts on the system.  Only change the last two entries delimited by colon to <em>/iraf/iraf/local</em> and <em>/bin/csh</em>.</p>
<p>We assume IRAF will be installed under <em>/usr/local/iraf</em>, and a symlink <em>/iraf</em> points to that directory:</p>
<pre style="border:1px solid #ccc;padding:4px;"># mkdir /usr/local/iraf
# chown iraf /usr/local/iraf
# chgrp iraf /usr/local/iraf
# ln -s /usr/local/iraf /iraf</pre>
<p>Login as user &#8220;iraf,&#8221; and create a bunch of directories:</p>
<pre style="border:1px solid #ccc;padding:4px;"># su iraf
% cd /usr/local/iraf
% mkdir extern imdirs iraf irafbin x11iraf
% mkdir irafbin/bin.linux
% mkdir irafbin/noao.bin.linux</pre>
<p>Install x11iraf.  You may use the pre-built binary distribution:</p>
<pre style="border:1px solid #ccc;padding:4px;">% cd /usr/local/iraf/x11iraf
% wget http://iraf.noao.edu/x11iraf/x11iraf-v2.0BETA-bin.redhat.tar.gz
% gunzip -c x11* | tar xvf -
% su
# ./install
# exit</pre>
<p>and select defaults for all the user input upon installation.  (Note that if <tt>xgterm</tt> quits on an error complaining about &#8220;ptys,&#8221; then you may need to turn on the kernel configurations CONFIG_LEGACY_PTYS and CONFIG_UNIX98_PTYS; yes, you may need to <a href="http://nomo17k.wordpress.com/2009/03/22/customizing-installing-linux-kernel-26x-on-debian-lenny/">rebuild the kernel</a>&#8230;)</p>
<p>Install the source:</p>
<pre style="border:1px solid #ccc;padding:4px;">% cd /usr/local/iraf/iraf
% wget http://iraf.noao.edu/iraf/ftp/iraf/v214/PCIX/as.pcix.gen.gz
% gunzip -c as.pcix.gen.gz | tar xvf -</pre>
<p>Install the binaries:</p>
<pre style="border:1px solid #ccc;padding:4px;">% cd ../irafbin/bin.linux
% wget http://iraf.noao.edu/iraf/ftp/iraf/v214/PCIX/ib.lnux.x86.gz
% gunzip -c ib.lnux.x86.gz | tar xvf -

% cd ../noao.bin.linux
% wget http://iraf.noao.edu/iraf/ftp/iraf/v214/PCIX/nb.lnux.x86.gz
% gunzip -c nb.lnux.x86.gz | tar xvf -
% exit</pre>
<p>Run the install script:</p>
<pre style="border:1px solid #ccc;padding:4px;"># su iraf
% cd $iraf/unix/hlib
% source irafuser.csh
% su
# ./install</pre>
<p>Follow the instruction for the most part, but the following are not necessary: IRAF networking and tapecap device.</p>
<pre style="border:1px solid #ccc;padding:4px;"># exit
% cd
% source .login
% rehash
% cl</pre>
<p>This should start ecl.</p>
<p>For exposing external packages (which must already be installed if not already) within IRAF, the text file <em>extern.pkg</em> can be reused if these packages are already installed.  Copy it from a previous installation to <em>/usr/local/iraf/iraf/unix/hlib</em>.</p>
<pre style="border:1px solid #ccc;padding:4px;">
# External (non core-system) packages.  To install a new package, add the
# two statements to define the package root directory and package task,
# then add the package helpdb to the `helpdb' list.

reset	noao		= iraf$noao/
task	noao.pkg	= noao$noao.cl

reset	tables		= /iraf/extern/tables/
task	tables.pkg	= tables$tables.cl

reset	mscred		= /iraf/extern/mscred/
task	mscred.pkg	= mscred$mscred.cl

reset	stsdas		= /iraf/extern/stsdas/
task	stsdas.pkg	= stsdas$stsdas.cl
task	apropos		= stsdas$apropos.cl

reset	rvsao		= /iraf/extern/rvsao/rvsao-2.5.0/
task	rvsao.pkg	= rvsao$rvsao.cl

reset	xdimsum		= /iraf/extern/xdimsum/
task	xdimsum.pkg	= xdimsum$xdimsum.cl

reset	fuzzy		= /iraf/extern/fuzzy/
task	$fuzzy.pkg	= fuzzy$fuzzy.cl

set	crrefer		= "/home/astro_data/stsci_data/"

reset   helpdb          = "lib$helpdb.mip\
                          ,noao$lib/helpdb.mip\
                          ,tables$lib/helpdb.mip\
                          ,stsdas$lib/helpdb.mip\
                          ,mscred$lib/helpdb.mip\
                          ,rvsao$lib/helpdb.mip\
			  ,xdimsum$lib/helpdb.mip\
                          "

keep
</pre>
<p>You can simply comment out lines with &#8220;#&#8221; if some packages are not installed.</p>
<p>The packages <tt>stsdas</tt> and <tt>tables</tt> should be installed following the <a href="http://www.stsci.edu/resources/software_hardware/stsdas/download">official instruction</a>.</p>
]]></content:encoded>
			<wfw:commentRss>./../../../2009/04/iraf-on-debian-lenny/feed/index.html</wfw:commentRss>
		<slash:comments>1</slash:comments>
		</item>
		<item>
		<title>DEEP2 Pipeline Tips</title>
		<link>./../../../2009/04/deep2-pipeline-tips/index.html</link>
		<comments>./../../../2009/04/deep2-pipeline-tips/index.html#respond</comments>
		<pubDate>Fri, 10 Apr 2009 00:03:36 +0000</pubDate>
		<dc:creator><![CDATA[Taro]]></dc:creator>
				<category><![CDATA[Research]]></category>

		<guid isPermaLink="false">http://nomo17k.wordpress.com/?p=375</guid>
		<description><![CDATA[Custom Extraction To run the DEEP2 pipeline with boxcar extraction with a specified sigma (4.0 here), do: $ echo 'boxcar_domask,nlsky=0,nsig_boxcar=4.0' &#124; idl -32 &#62; output.log Alternatively, use boxsprof_domask to use the boxsprof extraction algorithm.]]></description>
				<content:encoded><![CDATA[<h2>Custom Extraction</h2>
<p>To run the DEEP2 pipeline with boxcar extraction with a specified sigma (4.0 here), do:</p>
<pre style="border:1px solid #ccc;padding:4px;">
$ echo 'boxcar_domask,nlsky=0,nsig_boxcar=4.0' | idl -32 &gt; output.log
</pre>
<p>Alternatively, use boxsprof_domask to use the boxsprof extraction algorithm.</p>
]]></content:encoded>
			<wfw:commentRss>./../../../2009/04/deep2-pipeline-tips/feed/index.html</wfw:commentRss>
		<slash:comments>0</slash:comments>
		</item>
		<item>
		<title>IRAF Tips</title>
		<link>./../../../2009/04/iraf-tips/index.html</link>
		<comments>./../../../2009/04/iraf-tips/index.html#respond</comments>
		<pubDate>Thu, 09 Apr 2009 23:59:39 +0000</pubDate>
		<dc:creator><![CDATA[Taro]]></dc:creator>
				<category><![CDATA[Linux]]></category>
		<category><![CDATA[Research]]></category>

		<guid isPermaLink="false">http://nomo17k.wordpress.com/?p=373</guid>
		<description><![CDATA[Printing Out Help When printing out a help for an IRAF task name iraftask, you may want to save papers by multicolumn printing using a2ps. cl&#62; help iraftask &#124; type dev=text &#62; iraftask.txt cl&#62; !a2ps iraftask.txt -2 --medium=letter -o iraftask.ps &#8230; <a href="./../../../2009/04/iraf-tips/index.html">Continue reading <span class="meta-nav">&#8594;</span></a>]]></description>
				<content:encoded><![CDATA[<h2>Printing Out Help</h2>
<p>When printing out a help for an IRAF task name <tt>iraftask</tt>, you may want to save papers by multicolumn printing using <tt>a2ps</tt>.</p>
<pre style="border:1px solid #ccc;padding:4px;">cl&gt; help iraftask | type dev=text &gt; iraftask.txt
cl&gt; !a2ps iraftask.txt -2 --medium=letter -o iraftask.ps</pre>
<p>The generated .ps file should be printed out.  Note that this doesn&#8217;t appear to work well on PyRAF, in which escape sequences do not appear to be parsed.</p>
]]></content:encoded>
			<wfw:commentRss>./../../../2009/04/iraf-tips/feed/index.html</wfw:commentRss>
		<slash:comments>0</slash:comments>
		</item>
		<item>
		<title>Sawicki &#038; Thompson 2006, ApJ, 648, 299</title>
		<link>./../../../2009/03/sawicki-thompson-2006-apj-648-299/index.html</link>
		<comments>./../../../2009/03/sawicki-thompson-2006-apj-648-299/index.html#respond</comments>
		<pubDate>Sat, 28 Mar 2009 02:42:39 +0000</pubDate>
		<dc:creator><![CDATA[Taro]]></dc:creator>
				<category><![CDATA[Paper]]></category>
		<category><![CDATA[Research]]></category>

		<guid isPermaLink="false">http://nomo17k.wordpress.com/?p=314</guid>
		<description><![CDATA[Keck Deep Fields. III. Luminosity-dependent Evolution of the Ultraviolet Luminosity and Star Formation Rate Densities at z~4, 3, and 2 Glaxy UV luminosity density peaks at z = 1 ~ 3, sub-L* galaxies dominate the integrated UV luminosity UV luminosity &#8230; <a href="./../../../2009/03/sawicki-thompson-2006-apj-648-299/index.html">Continue reading <span class="meta-nav">&#8594;</span></a>]]></description>
				<content:encoded><![CDATA[<p><a href="http://adsabs.harvard.edu/abs/2006ApJ...648..299S">Keck Deep Fields. III. Luminosity-dependent Evolution of the Ultraviolet Luminosity and Star Formation Rate Densities at z~4, 3, and 2</a></p>
<ul>
<li>Glaxy UV luminosity density peaks at z = 1 ~ 3, sub-L* galaxies dominate the integrated UV luminosity</li>
<li>UV luminosity declines for z &gt; 4</li>
<li>Not enough ionizing photons for reionization?
<ul>
<li>Madau et al. (1999) criteria may be too stringent?</li>
</ul>
</li>
</ul>
<p>Check:</p>
<ul>
<li>Effective volume technique</li>
<li>Evolving faint-end slope confirmed?</li>
<li>Getting rest-frame 1700 A flux</li>
</ul>
]]></content:encoded>
			<wfw:commentRss>./../../../2009/03/sawicki-thompson-2006-apj-648-299/feed/index.html</wfw:commentRss>
		<slash:comments>0</slash:comments>
		</item>
	</channel>
</rss>
