<?xml version="1.0" encoding="UTF-8"?><rss version="2.0"
	xmlns:content="http://purl.org/rss/1.0/modules/content/"
	xmlns:dc="http://purl.org/dc/elements/1.1/"
	xmlns:atom="http://www.w3.org/2005/Atom"
	xmlns:sy="http://purl.org/rss/1.0/modules/syndication/"
	
	>
<channel>
	<title>Comments on: FFTW on Debian Squeeze (AMD64)</title>
	<atom:link href="./index.html" rel="self" type="application/rss+xml" />
	<link>./../index.html</link>
	<description>Taro Sato&#039;s Memorandum</description>
	<lastBuildDate>Mon, 07 Jan 2019 10:59:38 +0000</lastBuildDate>
	<sy:updatePeriod>hourly</sy:updatePeriod>
	<sy:updateFrequency>1</sy:updateFrequency>
	<generator>https://wordpress.org/?v=4.4.17</generator>
	<item>
		<title>By: SExtractor on Debian Squeeze (AMD64) &#124; Biboroku</title>
		<link>./../index.html#comment-133</link>
		<dc:creator><![CDATA[SExtractor on Debian Squeeze (AMD64) &#124; Biboroku]]></dc:creator>
		<pubDate>Sun, 02 Jan 2011 05:38:08 +0000</pubDate>
		<guid isPermaLink="false">http://nomo17k.wordpress.com/?p=1339#comment-133</guid>
		<description><![CDATA[[...]   Taro Sato&#039;s Memorandum    Skip to content HomeAboutAbout This BlogPresentations        &#8592; FFTW on Debian Squeeze (AMD64) Installing JWM on Debian Squeeze [...]]]></description>
		<content:encoded><![CDATA[<p>[&#8230;]   Taro Sato&#039;s Memorandum    Skip to content HomeAboutAbout This BlogPresentations        &larr; FFTW on Debian Squeeze (AMD64) Installing JWM on Debian Squeeze [&#8230;]</p>
]]></content:encoded>
	</item>
	<item>
		<title>By: SExtractor on Debian Squeeze (AMD64) &#171; Biboroku</title>
		<link>./../index.html#comment-122</link>
		<dc:creator><![CDATA[SExtractor on Debian Squeeze (AMD64) &#171; Biboroku]]></dc:creator>
		<pubDate>Tue, 30 Nov 2010 14:30:34 +0000</pubDate>
		<guid isPermaLink="false">http://nomo17k.wordpress.com/?p=1339#comment-122</guid>
		<description><![CDATA[[...] need FFTW and ATLAS installed already, and assume that FFTW was installed at /usr/local/fftw, and ATLAS at [...]]]></description>
		<content:encoded><![CDATA[<p>[&#8230;] need FFTW and ATLAS installed already, and assume that FFTW was installed at /usr/local/fftw, and ATLAS at [&#8230;]</p>
]]></content:encoded>
	</item>
</channel>
</rss>
