<?xml version="1.0" encoding="UTF-8"?><rss version="2.0"
	xmlns:content="http://purl.org/rss/1.0/modules/content/"
	xmlns:wfw="http://wellformedweb.org/CommentAPI/"
	xmlns:dc="http://purl.org/dc/elements/1.1/"
	xmlns:atom="http://www.w3.org/2005/Atom"
	xmlns:sy="http://purl.org/rss/1.0/modules/syndication/"
	xmlns:slash="http://purl.org/rss/1.0/modules/slash/"
	>

<channel>
	<title>priority queue &#8211; cs4bum</title>
	<atom:link href="./index.html" rel="self" type="application/rss+xml" />
	<link>./../../../index.html</link>
	<description>Algorithms, data structures, brain teasers, etc.</description>
	<lastBuildDate>Sat, 06 Oct 2012 06:38:03 +0000</lastBuildDate>
	<language>en-US</language>
	<sy:updatePeriod>hourly</sy:updatePeriod>
	<sy:updateFrequency>1</sy:updateFrequency>
	<generator>https://wordpress.org/?v=4.4.17</generator>
	<item>
		<title>Expedition</title>
		<link>./../../../2012/09/06/expedition/index.html</link>
		<comments>./../../../2012/09/06/expedition/index.html#respond</comments>
		<pubDate>Thu, 06 Sep 2012 08:59:43 +0000</pubDate>
		<dc:creator><![CDATA[okomestudio]]></dc:creator>
				<category><![CDATA[Uncategorized]]></category>
		<category><![CDATA[algorithm]]></category>
		<category><![CDATA[Cpp]]></category>
		<category><![CDATA[heap]]></category>
		<category><![CDATA[POJ]]></category>
		<category><![CDATA[priority queue]]></category>

		<guid isPermaLink="false">./../../../index.html?p=167</guid>
		<description><![CDATA[A group of cows grabbed a truck and ventured on an expedition deep into the jungle. Being rather poor drivers, the cows unfortunately managed to run over a rock and puncture the truck&#8217;s fuel tank. The truck now leaks one unit of fuel every unit of distance it travels. To repair the truck, the cows [&#8230;]]]></description>
				<content:encoded><![CDATA[<blockquote><p>A group of cows grabbed a truck and ventured on an expedition deep into the jungle. Being rather poor drivers, the cows unfortunately managed to run over a rock and puncture the truck&#8217;s fuel tank. The truck now leaks one unit of fuel every unit of distance it travels.</p>
<p>To repair the truck, the cows need to drive to the nearest town (no more than 1,000,000 units distant) down a long, winding road. On this road, between the town and the current location of the truck, there are N (1 <= N <= 10,000) fuel stops where the cows can stop to acquire additional fuel (1..100 units at each stop).

The jungle is a dangerous place for humans and is especially dangerous for cows. Therefore, the cows want to make the minimum possible number of stops for fuel on the way to the town. Fortunately, the capacity of the fuel tank on their truck is so large that there is effectively no limit to the amount of fuel it can hold. The truck is currently L units away from the town and has P units of fuel (1 <= P <= 1,000,000).

Determine the minimum number of stops needed to reach the town, or if the cows cannot reach the town at all. </p></blockquote>
<p>(This is <a href="http://poj.org/problem?id=2431">POJ 2431</a>.)</p>
<h3>C++</h3>
<pre class="brush: cpp; light: false; title: ; toolbar: true; notranslate">#include &lt;iostream&gt;
#include &lt;vector&gt;
#include &lt;queue&gt;
using namespace std;


int main()
{
  // total length for travel
  int L = 25;

  // remaining fuel
  int P = 10;

  // N stops for fuel
  queue&lt;int&gt; location;
  location.push(10);
  location.push(14);
  location.push(20);
  location.push(21);

  queue&lt;int&gt; stock;
  stock.push(10);
  stock.push(5);
  stock.push(2);
  stock.push(4);

  // queue for fuel stops already passed by
  priority_queue&lt;int&gt; pq;

  // distance already traveled
  int traveled = 0;

  // number of fuel stands used (answer)
  int nstands = 0;

  while (true) {
    traveled += P;
    if (traveled &gt;= L) {
      // travel finished!
      break;
    }

    // coming to this part means needing more refuel.

    // identify available gas stands within the distance traveled and
    // put them in queue.
    while (! location.empty()) {
      if (location.front() &gt; traveled) {
        // passed by no fuel stops
        break;
      }
      // passed by this fuel stop
      pq.push(stock.front());
      stock.pop();
      location.pop();
    }

    if (pq.empty()) {
      // no gas stand, so cannot finish the travel
      nstands = -1;
      break;
    }

    // recharge from the station with highest amount of fuel.
    P = pq.top();
    pq.pop();
    nstands += 1;
  }

  cout &lt;&lt; nstands &lt;&lt; endl;

  return 0;
}</pre>
]]></content:encoded>
			<wfw:commentRss>./../../../2012/09/06/expedition/feed/index.html</wfw:commentRss>
		<slash:comments>0</slash:comments>
		</item>
	</channel>
</rss>
