<?xml version="1.0" encoding="UTF-8"?><rss version="2.0"
	xmlns:content="http://purl.org/rss/1.0/modules/content/"
	xmlns:dc="http://purl.org/dc/elements/1.1/"
	xmlns:atom="http://www.w3.org/2005/Atom"
	xmlns:sy="http://purl.org/rss/1.0/modules/syndication/"
	
	>
<channel>
	<title>Comments on: PCA and Biplot using Python</title>
	<atom:link href="./index.html" rel="self" type="application/rss+xml" />
	<link>./../index.html</link>
	<description>Taro Sato&#039;s Memorandum</description>
	<lastBuildDate>Mon, 07 Jan 2019 10:59:38 +0000</lastBuildDate>
	<sy:updatePeriod>hourly</sy:updatePeriod>
	<sy:updateFrequency>1</sy:updateFrequency>
	<generator>https://wordpress.org/?v=4.4.17</generator>
	<item>
		<title>By: Taro</title>
		<link>./../index.html#comment-66916</link>
		<dc:creator><![CDATA[Taro]]></dc:creator>
		<pubDate>Fri, 25 Apr 2014 19:41:17 +0000</pubDate>
		<guid isPermaLink="false">./../../../../index.html?p=2292#comment-66916</guid>
		<description><![CDATA[Skipper Seabold -- Please go ahead. It&#039;s a great package by the way. I enjoy using it.]]></description>
		<content:encoded><![CDATA[<p>Skipper Seabold &#8212; Please go ahead. It&#8217;s a great package by the way. I enjoy using it.</p>
]]></content:encoded>
	</item>
	<item>
		<title>By: Skipper Seabold</title>
		<link>./../index.html#comment-66914</link>
		<dc:creator><![CDATA[Skipper Seabold]]></dc:creator>
		<pubDate>Fri, 25 Apr 2014 19:37:47 +0000</pubDate>
		<guid isPermaLink="false">./../../../../index.html?p=2292#comment-66914</guid>
		<description><![CDATA[Would love to add this to this PR. Any objections?

https://github.com/statsmodels/statsmodels/pull/1596]]></description>
		<content:encoded><![CDATA[<p>Would love to add this to this PR. Any objections?</p>
<p><a href="https://github.com/statsmodels/statsmodels/pull/1596" rel="nofollow">https://github.com/statsmodels/statsmodels/pull/1596</a></p>
]]></content:encoded>
	</item>
</channel>
</rss>
