<?xml version="1.0" encoding="UTF-8"?><rss version="2.0"
	xmlns:content="http://purl.org/rss/1.0/modules/content/"
	xmlns:wfw="http://wellformedweb.org/CommentAPI/"
	xmlns:dc="http://purl.org/dc/elements/1.1/"
	xmlns:atom="http://www.w3.org/2005/Atom"
	xmlns:sy="http://purl.org/rss/1.0/modules/syndication/"
	xmlns:slash="http://purl.org/rss/1.0/modules/slash/"
	>

<channel>
	<title>Humor &#8211; Biboroku</title>
	<atom:link href="./index.html" rel="self" type="application/rss+xml" />
	<link>./../../../index.html</link>
	<description>Taro Sato&#039;s Memorandum</description>
	<lastBuildDate>Fri, 20 Apr 2018 17:49:10 +0000</lastBuildDate>
	<language>en-US</language>
	<sy:updatePeriod>hourly</sy:updatePeriod>
	<sy:updateFrequency>1</sy:updateFrequency>
	<generator>https://wordpress.org/?v=4.4.17</generator>
	<item>
		<title>I Was a Great TA</title>
		<link>./../../../2009/04/i-was-a-great-ta/index.html</link>
		<comments>./../../../2009/04/i-was-a-great-ta/index.html#respond</comments>
		<pubDate>Fri, 10 Apr 2009 01:19:19 +0000</pubDate>
		<dc:creator><![CDATA[Taro]]></dc:creator>
				<category><![CDATA[Humor]]></category>

		<guid isPermaLink="false">http://nomo17k.wordpress.com/?p=400</guid>
		<description><![CDATA[and I have a letter from my student to prove it: Return-Path: Received: from web10908.mail.yahoo.com (web10908.mail.yahoo.com [216.136.131.44]) by ilpostino.physics.ucsb.edu (8.11.6/8.11.2) with SMTP id g9RIiBH25703 for ; Sun, 27 Oct 2002 10:44:11 -0800 Message-ID: Received: from [128.111.97.165] by web10908.mail.yahoo.com via HTTP; &#8230; <a href="./../../../2009/04/i-was-a-great-ta/index.html">Continue reading <span class="meta-nav">&#8594;</span></a>]]></description>
				<content:encoded><![CDATA[<p>and I have a letter from my student to prove it:</p>
<pre style="border:1px solid #ccc;padding:4px;">
Return-Path:
Received: from web10908.mail.yahoo.com (web10908.mail.yahoo.com [216.136.131.44])
	by ilpostino.physics.ucsb.edu (8.11.6/8.11.2) with SMTP id g9RIiBH25703
	for ; Sun, 27 Oct 2002 10:44:11 -0800
Message-ID:
Received: from [128.111.97.165] by web10908.mail.yahoo.com via HTTP; Sun, 27 Oct 2002 10:44:12 PST
Date: Sun, 27 Oct 2002 10:44:12 -0800 (PST)
From: mary watson
Subject: grading our first lab
To: taro@physics.ucsb.edu
MIME-Version: 1.0
Content-Type: multipart/alternative; boundary="0-157626628-1035744252=:40556"

--0-157626628-1035744252=:40556
Content-Type: text/plain; charset=us-ascii


Hello Taro Sato,

     I am a student in one of your labs. Im writing this email to let you know
that I feel you made a huge mistake grading our first lab. You never told us
how you wanted us to write the lab. Most of us were misled into thinking that
all we needed to do was answer the questions in the lab write up. This was not
our fault, and therefore, our grades should not reflect upon your mistake.
Curving our grades in the end is not nearly sufficient enough. At the very
least, you could throw that grade out or let us rewrite our first lab. You are
nothing less than a complete coward and a bastard if you decide to pass even a
shread of the responsibility for your mistake onto us.



---------------------------------
Do you Yahoo!?
Y! Web Hosting - Let the expert host your web site
</pre>
]]></content:encoded>
			<wfw:commentRss>./../../../2009/04/i-was-a-great-ta/feed/index.html</wfw:commentRss>
		<slash:comments>0</slash:comments>
		</item>
	</channel>
</rss>
