<?xml version="1.0" encoding="UTF-8"?><rss version="2.0"
	xmlns:content="http://purl.org/rss/1.0/modules/content/"
	xmlns:dc="http://purl.org/dc/elements/1.1/"
	xmlns:atom="http://www.w3.org/2005/Atom"
	xmlns:sy="http://purl.org/rss/1.0/modules/syndication/"
	
	>
<channel>
	<title>Comments on: IRAF on Debian Lenny</title>
	<atom:link href="./index.html" rel="self" type="application/rss+xml" />
	<link>./../index.html</link>
	<description>Taro Sato&#039;s Memorandum</description>
	<lastBuildDate>Mon, 07 Jan 2019 10:59:38 +0000</lastBuildDate>
	<sy:updatePeriod>hourly</sy:updatePeriod>
	<sy:updateFrequency>1</sy:updateFrequency>
	<generator>https://wordpress.org/?v=4.4.17</generator>
	<item>
		<title>By: Astro Software in Debian Lenny &#171; Biboroku</title>
		<link>./../index.html#comment-17</link>
		<dc:creator><![CDATA[Astro Software in Debian Lenny &#171; Biboroku]]></dc:creator>
		<pubDate>Tue, 21 Apr 2009 00:44:55 +0000</pubDate>
		<guid isPermaLink="false">http://nomo17k.wordpress.com/?p=341#comment-17</guid>
		<description><![CDATA[[...] In order to use PyRAF, IRAF needs to be installed first. [...]]]></description>
		<content:encoded><![CDATA[<p>[&#8230;] In order to use PyRAF, IRAF needs to be installed first. [&#8230;]</p>
]]></content:encoded>
	</item>
</channel>
</rss>
