<?xml version="1.0" encoding="UTF-8"?><rss version="2.0"
	xmlns:content="http://purl.org/rss/1.0/modules/content/"
	xmlns:wfw="http://wellformedweb.org/CommentAPI/"
	xmlns:dc="http://purl.org/dc/elements/1.1/"
	xmlns:atom="http://www.w3.org/2005/Atom"
	xmlns:sy="http://purl.org/rss/1.0/modules/syndication/"
	xmlns:slash="http://purl.org/rss/1.0/modules/slash/"
	>

<channel>
	<title>recursion &#8211; cs4bum</title>
	<atom:link href="./index.html" rel="self" type="application/rss+xml" />
	<link>./../../../index.html</link>
	<description>Algorithms, data structures, brain teasers, etc.</description>
	<lastBuildDate>Sat, 06 Oct 2012 06:38:03 +0000</lastBuildDate>
	<language>en-US</language>
	<sy:updatePeriod>hourly</sy:updatePeriod>
	<sy:updateFrequency>1</sy:updateFrequency>
	<generator>https://wordpress.org/?v=4.4.17</generator>
	<item>
		<title>Quicksort</title>
		<link>./../../../2012/09/09/quicksort/index.html</link>
		<comments>./../../../2012/09/09/quicksort/index.html#respond</comments>
		<pubDate>Sun, 09 Sep 2012 09:44:48 +0000</pubDate>
		<dc:creator><![CDATA[okomestudio]]></dc:creator>
				<category><![CDATA[Uncategorized]]></category>
		<category><![CDATA[algorithm]]></category>
		<category><![CDATA[Python]]></category>
		<category><![CDATA[quicksort]]></category>
		<category><![CDATA[recursion]]></category>
		<category><![CDATA[sort]]></category>

		<guid isPermaLink="false">./../../../index.html?p=196</guid>
		<description><![CDATA[Python]]></description>
				<content:encoded><![CDATA[<h3>Python</h3>
<pre class="brush: python; light: false; title: ; toolbar: true; notranslate">from random import randint


def quicksort(arr):
    if len(arr) &lt;= 1:
        return arr
    ipivot = len(arr) / 2
    pivot = arr[ipivot]
    less, greater = [], []
    for i in range(len(arr)):
        if i == ipivot:
            continue
        if arr[i] &lt; pivot:
            less.append(arr[i])
        else:
            greater.append(arr[i])
    return quicksort(less) + [pivot] + quicksort(greater)


def main():
    arr = [randint(0, 1000) for i in range(100)]
    arr2 = quicksort(arr)
    print arr
    print arr2
    arr.sort()
    assert arr == arr2


if __name__ == '__main__':
    main()</pre>
]]></content:encoded>
			<wfw:commentRss>./../../../2012/09/09/quicksort/feed/index.html</wfw:commentRss>
		<slash:comments>0</slash:comments>
		</item>
		<item>
		<title>Merge sort</title>
		<link>./../../../2012/09/09/merge-sort/index.html</link>
		<comments>./../../../2012/09/09/merge-sort/index.html#respond</comments>
		<pubDate>Sun, 09 Sep 2012 09:30:57 +0000</pubDate>
		<dc:creator><![CDATA[okomestudio]]></dc:creator>
				<category><![CDATA[Uncategorized]]></category>
		<category><![CDATA[algorithm]]></category>
		<category><![CDATA[Python]]></category>
		<category><![CDATA[recursion]]></category>
		<category><![CDATA[sort]]></category>

		<guid isPermaLink="false">./../../../index.html?p=194</guid>
		<description><![CDATA[Python]]></description>
				<content:encoded><![CDATA[<h3>Python</h3>
<pre class="brush: python; light: false; title: ; toolbar: true; notranslate">from random import randint


def merge(left, right):
    arr = []
    i, j = 0, 0
    while True:
        if i == len(left):
            arr.extend(right[j:])
            break
        elif j == len(right):
            arr.extend(left[i:])
            break
        if left[i] &lt; right[j]:
            arr.append(left[i])
            i += 1
        else:
            arr.append(right[j])
            j += 1
    return arr


def merge_sort(arr):
    if len(arr) &lt;= 1:
        return arr
    imid = len(arr) / 2
    left = arr[:imid]
    right = arr[imid:]
    left = merge_sort(left)
    right = merge_sort(right)
    return merge(left, right)


def main():
    arr = [randint(0, 100) for i in range(100)]
    arr2 = merge_sort(arr)
    print arr
    print arr2
    arr.sort()
    assert arr == arr2


if __name__ == '__main__':
    main()</pre>
]]></content:encoded>
			<wfw:commentRss>./../../../2012/09/09/merge-sort/feed/index.html</wfw:commentRss>
		<slash:comments>0</slash:comments>
		</item>
		<item>
		<title>The second largest element in a binary search tree</title>
		<link>./../../../2012/09/09/the-second-largest-element-in-a-binary-search-tree/index.html</link>
		<comments>./../../../2012/09/09/the-second-largest-element-in-a-binary-search-tree/index.html#respond</comments>
		<pubDate>Sun, 09 Sep 2012 08:32:01 +0000</pubDate>
		<dc:creator><![CDATA[okomestudio]]></dc:creator>
				<category><![CDATA[Uncategorized]]></category>
		<category><![CDATA[algorithm]]></category>
		<category><![CDATA[binary search tree]]></category>
		<category><![CDATA[data structure]]></category>
		<category><![CDATA[Python]]></category>
		<category><![CDATA[recursion]]></category>

		<guid isPermaLink="false">./../../../index.html?p=187</guid>
		<description><![CDATA[Find the second largest element in a binary search tree. Python]]></description>
				<content:encoded><![CDATA[<blockquote><p>Find the second largest element in a binary search tree.</p></blockquote>
<h3>Python</h3>
<pre class="brush: python; light: false; title: ; toolbar: true; notranslate">from numpy.random import randint


def insert(bst, key):
    &quot;&quot;&quot;Insert a key to BST&quot;&quot;&quot;
    if bst is None:
        return [key, None, None]
    elif key &lt; bst[0]:
        bst[1] = insert(bst[1], key)
        return bst
    else:
        bst[2] = insert(bst[2], key)
        return bst


def get_max_node(node):
    &quot;&quot;&quot;Given a node in a BST, find the node with max key.&quot;&quot;&quot;
    if node is None:
        return None
    if node[2] is None:
        return node
    return get_max_node(node[2])


def find_second_largest(node):
    if node is None:
        return None

    # if the current node is the max, the second largest is the max
    # node on the left tree.
    if node[1] is not None and node[2] is None:
        return get_max_node(node[1])

    # if the right child node is the max, the current node is the
    # second largest.
    if node[2] is not None:
        if node[2][1] is None and node[2][2] is None:
            return node

    # otherwise, move on to the right child.
    return find_second_largest(node[2])


def main():
    # random data
    xs = randint(0, 100, size=20)

    # build BST
    bst = None
    for x in xs:
        bst = insert(bst, x)
    
    sl = find_second_largest(bst)

    # check answer
    xs.sort()
    print sl[0], xs[-2]
    assert sl[0] == xs[-2]
    

if __name__ == '__main__':
    main()</pre>
]]></content:encoded>
			<wfw:commentRss>./../../../2012/09/09/the-second-largest-element-in-a-binary-search-tree/feed/index.html</wfw:commentRss>
		<slash:comments>0</slash:comments>
		</item>
		<item>
		<title>Reconstructing a binary tree from pre-order and in-order traversals</title>
		<link>./../../../2012/09/08/reconstructing-a-binary-tree/index.html</link>
		<comments>./../../../2012/09/08/reconstructing-a-binary-tree/index.html#respond</comments>
		<pubDate>Sat, 08 Sep 2012 23:09:53 +0000</pubDate>
		<dc:creator><![CDATA[okomestudio]]></dc:creator>
				<category><![CDATA[Uncategorized]]></category>
		<category><![CDATA[algorithm]]></category>
		<category><![CDATA[binary tree]]></category>
		<category><![CDATA[data structure]]></category>
		<category><![CDATA[Python]]></category>
		<category><![CDATA[recursion]]></category>

		<guid isPermaLink="false">./../../../index.html?p=178</guid>
		<description><![CDATA[Given pre-order and in-order traversal of a tree, reconstruct the binary tree. Python]]></description>
				<content:encoded><![CDATA[<blockquote><p>Given pre-order and in-order traversal of a tree, reconstruct the binary tree.</p></blockquote>
<h3>Python</h3>
<pre class="brush: python; light: false; title: ; toolbar: true; notranslate">#!/usr/bin/env python2.6
#
# Problem:
#
#   Given pre-order and in-order traversal of a tree, reconstruct the
#   binary tree.


def find_bt(preorder, inorder):
    if len(preorder) == 0 and len(inorder) == 0:
        return None

    key = preorder[0]
    bt = [key, None, None]
    
    idx = inorder.index(key)

    bt[1] = find_bt(preorder[1:1+idx], inorder[:idx])
    bt[2] = find_bt(preorder[1+idx:], inorder[idx+1:])

    return bt


def main():
    preorder = [7, 10, 4, 3, 1, 2, 8, 11]
    inorder = [4, 10, 3, 1, 7, 11, 8, 2]

    bt = find_bt(preorder, inorder)

    # binary tree in Python can be represented by a list of lists
    # [key, left, right]
    print bt


if __name__ == '__main__':
    main()</pre>
]]></content:encoded>
			<wfw:commentRss>./../../../2012/09/08/reconstructing-a-binary-tree/feed/index.html</wfw:commentRss>
		<slash:comments>0</slash:comments>
		</item>
	</channel>
</rss>
