<?xml version="1.0" encoding="UTF-8"?><rss version="2.0"
	xmlns:content="http://purl.org/rss/1.0/modules/content/"
	xmlns:dc="http://purl.org/dc/elements/1.1/"
	xmlns:atom="http://www.w3.org/2005/Atom"
	xmlns:sy="http://purl.org/rss/1.0/modules/syndication/"
	
	>
<channel>
	<title>Comments on: Installing Firefox on Debian Wheezy</title>
	<atom:link href="./index.html" rel="self" type="application/rss+xml" />
	<link>./../index.html</link>
	<description>Taro Sato&#039;s Memorandum</description>
	<lastBuildDate>Mon, 07 Jan 2019 10:59:38 +0000</lastBuildDate>
	<sy:updatePeriod>hourly</sy:updatePeriod>
	<sy:updateFrequency>1</sy:updateFrequency>
	<generator>https://wordpress.org/?v=4.4.17</generator>
	<item>
		<title>By: SkiF</title>
		<link>./../index.html#comment-30120</link>
		<dc:creator><![CDATA[SkiF]]></dc:creator>
		<pubDate>Fri, 24 May 2013 13:03:41 +0000</pubDate>
		<guid isPermaLink="false">./../../../../index.html?p=1868#comment-30120</guid>
		<description><![CDATA[Thanks! 
It&#039;s easy )

Iceweasel is bad &#062;:]]></description>
		<content:encoded><![CDATA[<p>Thanks!<br />
It&#8217;s easy )</p>
<p>Iceweasel is bad &gt;:</p>
]]></content:encoded>
	</item>
</channel>
</rss>
