<?xml version="1.0" encoding="UTF-8"?><rss version="2.0"
	xmlns:content="http://purl.org/rss/1.0/modules/content/"
	xmlns:wfw="http://wellformedweb.org/CommentAPI/"
	xmlns:dc="http://purl.org/dc/elements/1.1/"
	xmlns:atom="http://www.w3.org/2005/Atom"
	xmlns:sy="http://purl.org/rss/1.0/modules/syndication/"
	xmlns:slash="http://purl.org/rss/1.0/modules/slash/"
	>

<channel>
	<title>Euclid&#8217;s method &#8211; cs4bum</title>
	<atom:link href="./index.html" rel="self" type="application/rss+xml" />
	<link>./../../../index.html</link>
	<description>Algorithms, data structures, brain teasers, etc.</description>
	<lastBuildDate>Sat, 06 Oct 2012 06:38:03 +0000</lastBuildDate>
	<language>en-US</language>
	<sy:updatePeriod>hourly</sy:updatePeriod>
	<sy:updateFrequency>1</sy:updateFrequency>
	<generator>https://wordpress.org/?v=4.4.17</generator>
	<item>
		<title>Greatest common divisor of two non-zero integers</title>
		<link>./../../../2012/09/08/greatest-common-divisor-of-two-non-zero-integers/index.html</link>
		<comments>./../../../2012/09/08/greatest-common-divisor-of-two-non-zero-integers/index.html#respond</comments>
		<pubDate>Sun, 09 Sep 2012 04:24:56 +0000</pubDate>
		<dc:creator><![CDATA[okomestudio]]></dc:creator>
				<category><![CDATA[Uncategorized]]></category>
		<category><![CDATA[algorithm]]></category>
		<category><![CDATA[Euclid's method]]></category>
		<category><![CDATA[numerical method]]></category>
		<category><![CDATA[Python]]></category>

		<guid isPermaLink="false">./../../../index.html?p=184</guid>
		<description><![CDATA[Compute the greatest common divisor of two non-zero integers. Use Euclid&#8217;s algorithm. Python]]></description>
				<content:encoded><![CDATA[<blockquote><p>Compute the greatest common divisor of two non-zero integers.</p></blockquote>
<p>Use Euclid&#8217;s algorithm.</p>
<h3>Python</h3>
<pre class="brush: python; light: false; title: ; toolbar: true; notranslate">def gcd(a, b):
    a, b = abs(a), abs(b)
    a, b = (a, b) if a &gt; b else (b, a)
    d = a - b
    while b % d != 0:
        a = b
        b = d
        d = a - b
    return d


def main():
    n = 4
    a, b = 4*n, 7*n

    print a, b
    print gcd(a, b)


if __name__ == '__main__':
    main()</pre>
]]></content:encoded>
			<wfw:commentRss>./../../../2012/09/08/greatest-common-divisor-of-two-non-zero-integers/feed/index.html</wfw:commentRss>
		<slash:comments>0</slash:comments>
		</item>
	</channel>
</rss>
