<?xml version="1.0" encoding="UTF-8"?><rss version="2.0"
	xmlns:content="http://purl.org/rss/1.0/modules/content/"
	xmlns:dc="http://purl.org/dc/elements/1.1/"
	xmlns:atom="http://www.w3.org/2005/Atom"
	xmlns:sy="http://purl.org/rss/1.0/modules/syndication/"
	
	>
<channel>
	<title>Comments on: Suppressing Warnings in PyFITS</title>
	<atom:link href="./index.html" rel="self" type="application/rss+xml" />
	<link>./../index.html</link>
	<description>Taro Sato&#039;s Memorandum</description>
	<lastBuildDate>Mon, 07 Jan 2019 10:59:38 +0000</lastBuildDate>
	<sy:updatePeriod>hourly</sy:updatePeriod>
	<sy:updateFrequency>1</sy:updateFrequency>
	<generator>https://wordpress.org/?v=4.4.17</generator>
	<item>
		<title>By: Taro</title>
		<link>./../index.html#comment-73558</link>
		<dc:creator><![CDATA[Taro]]></dc:creator>
		<pubDate>Mon, 30 Jun 2014 07:16:47 +0000</pubDate>
		<guid isPermaLink="false">http://nomo17k.wordpress.com/?p=1457#comment-73558</guid>
		<description><![CDATA[I&#039;m not a FITS writer... with FITS, you are dealing with a 30+ years old technology, predating much of technology we use these days. It&#039;s dated as hell, but it how astronomy has developed... :)]]></description>
		<content:encoded><![CDATA[<p>I&#8217;m not a FITS writer&#8230; with FITS, you are dealing with a 30+ years old technology, predating much of technology we use these days. It&#8217;s dated as hell, but it how astronomy has developed&#8230; <img src="./../../../../wp-includes/images/smilies/simple-smile.png" alt=":)" class="wp-smiley" style="height: 1em; max-height: 1em;" /></p>
]]></content:encoded>
	</item>
	<item>
		<title>By: Knusper</title>
		<link>./../index.html#comment-73447</link>
		<dc:creator><![CDATA[Knusper]]></dc:creator>
		<pubDate>Fri, 27 Jun 2014 10:50:51 +0000</pubDate>
		<guid isPermaLink="false">http://nomo17k.wordpress.com/?p=1457#comment-73447</guid>
		<description><![CDATA[Very nice solution! Thanks - to often I have to work with crappy FITS files, where the author did not follow the standard... :-(

However, if you are a FITS writer - please always adhere to the standard!]]></description>
		<content:encoded><![CDATA[<p>Very nice solution! Thanks &#8211; to often I have to work with crappy FITS files, where the author did not follow the standard&#8230; <img src="./../../../../wp-includes/images/smilies/frownie.png" alt=":-(" class="wp-smiley" style="height: 1em; max-height: 1em;" /></p>
<p>However, if you are a FITS writer &#8211; please always adhere to the standard!</p>
]]></content:encoded>
	</item>
	<item>
		<title>By: nomo17k</title>
		<link>./../index.html#comment-129</link>
		<dc:creator><![CDATA[nomo17k]]></dc:creator>
		<pubDate>Wed, 29 Dec 2010 19:02:42 +0000</pubDate>
		<guid isPermaLink="false">http://nomo17k.wordpress.com/?p=1457#comment-129</guid>
		<description><![CDATA[DavidR. -- Might be true about other possible warnings, if it happens within the writeto method.  But for crucial messages (which might be dangerous to keep going with the execution) they should really use exceptions, not warnings.  However, the beauty of the &quot;with&quot; statement I think is that the scope of the &quot;ignore&quot; gets limited within that particular block.  So you don&#039;t have to redefine all the filters afterward to catch other warnings.  That&#039;s why the &quot;with&quot; statement can be a neat solution, I think.]]></description>
		<content:encoded><![CDATA[<p>DavidR. &#8212; Might be true about other possible warnings, if it happens within the writeto method.  But for crucial messages (which might be dangerous to keep going with the execution) they should really use exceptions, not warnings.  However, the beauty of the &#8220;with&#8221; statement I think is that the scope of the &#8220;ignore&#8221; gets limited within that particular block.  So you don&#8217;t have to redefine all the filters afterward to catch other warnings.  That&#8217;s why the &#8220;with&#8221; statement can be a neat solution, I think.</p>
]]></content:encoded>
	</item>
	<item>
		<title>By: DavidR.</title>
		<link>./../index.html#comment-128</link>
		<dc:creator><![CDATA[DavidR.]]></dc:creator>
		<pubDate>Wed, 29 Dec 2010 18:26:44 +0000</pubDate>
		<guid isPermaLink="false">http://nomo17k.wordpress.com/?p=1457#comment-128</guid>
		<description><![CDATA[This is nice, but wouldn&#039;t you catch all existing warnings with this method, and then *ingore* other possible warning due to other situations?]]></description>
		<content:encoded><![CDATA[<p>This is nice, but wouldn&#8217;t you catch all existing warnings with this method, and then *ingore* other possible warning due to other situations?</p>
]]></content:encoded>
	</item>
</channel>
</rss>
