<?xml version="1.0" encoding="UTF-8"?><rss version="2.0"
	xmlns:content="http://purl.org/rss/1.0/modules/content/"
	xmlns:dc="http://purl.org/dc/elements/1.1/"
	xmlns:atom="http://www.w3.org/2005/Atom"
	xmlns:sy="http://purl.org/rss/1.0/modules/syndication/"
	
	>
<channel>
	<title>Comments on: Installing Exim4 on Debian Squeeze</title>
	<atom:link href="./index.html" rel="self" type="application/rss+xml" />
	<link>./../index.html</link>
	<description>Taro Sato&#039;s Memorandum</description>
	<lastBuildDate>Mon, 07 Jan 2019 10:59:38 +0000</lastBuildDate>
	<sy:updatePeriod>hourly</sy:updatePeriod>
	<sy:updateFrequency>1</sy:updateFrequency>
	<generator>https://wordpress.org/?v=4.4.17</generator>
	<item>
		<title>By: Taro</title>
		<link>./../index.html#comment-282</link>
		<dc:creator><![CDATA[Taro]]></dc:creator>
		<pubDate>Sat, 19 Feb 2011 15:21:55 +0000</pubDate>
		<guid isPermaLink="false">http://nomo17k.wordpress.com/?p=1128#comment-282</guid>
		<description><![CDATA[Mich -- exim4 is an internet mailer, so it&#039;s irrelevant unless you want to use your laptop as an email server for some reason.  Few people use laptop as a server I suppose, so for you there would be no harm removing it:

&lt;code&gt;$ sudo aptitude remove exim4&lt;/code&gt;

For one I don&#039;t have it installed in my T410s right now.]]></description>
		<content:encoded><![CDATA[<p>Mich &#8212; exim4 is an internet mailer, so it&#8217;s irrelevant unless you want to use your laptop as an email server for some reason.  Few people use laptop as a server I suppose, so for you there would be no harm removing it:</p>
<p><code>$ sudo aptitude remove exim4</code></p>
<p>For one I don&#8217;t have it installed in my T410s right now.</p>
]]></content:encoded>
	</item>
	<item>
		<title>By: Mich</title>
		<link>./../index.html#comment-281</link>
		<dc:creator><![CDATA[Mich]]></dc:creator>
		<pubDate>Sat, 19 Feb 2011 08:40:37 +0000</pubDate>
		<guid isPermaLink="false">http://nomo17k.wordpress.com/?p=1128#comment-281</guid>
		<description><![CDATA[Hi, came across your blog while surfing and I happen to use a T410 with Debian Squeeze.

Install Debian using netinst and selecting only laptop as you did. Followed by minimal KDE. However, noticed that exim4 is installed (probably with laptop selection) by default.

Tried to remove exim4 and it throws me a big bag of other dependencies and so had left it there.

Appreciate if you could advise what exim4 is for (on a laptop installation) and if there is a chance of removing it. Thanks.]]></description>
		<content:encoded><![CDATA[<p>Hi, came across your blog while surfing and I happen to use a T410 with Debian Squeeze.</p>
<p>Install Debian using netinst and selecting only laptop as you did. Followed by minimal KDE. However, noticed that exim4 is installed (probably with laptop selection) by default.</p>
<p>Tried to remove exim4 and it throws me a big bag of other dependencies and so had left it there.</p>
<p>Appreciate if you could advise what exim4 is for (on a laptop installation) and if there is a chance of removing it. Thanks.</p>
]]></content:encoded>
	</item>
	<item>
		<title>By: Linux Admin Cheat Sheet &#171; Biboroku</title>
		<link>./../index.html#comment-111</link>
		<dc:creator><![CDATA[Linux Admin Cheat Sheet &#171; Biboroku]]></dc:creator>
		<pubDate>Sat, 20 Nov 2010 19:41:06 +0000</pubDate>
		<guid isPermaLink="false">http://nomo17k.wordpress.com/?p=1128#comment-111</guid>
		<description><![CDATA[[...] the mail service is set up properly, a simple message can be sent quickly on command [...]]]></description>
		<content:encoded><![CDATA[<p>[&#8230;] the mail service is set up properly, a simple message can be sent quickly on command [&#8230;]</p>
]]></content:encoded>
	</item>
</channel>
</rss>
