<?xml version="1.0" encoding="UTF-8"?><rss version="2.0"
	xmlns:content="http://purl.org/rss/1.0/modules/content/"
	xmlns:wfw="http://wellformedweb.org/CommentAPI/"
	xmlns:dc="http://purl.org/dc/elements/1.1/"
	xmlns:atom="http://www.w3.org/2005/Atom"
	xmlns:sy="http://purl.org/rss/1.0/modules/syndication/"
	xmlns:slash="http://purl.org/rss/1.0/modules/slash/"
	>

<channel>
	<title>numerical method &#8211; cs4bum</title>
	<atom:link href="./index.html" rel="self" type="application/rss+xml" />
	<link>./../../../index.html</link>
	<description>Algorithms, data structures, brain teasers, etc.</description>
	<lastBuildDate>Sat, 06 Oct 2012 06:38:03 +0000</lastBuildDate>
	<language>en-US</language>
	<sy:updatePeriod>hourly</sy:updatePeriod>
	<sy:updateFrequency>1</sy:updateFrequency>
	<generator>https://wordpress.org/?v=4.4.17</generator>
	<item>
		<title>Greatest common divisor of two non-zero integers</title>
		<link>./../../../2012/09/08/greatest-common-divisor-of-two-non-zero-integers/index.html</link>
		<comments>./../../../2012/09/08/greatest-common-divisor-of-two-non-zero-integers/index.html#respond</comments>
		<pubDate>Sun, 09 Sep 2012 04:24:56 +0000</pubDate>
		<dc:creator><![CDATA[okomestudio]]></dc:creator>
				<category><![CDATA[Uncategorized]]></category>
		<category><![CDATA[algorithm]]></category>
		<category><![CDATA[Euclid's method]]></category>
		<category><![CDATA[numerical method]]></category>
		<category><![CDATA[Python]]></category>

		<guid isPermaLink="false">./../../../index.html?p=184</guid>
		<description><![CDATA[Compute the greatest common divisor of two non-zero integers. Use Euclid&#8217;s algorithm. Python]]></description>
				<content:encoded><![CDATA[<blockquote><p>Compute the greatest common divisor of two non-zero integers.</p></blockquote>
<p>Use Euclid&#8217;s algorithm.</p>
<h3>Python</h3>
<pre class="brush: python; light: false; title: ; toolbar: true; notranslate">def gcd(a, b):
    a, b = abs(a), abs(b)
    a, b = (a, b) if a &gt; b else (b, a)
    d = a - b
    while b % d != 0:
        a = b
        b = d
        d = a - b
    return d


def main():
    n = 4
    a, b = 4*n, 7*n

    print a, b
    print gcd(a, b)


if __name__ == '__main__':
    main()</pre>
]]></content:encoded>
			<wfw:commentRss>./../../../2012/09/08/greatest-common-divisor-of-two-non-zero-integers/feed/index.html</wfw:commentRss>
		<slash:comments>0</slash:comments>
		</item>
		<item>
		<title>Computing square roots: Newton&#8217;s method</title>
		<link>./../../../2012/09/01/computing-square-roots-newtons-method/index.html</link>
		<comments>./../../../2012/09/01/computing-square-roots-newtons-method/index.html#respond</comments>
		<pubDate>Sat, 01 Sep 2012 09:44:21 +0000</pubDate>
		<dc:creator><![CDATA[okomestudio]]></dc:creator>
				<category><![CDATA[Uncategorized]]></category>
		<category><![CDATA[algorithm]]></category>
		<category><![CDATA[C]]></category>
		<category><![CDATA[Cpp]]></category>
		<category><![CDATA[Java]]></category>
		<category><![CDATA[Newton's method]]></category>
		<category><![CDATA[numerical method]]></category>
		<category><![CDATA[Python]]></category>
		<category><![CDATA[root finding]]></category>

		<guid isPermaLink="false">./../../../index.html?p=87</guid>
		<description><![CDATA[Compute the square root using Newton&#8217;s method. (The image is from the Wikipedia article for Newton&#8217;s method.) The gist of Newton&#8217;s method is to find a root of function by iteratively improving the approximation for the tangent line at one of the roots at ; see the figure animation. Take the initial guess for the [&#8230;]]]></description>
				<content:encoded><![CDATA[<blockquote><p>Compute the square root using Newton&#8217;s method.</p></blockquote>
<p><a href="./../../../wp-content/uploads/2012/09/NewtonIteration_Ani.gif"><img src="./../../../wp-content/uploads/2012/09/NewtonIteration_Ani.gif" alt="" title="NewtonIteration_Ani" width="337" height="240" class="alignnone size-full wp-image-88" /></a></p>
<p><em>(The image is from the <a href="http://en.wikipedia.org/wiki/Newton%27s_method">Wikipedia article for Newton&#8217;s method</a>.)</em></p>
<p>The gist of Newton&#8217;s method is to find a root of function <img src='http://s0.wp.com/latex.php?latex=f%28x%29&#038;bg=ffffff&#038;fg=000000&#038;s=0' alt='f(x)' title='f(x)' class='latex' /> by iteratively improving the approximation for the tangent line at one of the roots at <img src='http://s0.wp.com/latex.php?latex=f%28x%29+%3D+0&#038;bg=ffffff&#038;fg=000000&#038;s=0' alt='f(x) = 0' title='f(x) = 0' class='latex' />; see the figure animation.</p>
<p>Take the initial guess for the root to be <img src='http://s0.wp.com/latex.php?latex=x_0&#038;bg=ffffff&#038;fg=000000&#038;s=0' alt='x_0' title='x_0' class='latex' />.  The tangent to function <img src='http://s0.wp.com/latex.php?latex=f%28x%29&#038;bg=ffffff&#038;fg=000000&#038;s=0' alt='f(x)' title='f(x)' class='latex' /> evaluated at <img src='http://s0.wp.com/latex.php?latex=x_0&#038;bg=ffffff&#038;fg=000000&#038;s=0' alt='x_0' title='x_0' class='latex' /> is expressed by <img src='http://s0.wp.com/latex.php?latex=f%28x_0%29+%3D+f%5E%5Cprime%28x_0%29+x_0+%2B+b&#038;bg=ffffff&#038;fg=000000&#038;s=0' alt='f(x_0) = f^\prime(x_0) x_0 + b' title='f(x_0) = f^\prime(x_0) x_0 + b' class='latex' />, which gives the <img src='http://s0.wp.com/latex.php?latex=y&#038;bg=ffffff&#038;fg=000000&#038;s=0' alt='y' title='y' class='latex' />-intercept of <img src='http://s0.wp.com/latex.php?latex=b+%3D+f%28x_0%29+-+f%5E%5Cprime%28x_0%29+x_0&#038;bg=ffffff&#038;fg=000000&#038;s=0' alt='b = f(x_0) - f^\prime(x_0) x_0' title='b = f(x_0) - f^\prime(x_0) x_0' class='latex' />.  The tangent is therefore expressed as<br />
<img src='http://s0.wp.com/latex.php?latex=++++y+%3D+f%5E%5Cprime%28x_0%29+x+%2B+f%28x_0%29+-+f%5E%5Cprime%28x_0%29+x_0+%5C+.++&#038;bg=ffffff&#038;fg=000000&#038;s=0' alt='    y = f^\prime(x_0) x + f(x_0) - f^\prime(x_0) x_0 \ .  ' title='    y = f^\prime(x_0) x + f(x_0) - f^\prime(x_0) x_0 \ .  ' class='latex' /><br />
Now we want to find <img src='http://s0.wp.com/latex.php?latex=x_1&#038;bg=ffffff&#038;fg=000000&#038;s=0' alt='x_1' title='x_1' class='latex' /> where <img src='http://s0.wp.com/latex.php?latex=y+%3D+0&#038;bg=ffffff&#038;fg=000000&#038;s=0' alt='y = 0' title='y = 0' class='latex' /> to find a tangent closer to the target root.  Plugging in and rearranging, we get <img src='http://s0.wp.com/latex.php?latex=x_1+%3D+x_0+-+f%28x_0%29+%2F+f%5E%5Cprime%28x_0%29&#038;bg=ffffff&#038;fg=000000&#038;s=0' alt='x_1 = x_0 - f(x_0) / f^\prime(x_0)' title='x_1 = x_0 - f(x_0) / f^\prime(x_0)' class='latex' />.  Or more generally,<br />
<img src='http://s0.wp.com/latex.php?latex=%5Cdisplaystyle++++x_%7Bi+%2B+1%7D+%3D+x_i+-+%5Cfrac%7Bf%28x_i%29%7D%7Bf%5E%5Cprime%28x_i%29%7D+%5C+%2C++&#038;bg=ffffff&#038;fg=000000&#038;s=0' alt='\displaystyle    x_{i + 1} = x_i - \frac{f(x_i)}{f^\prime(x_i)} \ ,  ' title='\displaystyle    x_{i + 1} = x_i - \frac{f(x_i)}{f^\prime(x_i)} \ ,  ' class='latex' /><br />
where the iteration should be stopped when desired accuracy is reached.</p>
<h3>Python</h3>
<pre class="brush: python; light: false; title: ; toolbar: true; notranslate">def derivative(x, f, h=1e-7):
    return (f(x + h) - f(x)) / h


def root(x0, f, eps=1e-6):
    x1 = x0 - f(x0) / derivative(x0, f)
    while abs(x1 - x0) &gt; eps:
        x0 = x1
        x1 = x0 - f(x0) / derivative(x0, f)
    return x1


def f(x):
    # root of x^2 = 256
    return x * x - 256


print root(5, f)</pre>
<h3>C</h3>
<pre class="brush: cpp; light: false; title: ; toolbar: true; notranslate">#include &lt;stdio.h&gt;
#include &lt;math.h&gt;

#define EPS 1e-4
#define DELX 1e-6


double derivative(double x, double (*f)(double))
{
  return ((*f)(x + DELX) - (*f)(x)) / DELX;
}


double root(double x0, double (*f)(double))
{
  double x1 = x0;
  do {
    x0 = x1;
    x1 = x0 - (*f)(x0) / derivative(x0, f);
  }
  while (fabs(x1 - x0) &gt; EPS);
  return x1;
}


double f(double x)
{
  return x * x - 256;
}


int main()
{
  printf(&quot;%f\n&quot;, root(5, f));
  return 0;
}</pre>
<h3>C++</h3>
<pre class="brush: cpp; light: false; title: ; toolbar: true; notranslate">#include &lt;iostream&gt;
#include &lt;cmath&gt;

using namespace std;


// using a functor
struct F
{
  F(double c) : c_(c) {}
  double operator()(double x) { return x * x - c_; }
  
private:
  double c_;
};


double derivative(double x, F&amp; f, double delx=1e-6)
{
  return (f(x + delx) - f(x)) / delx;
}


double root(double x0, F&amp; f, double eps=1e-4)
{
  double x1 = x0;
  do {
    x0 = x1;
    x1 = x0 - f(x0) / derivative(x0, f);
  }
  while (abs(x1 - x0) &gt; eps);
  return x1;
}


int main()
{
  F f(256);
  cout &lt;&lt; root(5, f) &lt;&lt; endl;

  F f2(2.);
  cout &lt;&lt; root(5, f2) &lt;&lt; endl;
  return 0;
}</pre>
<h3>Java</h3>
<pre class="brush: java; light: false; title: ; toolbar: true; notranslate">// ugly, can make it a more generic.

public class newtons_method
{

  private static double eps = 1e-6;
  private static double delx = 1e-8;

  public static double root(double x0)
  {
    double x1 = x0;
    do {
      x0 = x1;
      x1 = x0 - f(x0) / fp(x0);
    }
    while (Math.abs(x1 - x0) &gt; eps);
    return x1;
  }

  public static double f(double x)
  {
    return x * x - 256;
  }

  public static double fp(double x)
  {
    return (f(x + delx) - f(x)) / delx;
  }

  public static void main(String[] args)
  {
    System.out.println(root(5));
  }
}</pre>
]]></content:encoded>
			<wfw:commentRss>./../../../2012/09/01/computing-square-roots-newtons-method/feed/index.html</wfw:commentRss>
		<slash:comments>0</slash:comments>
		</item>
		<item>
		<title>Computing square roots: Babylonian method</title>
		<link>./../../../2012/09/01/computing-square-roots-babylonian-method/index.html</link>
		<comments>./../../../2012/09/01/computing-square-roots-babylonian-method/index.html#respond</comments>
		<pubDate>Sat, 01 Sep 2012 07:42:47 +0000</pubDate>
		<dc:creator><![CDATA[okomestudio]]></dc:creator>
				<category><![CDATA[Uncategorized]]></category>
		<category><![CDATA[algorithm]]></category>
		<category><![CDATA[Babylonian method]]></category>
		<category><![CDATA[C]]></category>
		<category><![CDATA[Cpp]]></category>
		<category><![CDATA[Java]]></category>
		<category><![CDATA[numerical method]]></category>
		<category><![CDATA[Python]]></category>
		<category><![CDATA[square root]]></category>

		<guid isPermaLink="false">./../../../index.html?p=76</guid>
		<description><![CDATA[Compute the square root using the Babylonian method. The Babylonian method of estimating a square root goes like this. We want , or . Our initial estimate is most likely an overestimate of . If overestimating (r < r_0[/latex]), we have [latex] s / r_0 = r (r / r_0) < r[/latex] which means [latex]s [&#8230;]]]></description>
				<content:encoded><![CDATA[<blockquote><p>Compute the square root using the Babylonian method.</p></blockquote>
<p>The Babylonian method of estimating a square root goes like this.  We want <img src='http://s0.wp.com/latex.php?latex=r+%3D+%5Csqrt%7Bs%7D&#038;bg=ffffff&#038;fg=000000&#038;s=0' alt='r = \sqrt{s}' title='r = \sqrt{s}' class='latex' />, or <img src='http://s0.wp.com/latex.php?latex=r%5E2+%3D+s&#038;bg=ffffff&#038;fg=000000&#038;s=0' alt='r^2 = s' title='r^2 = s' class='latex' />.  Our initial estimate <img src='http://s0.wp.com/latex.php?latex=r_0&#038;bg=ffffff&#038;fg=000000&#038;s=0' alt='r_0' title='r_0' class='latex' /> is most likely an overestimate of <img src='http://s0.wp.com/latex.php?latex=r&#038;bg=ffffff&#038;fg=000000&#038;s=0' alt='r' title='r' class='latex' />.  If overestimating (<img src='http://s0.wp.com/latex.php?latex&#038;bg=ffffff&#038;fg=000000&#038;s=0' alt='' title='' class='latex' />r < r_0[/latex]), we have
[latex] s / r_0 = r (r / r_0) < r[/latex]
which means [latex]s / r_0[/latex] is an underestimate.  Then [latex]r_0[/latex] and [latex]s / r_0[/latex] should be bracketing the value [latex]r[/latex] to be estimated.  By taking the average of these, the estimate can be improved iteratively
[latex]\displaystyle
  r_i = \frac{1}{2} \left( r_{i - 1} + \frac{s}{r_{i - 1}} \right)
[/latex]
until a desired accuracy is reached.</p>
<p>This method works similarly if the initial estimate is an underestimate.</p>
<h3>Python</h3>
<pre class="brush: python; light: false; title: ; toolbar: true; notranslate">
def sqrt(x, eps=1e-6):
    r = x * 1.
    while abs(x - r * r) &gt; eps:
        r = 0.5 * (r + x / r)
    return r

print sqrt(256)
</pre>
<h3>C</h3>
<pre class="brush: cpp; light: false; title: ; toolbar: true; notranslate">#include &lt;stdio.h&gt;
#include &lt;math.h&gt;

#define EPS 1e-6

float sqrt_babylonian(float x)
{
  float r = x;
  while (fabs(r * r - x) &gt; EPS) {
    r = 0.5 * (r + x / r);
  }
  return r;
}


int main()
{
  printf(&quot;%f\n&quot;, sqrt_babylonian(256.0));
  printf(&quot;%f\n&quot;, sqrt_babylonian(0.25));
  printf(&quot;%f\n&quot;, sqrt_babylonian(1.0));
  return 0;
}</pre>
<h3>C++</h3>
<pre class="brush: cpp; light: false; title: ; toolbar: true; notranslate">#include &lt;iostream&gt;
#include &lt;cmath&gt;

using namespace std;

static const float EPS = 1e-6;


float sqrt_babylonian(float x)
{
  float r = x;
  while (abs(r * r - x) &gt; EPS) {
    r = 0.5 * (r + x / r);
  }
  return r;
}


int main()
{
  cout &lt;&lt; sqrt_babylonian(256.0) &lt;&lt; endl;
  cout &lt;&lt; sqrt_babylonian(0.25) &lt;&lt; endl;
  cout &lt;&lt; sqrt_babylonian(1.0) &lt;&lt; endl;
  return 0;
}</pre>
<h3>Java</h3>
<pre class="brush: java; light: false; title: ; toolbar: true; notranslate">public class sqrt_babylonian
{
  private static double eps = 1e-6;

  public static double sqrt(double x)
  {
    double r = x;
    while (r * r - x &gt; eps) {
      r = 0.5 * (r + x / r);
    }
    return r;
  }

  public static void main(String[] args)
  {
    System.out.println(sqrt(256));
    System.out.println(sqrt(0.25));
    System.out.println(sqrt(1));
  }
}</pre>
]]></content:encoded>
			<wfw:commentRss>./../../../2012/09/01/computing-square-roots-babylonian-method/feed/index.html</wfw:commentRss>
		<slash:comments>0</slash:comments>
		</item>
	</channel>
</rss>
