<?xml version="1.0" encoding="UTF-8"?><rss version="2.0"
	xmlns:content="http://purl.org/rss/1.0/modules/content/"
	xmlns:dc="http://purl.org/dc/elements/1.1/"
	xmlns:atom="http://www.w3.org/2005/Atom"
	xmlns:sy="http://purl.org/rss/1.0/modules/syndication/"
	
	>
<channel>
	<title>Comments on: Installing Tor on Debian Squeeze</title>
	<atom:link href="./index.html" rel="self" type="application/rss+xml" />
	<link>./../index.html</link>
	<description>Taro Sato&#039;s Memorandum</description>
	<lastBuildDate>Mon, 07 Jan 2019 10:59:38 +0000</lastBuildDate>
	<sy:updatePeriod>hourly</sy:updatePeriod>
	<sy:updateFrequency>1</sy:updateFrequency>
	<generator>https://wordpress.org/?v=4.4.17</generator>
	<item>
		<title>By: Oleg</title>
		<link>./../index.html#comment-51651</link>
		<dc:creator><![CDATA[Oleg]]></dc:creator>
		<pubDate>Wed, 22 Jan 2014 18:18:32 +0000</pubDate>
		<guid isPermaLink="false">http://nomo17k.wordpress.com/?p=841#comment-51651</guid>
		<description><![CDATA[Thx, man! Take 5!]]></description>
		<content:encoded><![CDATA[<p>Thx, man! Take 5!</p>
]]></content:encoded>
	</item>
</channel>
</rss>
