<?xml version="1.0" encoding="UTF-8"?><rss version="2.0"
	xmlns:content="http://purl.org/rss/1.0/modules/content/"
	xmlns:dc="http://purl.org/dc/elements/1.1/"
	xmlns:atom="http://www.w3.org/2005/Atom"
	xmlns:sy="http://purl.org/rss/1.0/modules/syndication/"
	
	>
<channel>
	<title>Comments on: Half-Light Radii for Various Profiles</title>
	<atom:link href="./index.html" rel="self" type="application/rss+xml" />
	<link>./../index.html</link>
	<description>Taro Sato&#039;s Memorandum</description>
	<lastBuildDate>Mon, 07 Jan 2019 10:59:38 +0000</lastBuildDate>
	<sy:updatePeriod>hourly</sy:updatePeriod>
	<sy:updateFrequency>1</sy:updateFrequency>
	<generator>https://wordpress.org/?v=4.4.17</generator>
	<item>
		<title>By: Taro</title>
		<link>./../index.html#comment-109438</link>
		<dc:creator><![CDATA[Taro]]></dc:creator>
		<pubDate>Mon, 20 Jun 2016 18:55:14 +0000</pubDate>
		<guid isPermaLink="false">./../../../../index.html?p=1646#comment-109438</guid>
		<description><![CDATA[advsci -- You&#039;d have to use the standard uncertainty propagation formula: https://en.wikipedia.org/wiki/Propagation_of_uncertainty. I don&#039;t remember off the top of my head how the computation comes out...]]></description>
		<content:encoded><![CDATA[<p>advsci &#8212; You&#8217;d have to use the standard uncertainty propagation formula: <a href="https://en.wikipedia.org/wiki/Propagation_of_uncertainty" rel="nofollow">https://en.wikipedia.org/wiki/Propagation_of_uncertainty</a>. I don&#8217;t remember off the top of my head how the computation comes out&#8230;</p>
]]></content:encoded>
	</item>
	<item>
		<title>By: advsci</title>
		<link>./../index.html#comment-108142</link>
		<dc:creator><![CDATA[advsci]]></dc:creator>
		<pubDate>Mon, 16 May 2016 18:31:49 +0000</pubDate>
		<guid isPermaLink="false">./../../../../index.html?p=1646#comment-108142</guid>
		<description><![CDATA[Hey Taro, if I fit an exponential function to a profile and get a value and standard deviation for parameter r_d, then r_h = 1.67835*r_d, but does the same formula apply to the error as well? 

So does the standard deviation become sd_h = 1.67835*sd_d?]]></description>
		<content:encoded><![CDATA[<p>Hey Taro, if I fit an exponential function to a profile and get a value and standard deviation for parameter r_d, then r_h = 1.67835*r_d, but does the same formula apply to the error as well? </p>
<p>So does the standard deviation become sd_h = 1.67835*sd_d?</p>
]]></content:encoded>
	</item>
	<item>
		<title>By: Taro</title>
		<link>./../index.html#comment-55310</link>
		<dc:creator><![CDATA[Taro]]></dc:creator>
		<pubDate>Fri, 21 Feb 2014 06:50:58 +0000</pubDate>
		<guid isPermaLink="false">./../../../../index.html?p=1646#comment-55310</guid>
		<description><![CDATA[Thanks for the reference.  I think what I meant was the limitation of fitting a fairly generic parametric model to galaxy morphology, not the estimation of the parameter itself.]]></description>
		<content:encoded><![CDATA[<p>Thanks for the reference.  I think what I meant was the limitation of fitting a fairly generic parametric model to galaxy morphology, not the estimation of the parameter itself.</p>
]]></content:encoded>
	</item>
	<item>
		<title>By: Knusper</title>
		<link>./../index.html#comment-55267</link>
		<dc:creator><![CDATA[Knusper]]></dc:creator>
		<pubDate>Wed, 19 Feb 2014 17:23:28 +0000</pubDate>
		<guid isPermaLink="false">./../../../../index.html?p=1646#comment-55267</guid>
		<description><![CDATA[Here is a reference where they derive it --- it can almost be done analytically until the last step:

http://adsabs.harvard.edu/abs/2005PASA...22..118G]]></description>
		<content:encoded><![CDATA[<p>Here is a reference where they derive it &#8212; it can almost be done analytically until the last step:</p>
<p><a href="http://adsabs.harvard.edu/abs/2005PASA" rel="nofollow">http://adsabs.harvard.edu/abs/2005PASA</a>&#8230;22..118G</p>
]]></content:encoded>
	</item>
	<item>
		<title>By: Knusper</title>
		<link>./../index.html#comment-55266</link>
		<dc:creator><![CDATA[Knusper]]></dc:creator>
		<pubDate>Wed, 19 Feb 2014 17:15:54 +0000</pubDate>
		<guid isPermaLink="false">./../../../../index.html?p=1646#comment-55266</guid>
		<description><![CDATA[Well, I think nothing is swept under the rug... You arrive at those constants by solving the integral for the Profile. At one step I guess the integral has to be evaluated numerically. So if you count numerical integration &quot;approximation&quot; ... well, than it is an approximation..]]></description>
		<content:encoded><![CDATA[<p>Well, I think nothing is swept under the rug&#8230; You arrive at those constants by solving the integral for the Profile. At one step I guess the integral has to be evaluated numerically. So if you count numerical integration &#8220;approximation&#8221; &#8230; well, than it is an approximation..</p>
]]></content:encoded>
	</item>
	<item>
		<title>By: Taro</title>
		<link>./../index.html#comment-5911</link>
		<dc:creator><![CDATA[Taro]]></dc:creator>
		<pubDate>Fri, 11 May 2012 15:08:53 +0000</pubDate>
		<guid isPermaLink="false">./../../../../index.html?p=1646#comment-5911</guid>
		<description><![CDATA[David -- Yes it must be.  It&#039;s a parametrization also used in GIM2D by Luc Simard.  It&#039;s probably just an empirical calibration to fit a wide variety of morphology, while sweeping all the (important) details under the rug.

By the way your (mini)blog is the best one by astrophysicists!!  I enjoy reading about your ambitious research endeavors.]]></description>
		<content:encoded><![CDATA[<p>David &#8212; Yes it must be.  It&#8217;s a parametrization also used in GIM2D by Luc Simard.  It&#8217;s probably just an empirical calibration to fit a wide variety of morphology, while sweeping all the (important) details under the rug.</p>
<p>By the way your (mini)blog is the best one by astrophysicists!!  I enjoy reading about your ambitious research endeavors.</p>
]]></content:encoded>
	</item>
	<item>
		<title>By: David W. Hogg</title>
		<link>./../index.html#comment-5903</link>
		<dc:creator><![CDATA[David W. Hogg]]></dc:creator>
		<pubDate>Thu, 10 May 2012 21:07:39 +0000</pubDate>
		<guid isPermaLink="false">./../../../../index.html?p=1646#comment-5903</guid>
		<description><![CDATA[Is that formula 1.992 n &#8722; 0.3271 an approximation?  It must be...]]></description>
		<content:encoded><![CDATA[<p>Is that formula 1.992 n &minus; 0.3271 an approximation?  It must be&#8230;</p>
]]></content:encoded>
	</item>
</channel>
</rss>
