<?xml version="1.0" encoding="UTF-8"?><rss version="2.0"
	xmlns:content="http://purl.org/rss/1.0/modules/content/"
	xmlns:dc="http://purl.org/dc/elements/1.1/"
	xmlns:atom="http://www.w3.org/2005/Atom"
	xmlns:sy="http://purl.org/rss/1.0/modules/syndication/"
	
	>
<channel>
	<title>Comments on: Installing MongoDB on Debian Jessie</title>
	<atom:link href="./index.html" rel="self" type="application/rss+xml" />
	<link>./../index.html</link>
	<description>Taro Sato&#039;s Memorandum</description>
	<lastBuildDate>Mon, 07 Jan 2019 10:59:38 +0000</lastBuildDate>
	<sy:updatePeriod>hourly</sy:updatePeriod>
	<sy:updateFrequency>1</sy:updateFrequency>
	<generator>https://wordpress.org/?v=4.4.17</generator>
	<item>
		<title>By: Gabo Lugo</title>
		<link>./../index.html#comment-107365</link>
		<dc:creator><![CDATA[Gabo Lugo]]></dc:creator>
		<pubDate>Fri, 22 Apr 2016 04:50:26 +0000</pubDate>
		<guid isPermaLink="false">./../../../../index.html?p=2468#comment-107365</guid>
		<description><![CDATA[Thanks a lot! Very very helpful! :)]]></description>
		<content:encoded><![CDATA[<p>Thanks a lot! Very very helpful! <img src="./../../../../wp-includes/images/smilies/simple-smile.png" alt=":)" class="wp-smiley" style="height: 1em; max-height: 1em;" /></p>
]]></content:encoded>
	</item>
	<item>
		<title>By: gagan</title>
		<link>./../index.html#comment-98038</link>
		<dc:creator><![CDATA[gagan]]></dc:creator>
		<pubDate>Sat, 08 Aug 2015 14:12:34 +0000</pubDate>
		<guid isPermaLink="false">./../../../../index.html?p=2468#comment-98038</guid>
		<description><![CDATA[Thanks a lot. Saved a lot of time after banging on stackoverflow a  lot]]></description>
		<content:encoded><![CDATA[<p>Thanks a lot. Saved a lot of time after banging on stackoverflow a  lot</p>
]]></content:encoded>
	</item>
</channel>
</rss>
