<?xml version="1.0" encoding="UTF-8"?><rss version="2.0"
	xmlns:content="http://purl.org/rss/1.0/modules/content/"
	xmlns:wfw="http://wellformedweb.org/CommentAPI/"
	xmlns:dc="http://purl.org/dc/elements/1.1/"
	xmlns:atom="http://www.w3.org/2005/Atom"
	xmlns:sy="http://purl.org/rss/1.0/modules/syndication/"
	xmlns:slash="http://purl.org/rss/1.0/modules/slash/"
	>

<channel>
	<title>Snow Leopard &#8211; Biboroku</title>
	<atom:link href="./index.html" rel="self" type="application/rss+xml" />
	<link>./../../../../index.html</link>
	<description>Taro Sato&#039;s Memorandum</description>
	<lastBuildDate>Fri, 20 Apr 2018 17:49:10 +0000</lastBuildDate>
	<language>en-US</language>
	<sy:updatePeriod>hourly</sy:updatePeriod>
	<sy:updateFrequency>1</sy:updateFrequency>
	<generator>https://wordpress.org/?v=4.4.17</generator>
	<item>
		<title>Installing Bruzual &#038; Charlot 2003 (GALAXEV) on Mac OS X Snow Leopard</title>
		<link>./../../../../2010/10/installing-bruzual-charlot-2003-galaxev-on-mac-os-x-snow-leopard/index.html</link>
		<comments>./../../../../2010/10/installing-bruzual-charlot-2003-galaxev-on-mac-os-x-snow-leopard/index.html#comments</comments>
		<pubDate>Tue, 19 Oct 2010 18:44:30 +0000</pubDate>
		<dc:creator><![CDATA[Taro]]></dc:creator>
				<category><![CDATA[Mac OS X]]></category>
		<category><![CDATA[Snow Leopard]]></category>
		<category><![CDATA[install procedure]]></category>
		<category><![CDATA[software]]></category>
		<category><![CDATA[stellar population synthesis]]></category>

		<guid isPermaLink="false">http://nomo17k.wordpress.com/?p=1022</guid>
		<description><![CDATA[You can follow the same procedure for Linux, except that csh probably is already installed at /bin/csh and gfortran needs to be installed differently (see this post).]]></description>
				<content:encoded><![CDATA[<p>You can follow the <a href="http://nomo17k.wordpress.com/2010/10/19/installing-bruzual-charlot-2003-galaxev-on-debian-squeeze/">same procedure for Linux</a>, except that csh probably is already installed at <em>/bin/csh</em> and gfortran needs to be installed differently (see <a href="http://nomo17k.wordpress.com/2010/03/22/installing-gfortran-on-mac-os-x-snow-leopard/">this post</a>).</p>
]]></content:encoded>
			<wfw:commentRss>./../../../../2010/10/installing-bruzual-charlot-2003-galaxev-on-mac-os-x-snow-leopard/feed/index.html</wfw:commentRss>
		<slash:comments>5</slash:comments>
		</item>
		<item>
		<title>python-mode.el for Emacs</title>
		<link>./../../../../2010/04/python-mode-el-for-emacs/index.html</link>
		<comments>./../../../../2010/04/python-mode-el-for-emacs/index.html#comments</comments>
		<pubDate>Thu, 29 Apr 2010 01:38:41 +0000</pubDate>
		<dc:creator><![CDATA[Taro]]></dc:creator>
				<category><![CDATA[Linux]]></category>
		<category><![CDATA[Mac OS X]]></category>
		<category><![CDATA[Snow Leopard]]></category>
		<category><![CDATA[Emacs]]></category>
		<category><![CDATA[OS X]]></category>
		<category><![CDATA[Python]]></category>
		<category><![CDATA[python-mode]]></category>

		<guid isPermaLink="false">http://nomo17k.wordpress.com/?p=847</guid>
		<description><![CDATA[On Debian, you can simply install the package &#8220;python-mode,&#8221; but this describes the manual method. For OS X (I currently use Snow Leopard), I can install the python-mode package via FinkCommander. First, download python-mode.el and place it under ~/.emacs.d (create &#8230; <a href="./../../../../2010/04/python-mode-el-for-emacs/index.html">Continue reading <span class="meta-nav">&#8594;</span></a>]]></description>
				<content:encoded><![CDATA[<p>On Debian, you can simply install the package &#8220;python-mode,&#8221; but this describes the manual method.</p>
<p>For OS X (I currently use Snow Leopard), I can install the python-mode package via FinkCommander.</p>
<p>First, <a href="http://launchpad.net/python-mode">download python-mode.el</a> and place it under <em>~/.emacs.d</em> (create this directory if it does not exist).</p>
<p>Then add the following lines to your Emacs configuration file <em>~/.emacs</em>:</p>
<blockquote><p>(load &#8220;~/.emacs.d/python-mode.el&#8221;)<br />
;;python<br />
(setq auto-mode-alist (cons &#8216;(&#8220;\\.py$&#8221; . python-mode) auto-mode-alist))<br />
(setq interpreter-mode-alist (cons &#8216;(&#8220;python&#8221; . python-mode)<br />
interpreter-mode-alist))<br />
(autoload &#8216;python-mode &#8220;python-mode&#8221; &#8220;Python editing mode.&#8221; t)</p>
<p>(global-font-lock-mode t)<br />
(font-lock-mode +1)</p></blockquote>
<p>That&#8217;s it.</p>
]]></content:encoded>
			<wfw:commentRss>./../../../../2010/04/python-mode-el-for-emacs/feed/index.html</wfw:commentRss>
		<slash:comments>1</slash:comments>
		</item>
		<item>
		<title>Turning On X Forwarding on Mac OS X Snow Leopard</title>
		<link>./../../../../2010/03/turning-on-x-forwarding-on-mac-os-x-snow-leopard/index.html</link>
		<comments>./../../../../2010/03/turning-on-x-forwarding-on-mac-os-x-snow-leopard/index.html#respond</comments>
		<pubDate>Fri, 26 Mar 2010 05:06:16 +0000</pubDate>
		<dc:creator><![CDATA[Taro]]></dc:creator>
				<category><![CDATA[Mac OS X]]></category>
		<category><![CDATA[Snow Leopard]]></category>

		<guid isPermaLink="false">http://nomo17k.wordpress.com/?p=843</guid>
		<description><![CDATA[Read this article. sed 's/#X11Forwarding\ no/X11Forwarding\ yes/' /etc/sshd_config &#62; /tmp/sshd_config sudo mv /tmp/sshd_config /etc/.]]></description>
				<content:encoded><![CDATA[<p>Read<a href="http://developer.apple.com/mac/library/qa/qa2004/qa1383.html"> this article</a>.</p>
<blockquote>
<pre>
<pre>sed 's/#X11Forwarding\ no/X11Forwarding\ yes/' /etc/sshd_config &gt; /tmp/sshd_config
sudo mv /tmp/sshd_config /etc/.
</pre>
</blockquote>
]]></content:encoded>
			<wfw:commentRss>./../../../../2010/03/turning-on-x-forwarding-on-mac-os-x-snow-leopard/feed/index.html</wfw:commentRss>
		<slash:comments>0</slash:comments>
		</item>
		<item>
		<title>Installing PSFex on Mac OS X Snow Leopard</title>
		<link>./../../../../2010/03/installing-psfex-on-mac-os-x-snow-leopard/index.html</link>
		<comments>./../../../../2010/03/installing-psfex-on-mac-os-x-snow-leopard/index.html#respond</comments>
		<pubDate>Tue, 23 Mar 2010 00:45:11 +0000</pubDate>
		<dc:creator><![CDATA[Taro]]></dc:creator>
				<category><![CDATA[Mac OS X]]></category>
		<category><![CDATA[Snow Leopard]]></category>

		<guid isPermaLink="false">http://nomo17k.wordpress.com/?p=831</guid>
		<description><![CDATA[There seems to be no stable release for PSFex yet.  So we download source from subversion. Before doing that, you need to install FFTW and ATLAS first.  (You need a single-precision library for FFTW.) Download a tarball (for trunk) from &#8230; <a href="./../../../../2010/03/installing-psfex-on-mac-os-x-snow-leopard/index.html">Continue reading <span class="meta-nav">&#8594;</span></a>]]></description>
				<content:encoded><![CDATA[<p>There seems to be no stable release for PSFex yet.  So we download source from subversion.</p>
<p>Before doing that, you need to install <a href="http://nomo17k.wordpress.com/2010/03/22/installing-psfex-on-mac-os-x-snow-leopard/">FFTW</a> and <a href="http://nomo17k.wordpress.com/2010/03/22/installing-atlas-from-source-on-mac-os-x-snow-leopard/">ATLAS</a> first.  (You need a single-precision library for FFTW.)</p>
<p>Download a tarball (for trunk) from the <a href="http://astromatic.iap.fr/wsvn/public/listing.php?repname=public+software.psfex&amp;path=&amp;">official subversion repository</a>.</p>
<blockquote>
<pre>$ mkdir /usr/local/src/psfex
$ cd /usr/local/src/psfex
... download tarball ...
$ tar xf *.tar.gz
$ cd trunk.r149
$ ./configure --with-atlas=/usr/local/atlas/lib --with-atlas-incdir=/usr/local/atlas/include \
    --with-fftw=/usr/local/lib --with-fftw-incdir=/usr/local/include --enable-threads
$ make
$ sudo make install</pre>
</blockquote>
<p>The executable <em>psfex</em> will be installed at <em>/usr/local/bin</em>.</p>
]]></content:encoded>
			<wfw:commentRss>./../../../../2010/03/installing-psfex-on-mac-os-x-snow-leopard/feed/index.html</wfw:commentRss>
		<slash:comments>0</slash:comments>
		</item>
		<item>
		<title>Installing pysao on Mac OS X Snow Leopard</title>
		<link>./../../../../2010/03/installing-pysao-on-mac-os-x-snow-leopard/index.html</link>
		<comments>./../../../../2010/03/installing-pysao-on-mac-os-x-snow-leopard/index.html#respond</comments>
		<pubDate>Fri, 19 Mar 2010 02:15:34 +0000</pubDate>
		<dc:creator><![CDATA[Taro]]></dc:creator>
				<category><![CDATA[Mac OS X]]></category>
		<category><![CDATA[Snow Leopard]]></category>

		<guid isPermaLink="false">http://nomo17k.wordpress.com/?p=728</guid>
		<description><![CDATA[The pysao (or python-sao) version used here is svn rev. 115: $ mkdir /usr/local/src/pysao $ cd /usr/local/src/pysao $ svn checkout http://python-sao.googlecode.com/svn/trunk/ python-sao $ cd python-sao $ python xpa_download.py $ tar xf xpa-2.1.12.tar.gz $ ln -s xpa-2.1.12 xpalib $ cd xpalib &#8230; <a href="./../../../../2010/03/installing-pysao-on-mac-os-x-snow-leopard/index.html">Continue reading <span class="meta-nav">&#8594;</span></a>]]></description>
				<content:encoded><![CDATA[<p>The <a href="http://code.google.com/p/python-sao/">pysao</a> (or python-sao) version used here is svn rev. 115:</p>
<blockquote>
<pre><a name="pysao">$ mkdir /usr/local/src/pysao
$ cd /usr/local/src/pysao
$ svn checkout </a><a rel="nofollow" href="http://python-sao.googlecode.com/svn/trunk/">http://python-sao.googlecode.com/svn/trunk/</a> python-sao
$ cd python-sao
$ python xpa_download.py
$ tar xf xpa-2.1.12.tar.gz
$ ln -s xpa-2.1.12 xpalib
$ cd xpalib
$ ./configure CFLAGS="-arch ppc -arch i386 -arch x86_64"
$ make
$ cd ..
$ python setup.py build
$ sudo python setup.py install</pre>
</blockquote>
<p>That&#8217;s it.</p>
]]></content:encoded>
			<wfw:commentRss>./../../../../2010/03/installing-pysao-on-mac-os-x-snow-leopard/feed/index.html</wfw:commentRss>
		<slash:comments>0</slash:comments>
		</item>
		<item>
		<title>Installing pdftk on Mac OS X Snow Leopard</title>
		<link>./../../../../2010/03/installing-pdftk-on-mac-os-x-snow-leopard/index.html</link>
		<comments>./../../../../2010/03/installing-pdftk-on-mac-os-x-snow-leopard/index.html#respond</comments>
		<pubDate>Fri, 19 Mar 2010 01:56:25 +0000</pubDate>
		<dc:creator><![CDATA[Taro]]></dc:creator>
				<category><![CDATA[Mac OS X]]></category>
		<category><![CDATA[Snow Leopard]]></category>

		<guid isPermaLink="false">http://nomo17k.wordpress.com/?p=725</guid>
		<description><![CDATA[There is a .dmg for pdftk 1.41 for OS X 10.6.2.  Thanks to fredericiana.com.  What a time saver.]]></description>
				<content:encoded><![CDATA[<p>There is a <a href="http://fredericiana.com/downloads/pdftk1.41_OSX10.6.dmg">.dmg for pdftk 1.41 for OS X 10.6.2</a>.  Thanks to <a href="http://fredericiana.com/">fredericiana.com</a>.  What a time saver.</p>
]]></content:encoded>
			<wfw:commentRss>./../../../../2010/03/installing-pdftk-on-mac-os-x-snow-leopard/feed/index.html</wfw:commentRss>
		<slash:comments>0</slash:comments>
		</item>
		<item>
		<title>Installing HOTPANTS on Mac OS X Snow Leopard</title>
		<link>./../../../../2010/03/installing-hotpants-on-mac-os-x-snow-leopard/index.html</link>
		<comments>./../../../../2010/03/installing-hotpants-on-mac-os-x-snow-leopard/index.html#comments</comments>
		<pubDate>Thu, 18 Mar 2010 18:13:12 +0000</pubDate>
		<dc:creator><![CDATA[Taro]]></dc:creator>
				<category><![CDATA[Mac OS X]]></category>
		<category><![CDATA[Snow Leopard]]></category>

		<guid isPermaLink="false">http://nomo17k.wordpress.com/?p=714</guid>
		<description><![CDATA[You can&#8217;t have enough of hot pants in your life, so you need to reinstall HOTPANTS on Snow Leopard. First of all, you need a development version of CFITSIO already installed.  See this page if you need to install it &#8230; <a href="./../../../../2010/03/installing-hotpants-on-mac-os-x-snow-leopard/index.html">Continue reading <span class="meta-nav">&#8594;</span></a>]]></description>
				<content:encoded><![CDATA[<p>You can&#8217;t have <a href="http://nomo17k.wordpress.com/2010/03/10/installing-hotpants-5-1-10-on-mac-os-x-leopard/">enough of hot pants</a> in your life, so you need to reinstall HOTPANTS on Snow Leopard.</p>
<p>First of all, you need a development version of CFITSIO already installed.  See <a href="http://nomo17k.wordpress.com/2010/03/18/installing-cfitsio-on-mac-os-x-snow-leopard/">this page</a> if you need to install it yourself.</p>
<p>The version here is 5.1.10.  Download it from <a href="http://www.astro.washington.edu/users/becker/c_software.html">Andrew Becker&#8217;s distribution web page</a>.</p>
<blockquote>
<pre>$ mkdir /usr/local/src/hotpants
$ cd /usr/local/src/hotpants
$ wget http://www.astro.washington.edu/users/becker/software/hotpants_v5.1.10.tar.gz
$ tar xf hotpants_v5.1.10.tar.gz
$ cd hotpants_v5.1.10</pre>
</blockquote>
<p>Now you need to patch the source files for OS X.  The patch that I made is here, which you need to rename it (it is a simple text file, not a real .odt file; it&#8217;s a workaround to bypass a wordpress.com limitation):</p>
<blockquote>
<pre>$ wget ./../../../../wp-content/uploads/2010/03/patch_v5-1-10.odt
$ mv patch_v5-1-10.odt patch_v5.1.10
$ patch -p1 &lt; patch_v5.1.10</pre>
</blockquote>
<p>You need to modify the paths for CFITSIOINCDIR and LIBDIR in <em>Makefile</em> depending on where your CFITSIO is located.  Then do:</p>
<blockquote>
<pre>$ make
$ sudo cp extractkern hotpants maskim /usr/local/bin
</pre>
</blockquote>
<p>The last line is only necessary if you wish to install the binaries for system-wide access.</p>
<p>That&#8217;s it!</p>
]]></content:encoded>
			<wfw:commentRss>./../../../../2010/03/installing-hotpants-on-mac-os-x-snow-leopard/feed/index.html</wfw:commentRss>
		<slash:comments>2</slash:comments>
		</item>
		<item>
		<title>Installing CFITSIO on Mac OS X Snow Leopard</title>
		<link>./../../../../2010/03/installing-cfitsio-on-mac-os-x-snow-leopard/index.html</link>
		<comments>./../../../../2010/03/installing-cfitsio-on-mac-os-x-snow-leopard/index.html#comments</comments>
		<pubDate>Thu, 18 Mar 2010 17:41:12 +0000</pubDate>
		<dc:creator><![CDATA[Taro]]></dc:creator>
				<category><![CDATA[Mac OS X]]></category>
		<category><![CDATA[Snow Leopard]]></category>

		<guid isPermaLink="false">http://nomo17k.wordpress.com/?p=711</guid>
		<description><![CDATA[It&#8217;s handy to have CFITSIO against which you may build miscellaneous packages for science computing. To have this in your system, download the tarball (here it&#8217;s version 3.24) and build as follows: $ mkdir /usr/local/src/cfitsio # Need a correct file &#8230; <a href="./../../../../2010/03/installing-cfitsio-on-mac-os-x-snow-leopard/index.html">Continue reading <span class="meta-nav">&#8594;</span></a>]]></description>
				<content:encoded><![CDATA[<p>It&#8217;s handy to have <a href="http://heasarc.gsfc.nasa.gov/docs/software/fitsio/fitsio.html">CFITSIO </a>against which you may build miscellaneous packages for science computing.</p>
<p>To have this in your system, <a href="ftp://heasarc.gsfc.nasa.gov/software/fitsio/c/cfitsio3240.tar.gz">download the tarball</a> (here it&#8217;s version 3.24) and build as follows:</p>
<blockquote>
<pre>$ mkdir /usr/local/src/cfitsio  # Need a correct file permission for this.
$ cd /usr/local/src/cfitsio
$ wget ftp://heasarc.gsfc.nasa.gov/software/fitsio/c/cfitsio3240.tar.gz
$ tar xf cfitsio3240.tar.gz
$ cd cfitsio
$ export CFLAGS="-arch i386 -arch x86_64 -g -O2"
$ ./configure
$ make</pre>
</blockquote>
<p>This should build for both i386 and x86_64 architectures, and the header and library files will be at <em>/usr/local/src/cfitsio/cfitsio/include</em> and <em>/usr/local/src/cfitsio/cfitsio/lib</em> directories just underneath the top of the source tree (which you use when building against other libraries).</p>
<p>If you also wish to install those at the standard library location, i.e., /usr/local, then do instead:</p>
<blockquote>
<pre>...
$ ./configure --prefix=/usr/local
$ make
$ sudo make install
</pre>
</blockquote>
<p>This should be it.</p>
]]></content:encoded>
			<wfw:commentRss>./../../../../2010/03/installing-cfitsio-on-mac-os-x-snow-leopard/feed/index.html</wfw:commentRss>
		<slash:comments>1</slash:comments>
		</item>
		<item>
		<title>Restoring Hidden Files with Time Machine on Mac OS X Snow Leopard</title>
		<link>./../../../../2010/03/restoring-hidden-files-with-time-machine-on-mac-os-x-snow-leopard/index.html</link>
		<comments>./../../../../2010/03/restoring-hidden-files-with-time-machine-on-mac-os-x-snow-leopard/index.html#comments</comments>
		<pubDate>Tue, 16 Mar 2010 17:22:55 +0000</pubDate>
		<dc:creator><![CDATA[Taro]]></dc:creator>
				<category><![CDATA[Mac OS X]]></category>
		<category><![CDATA[Snow Leopard]]></category>

		<guid isPermaLink="false">http://nomo17k.wordpress.com/?p=699</guid>
		<description><![CDATA[Well I had this heart-stopping moment when I did not see all the &#8220;hidden&#8221; files (on Linux those are files with names starting with a &#8220;.&#8221;) while browsing Time Machine backups. It turns out a widget called hiddenfiles can toggle &#8230; <a href="./../../../../2010/03/restoring-hidden-files-with-time-machine-on-mac-os-x-snow-leopard/index.html">Continue reading <span class="meta-nav">&#8594;</span></a>]]></description>
				<content:encoded><![CDATA[<p>Well I had this heart-stopping moment when I did not see all the &#8220;hidden&#8221; files (on Linux those are files with names starting with a &#8220;.&#8221;) while browsing Time Machine backups.</p>
<p>It turns out a widget called <a href="http://www.apple.com/downloads/dashboard/developer/hiddenfiles.html">hiddenfiles</a> can toggle the visibility of hidden files.  Install and set it (on Dashboard) to show all hidden files, you can make those files in Time Machine as well.</p>
<p>The fact that this isn&#8217;t a built-in feature is beyond my comprehension&#8230;  Apparently Apple is contributing to the increased incidence of cardiac arrests.</p>
]]></content:encoded>
			<wfw:commentRss>./../../../../2010/03/restoring-hidden-files-with-time-machine-on-mac-os-x-snow-leopard/feed/index.html</wfw:commentRss>
		<slash:comments>2</slash:comments>
		</item>
		<item>
		<title>Using Logitech MX Revolution on Mac OS X Snow Leopard</title>
		<link>./../../../../2010/03/using-logitech-mx-revolution-on-mac-os-x-snow-leopard/index.html</link>
		<comments>./../../../../2010/03/using-logitech-mx-revolution-on-mac-os-x-snow-leopard/index.html#respond</comments>
		<pubDate>Tue, 16 Mar 2010 16:43:02 +0000</pubDate>
		<dc:creator><![CDATA[Taro]]></dc:creator>
				<category><![CDATA[Mac OS X]]></category>
		<category><![CDATA[Snow Leopard]]></category>

		<guid isPermaLink="false">http://nomo17k.wordpress.com/?p=696</guid>
		<description><![CDATA[Yup.  Given I need the power of 64-bit computing, I upgraded my Leopard box to Snow Leopard.  So far, so good. For using Logitech MX Revolution on Snow Leopard, just download and install Logitech Control Center for OS X.  Works &#8230; <a href="./../../../../2010/03/using-logitech-mx-revolution-on-mac-os-x-snow-leopard/index.html">Continue reading <span class="meta-nav">&#8594;</span></a>]]></description>
				<content:encoded><![CDATA[<p>Yup.  Given I need the power of 64-bit computing, I upgraded my Leopard box to Snow Leopard.  So far, so good.</p>
<p>For using Logitech MX Revolution on Snow Leopard, just download and install <a href="http://www.logitech.com/index.cfm/494/3129&amp;cl=us,en">Logitech Control Center for OS X</a>.  Works flawlessly and it&#8217;s even fully 64-bit.</p>
]]></content:encoded>
			<wfw:commentRss>./../../../../2010/03/using-logitech-mx-revolution-on-mac-os-x-snow-leopard/feed/index.html</wfw:commentRss>
		<slash:comments>0</slash:comments>
		</item>
	</channel>
</rss>
