<?xml version="1.0" encoding="UTF-8"?><rss version="2.0"
	xmlns:content="http://purl.org/rss/1.0/modules/content/"
	xmlns:dc="http://purl.org/dc/elements/1.1/"
	xmlns:atom="http://www.w3.org/2005/Atom"
	xmlns:sy="http://purl.org/rss/1.0/modules/syndication/"
	
	>
<channel>
	<title>Comments on: Sharing an X Session between a Regular User &#038; Root</title>
	<atom:link href="./index.html" rel="self" type="application/rss+xml" />
	<link>./../index.html</link>
	<description>Taro Sato&#039;s Memorandum</description>
	<lastBuildDate>Mon, 07 Jan 2019 10:59:38 +0000</lastBuildDate>
	<sy:updatePeriod>hourly</sy:updatePeriod>
	<sy:updateFrequency>1</sy:updateFrequency>
	<generator>https://wordpress.org/?v=4.4.17</generator>
	<item>
		<title>By: Customizing &#38; Installing Linux Kernel 2.6.x on Debian Lenny &#171; Biboroku</title>
		<link>./../index.html#comment-5</link>
		<dc:creator><![CDATA[Customizing &#38; Installing Linux Kernel 2.6.x on Debian Lenny &#171; Biboroku]]></dc:creator>
		<pubDate>Sun, 22 Mar 2009 07:34:34 +0000</pubDate>
		<guid isPermaLink="false">http://nomo17k.wordpress.com/?p=123#comment-5</guid>
		<description><![CDATA[[...] to add .20090322.1 to the version number, for example. Use xconfig to customize the kernel options. Note that the superuser must be able to use the current X session to use xconfig; see the BASH script usex helps to do it. [...]]]></description>
		<content:encoded><![CDATA[<p>[&#8230;] to add .20090322.1 to the version number, for example. Use xconfig to customize the kernel options. Note that the superuser must be able to use the current X session to use xconfig; see the BASH script usex helps to do it. [&#8230;]</p>
]]></content:encoded>
	</item>
</channel>
</rss>
