<?xml version="1.0" encoding="UTF-8"?><rss version="2.0"
	xmlns:content="http://purl.org/rss/1.0/modules/content/"
	xmlns:dc="http://purl.org/dc/elements/1.1/"
	xmlns:atom="http://www.w3.org/2005/Atom"
	xmlns:sy="http://purl.org/rss/1.0/modules/syndication/"
	
	>
<channel>
	<title>Comments on: Brand Positioning by Correspondence Analysis</title>
	<atom:link href="./index.html" rel="self" type="application/rss+xml" />
	<link>./../index.html</link>
	<description>Taro Sato&#039;s Memorandum</description>
	<lastBuildDate>Mon, 07 Jan 2019 10:59:38 +0000</lastBuildDate>
	<sy:updatePeriod>hourly</sy:updatePeriod>
	<sy:updateFrequency>1</sy:updateFrequency>
	<generator>https://wordpress.org/?v=4.4.17</generator>
	<item>
		<title>By: Yogesh</title>
		<link>./../index.html#comment-91637</link>
		<dc:creator><![CDATA[Yogesh]]></dc:creator>
		<pubDate>Thu, 12 Mar 2015 19:01:42 +0000</pubDate>
		<guid isPermaLink="false">./../../../../index.html?p=2357#comment-91637</guid>
		<description><![CDATA[Thanks Taro. I don&#039;t have any intention to copy the blog post. Not even the full class, only a few steps of it. Just thought it&#039;s always better to ask. Thanks!]]></description>
		<content:encoded><![CDATA[<p>Thanks Taro. I don&#8217;t have any intention to copy the blog post. Not even the full class, only a few steps of it. Just thought it&#8217;s always better to ask. Thanks!</p>
]]></content:encoded>
	</item>
	<item>
		<title>By: Taro</title>
		<link>./../index.html#comment-91490</link>
		<dc:creator><![CDATA[Taro]]></dc:creator>
		<pubDate>Mon, 09 Mar 2015 21:08:36 +0000</pubDate>
		<guid isPermaLink="false">./../../../../index.html?p=2357#comment-91490</guid>
		<description><![CDATA[Yogesh -- As far as I know there is nothing really litigation worthy in the script that I don&#039;t see any issues (other than whatever licenses NumPy and Matplotlib use, which you need to check yourself). Unless you are trying to duplicate the blog post for another publication without giving proper credit to the source or using the CSV data (which I borrowed from other site), I don&#039;t see reusing the CA class itself as any issue.]]></description>
		<content:encoded><![CDATA[<p>Yogesh &#8212; As far as I know there is nothing really litigation worthy in the script that I don&#8217;t see any issues (other than whatever licenses NumPy and Matplotlib use, which you need to check yourself). Unless you are trying to duplicate the blog post for another publication without giving proper credit to the source or using the CSV data (which I borrowed from other site), I don&#8217;t see reusing the CA class itself as any issue.</p>
]]></content:encoded>
	</item>
	<item>
		<title>By: Yogesh</title>
		<link>./../index.html#comment-91406</link>
		<dc:creator><![CDATA[Yogesh]]></dc:creator>
		<pubDate>Mon, 09 Mar 2015 10:16:47 +0000</pubDate>
		<guid isPermaLink="false">./../../../../index.html?p=2357#comment-91406</guid>
		<description><![CDATA[Hey Taro,

Great work! What license do you make your codes available under? Would it be fine if I use part of your code for commercial/ research purposes?

Thanks-in-advance!]]></description>
		<content:encoded><![CDATA[<p>Hey Taro,</p>
<p>Great work! What license do you make your codes available under? Would it be fine if I use part of your code for commercial/ research purposes?</p>
<p>Thanks-in-advance!</p>
]]></content:encoded>
	</item>
	<item>
		<title>By: Taro</title>
		<link>./../index.html#comment-79964</link>
		<dc:creator><![CDATA[Taro]]></dc:creator>
		<pubDate>Thu, 11 Sep 2014 16:50:20 +0000</pubDate>
		<guid isPermaLink="false">./../../../../index.html?p=2357#comment-79964</guid>
		<description><![CDATA[Kaushik -- The code uses singular value decomposition and there is intrinsic sign ambiguity in the components you get from the method. I suspect that&#039;s the issue you are seeing here. People actually write papers on the issue (e.g., http://www.models.life.ku.dk/signflipsvd ), so I&#039;m not sure what the best way to deal with it in your particular situation.]]></description>
		<content:encoded><![CDATA[<p>Kaushik &#8212; The code uses singular value decomposition and there is intrinsic sign ambiguity in the components you get from the method. I suspect that&#8217;s the issue you are seeing here. People actually write papers on the issue (e.g., <a href="http://www.models.life.ku.dk/signflipsvd" rel="nofollow">http://www.models.life.ku.dk/signflipsvd</a> ), so I&#8217;m not sure what the best way to deal with it in your particular situation.</p>
]]></content:encoded>
	</item>
	<item>
		<title>By: Kaushik</title>
		<link>./../index.html#comment-79897</link>
		<dc:creator><![CDATA[Kaushik]]></dc:creator>
		<pubDate>Wed, 10 Sep 2014 16:29:00 +0000</pubDate>
		<guid isPermaLink="false">./../../../../index.html?p=2357#comment-79897</guid>
		<description><![CDATA[Hi, I was looking at CA for python and came across your awesome code for the same. I was trying to compare the results of it and if I try to run this on the dataset provided here, http://www.statsoft.com/Textbook/Correspondence-Analysis, I seem to be getting different values (the magnitudes are all the same but the signs of some values are different). Any idea as to what might be the issue?]]></description>
		<content:encoded><![CDATA[<p>Hi, I was looking at CA for python and came across your awesome code for the same. I was trying to compare the results of it and if I try to run this on the dataset provided here, <a href="http://www.statsoft.com/Textbook/Correspondence-Analysis" rel="nofollow">http://www.statsoft.com/Textbook/Correspondence-Analysis</a>, I seem to be getting different values (the magnitudes are all the same but the signs of some values are different). Any idea as to what might be the issue?</p>
]]></content:encoded>
	</item>
</channel>
</rss>
