<?xml version="1.0" encoding="UTF-8"?><rss version="2.0"
	xmlns:content="http://purl.org/rss/1.0/modules/content/"
	xmlns:wfw="http://wellformedweb.org/CommentAPI/"
	xmlns:dc="http://purl.org/dc/elements/1.1/"
	xmlns:atom="http://www.w3.org/2005/Atom"
	xmlns:sy="http://purl.org/rss/1.0/modules/syndication/"
	xmlns:slash="http://purl.org/rss/1.0/modules/slash/"
	>

<channel>
	<title>announcement &#8211; databaka</title>
	<atom:link href="./index.html" rel="self" type="application/rss+xml" />
	<link>./../../../index.html</link>
	<description>Just another WordPress site</description>
	<lastBuildDate>Sat, 13 Oct 2012 19:09:50 +0000</lastBuildDate>
	<language>en-US</language>
	<sy:updatePeriod>hourly</sy:updatePeriod>
	<sy:updateFrequency>1</sy:updateFrequency>
	<generator>https://wordpress.org/?v=4.4.17</generator>
	<item>
		<title>Hello!</title>
		<link>./../../../2012/09/06/hello-world/index.html</link>
		<comments>./../../../2012/09/06/hello-world/index.html#respond</comments>
		<pubDate>Thu, 06 Sep 2012 20:09:55 +0000</pubDate>
		<dc:creator><![CDATA[databaka]]></dc:creator>
				<category><![CDATA[Uncategorized]]></category>
		<category><![CDATA[announcement]]></category>

		<guid isPermaLink="false">./../../../index.html?p=1</guid>
		<description><![CDATA[Hi people. Here, I will be blogging about anything related to my hobby of looking at and analyzing data. Databaka (データばか) in Japanese means somebody who is a data freak.]]></description>
				<content:encoded><![CDATA[<p>Hi people.  Here, I will be blogging about anything related to my hobby of looking at and analyzing data.  Databaka (データばか) in Japanese means somebody who is a data freak.</p>
]]></content:encoded>
			<wfw:commentRss>./../../../2012/09/06/hello-world/feed/index.html</wfw:commentRss>
		<slash:comments>0</slash:comments>
		</item>
	</channel>
</rss>
