<?xml version="1.0" encoding="UTF-8"?><rss version="2.0"
	xmlns:content="http://purl.org/rss/1.0/modules/content/"
	xmlns:dc="http://purl.org/dc/elements/1.1/"
	xmlns:atom="http://www.w3.org/2005/Atom"
	xmlns:sy="http://purl.org/rss/1.0/modules/syndication/"
	
	>
<channel>
	<title>Comments on: Power Management on Lenovo T420 with Debian Wheezy</title>
	<atom:link href="./index.html" rel="self" type="application/rss+xml" />
	<link>./../index.html</link>
	<description>Taro Sato&#039;s Memorandum</description>
	<lastBuildDate>Mon, 07 Jan 2019 10:59:38 +0000</lastBuildDate>
	<sy:updatePeriod>hourly</sy:updatePeriod>
	<sy:updateFrequency>1</sy:updateFrequency>
	<generator>https://wordpress.org/?v=4.4.17</generator>
	<item>
		<title>By: Installing Debian Wheezy on Lenovo T420 &#124; Biboroku</title>
		<link>./../index.html#comment-9143</link>
		<dc:creator><![CDATA[Installing Debian Wheezy on Lenovo T420 &#124; Biboroku]]></dc:creator>
		<pubDate>Thu, 27 Sep 2012 23:04:42 +0000</pubDate>
		<guid isPermaLink="false">./../../../../index.html?p=1875#comment-9143</guid>
		<description><![CDATA[[...] Biboroku   Taro Sato&#039;s Memorandum    Skip to content HomeAboutAbout This BlogPresentations        &#8592; Power Management on Lenovo T420 with Debian Wheezy [...]]]></description>
		<content:encoded><![CDATA[<p>[&#8230;] Biboroku   Taro Sato&#039;s Memorandum    Skip to content HomeAboutAbout This BlogPresentations        &larr; Power Management on Lenovo T420 with Debian Wheezy [&#8230;]</p>
]]></content:encoded>
	</item>
	<item>
		<title>By: Taro</title>
		<link>./../index.html#comment-9013</link>
		<dc:creator><![CDATA[Taro]]></dc:creator>
		<pubDate>Sun, 23 Sep 2012 09:23:48 +0000</pubDate>
		<guid isPermaLink="false">./../../../../index.html?p=1875#comment-9013</guid>
		<description><![CDATA[Herwig -- I guess I forgot to mention a couple additional tweaks that I have made; I should add those to the post.

Does your T420s comes with a switchable graphics?  Mine does, but when on Linux (which is most of the time), I disable the external graphics completely in BIOS.  That does save a lot of power indeed, though if you have a need for the better graphics that might not be an option.  I just got T420 so have not researched much about how to power manage effectively with the external graphics yet.

Another thing is that I also disable TouchPad in BIOS.  I have a special affinity for TrackPoint and don&#039;t use the pad at all, so I disable it.]]></description>
		<content:encoded><![CDATA[<p>Herwig &#8212; I guess I forgot to mention a couple additional tweaks that I have made; I should add those to the post.</p>
<p>Does your T420s comes with a switchable graphics?  Mine does, but when on Linux (which is most of the time), I disable the external graphics completely in BIOS.  That does save a lot of power indeed, though if you have a need for the better graphics that might not be an option.  I just got T420 so have not researched much about how to power manage effectively with the external graphics yet.</p>
<p>Another thing is that I also disable TouchPad in BIOS.  I have a special affinity for TrackPoint and don&#8217;t use the pad at all, so I disable it.</p>
]]></content:encoded>
	</item>
	<item>
		<title>By: Herwig</title>
		<link>./../index.html#comment-9012</link>
		<dc:creator><![CDATA[Herwig]]></dc:creator>
		<pubDate>Sun, 23 Sep 2012 09:01:53 +0000</pubDate>
		<guid isPermaLink="false">./../../../../index.html?p=1875#comment-9012</guid>
		<description><![CDATA[Wow, my T420s consumes 19 - 26W on battery (10W in Windows7)
... and that with your (and others) mentioned optimizations and tools.

Do you have any further hints for me? 
I can&#039;t interpret the output of powertop...


The battery reports a discharge rate of 18.6 W
The estimated remaining time is 117 minutes

Summary: 194.1 wakeups/second,  0.0 GPU ops/second, 0.0 VFS ops/sec and 7.4% CPU use

                Usage       Events/s    Category       Description
             3536 rpm                   Device         Laptop fan
            100.0%                      Device         Audio codec hwC0D0: Conexant
              2.7 ms/s      62.3        Interrupt      PS/2 Touchpad / Keyboard / Mouse
             12.6 ms/s      32.7        Process        gnome-terminal
             12.6 ms/s      24.9        Process        /usr/bin/Xorg :0 -br -verbose -novtswitch -auth /var/ru
              0.9 ms/s      22.4        Interrupt      [48] i915
              7.6 ms/s      17.9        Process        /usr/bin/gnome-shell
             29.5 ms/s      0.10        kWork          output_poll_execute
            567.9 us/s       7.5        Interrupt      [6] tasklet(softirq)]]></description>
		<content:encoded><![CDATA[<p>Wow, my T420s consumes 19 &#8211; 26W on battery (10W in Windows7)<br />
&#8230; and that with your (and others) mentioned optimizations and tools.</p>
<p>Do you have any further hints for me?<br />
I can&#8217;t interpret the output of powertop&#8230;</p>
<p>The battery reports a discharge rate of 18.6 W<br />
The estimated remaining time is 117 minutes</p>
<p>Summary: 194.1 wakeups/second,  0.0 GPU ops/second, 0.0 VFS ops/sec and 7.4% CPU use</p>
<p>                Usage       Events/s    Category       Description<br />
             3536 rpm                   Device         Laptop fan<br />
            100.0%                      Device         Audio codec hwC0D0: Conexant<br />
              2.7 ms/s      62.3        Interrupt      PS/2 Touchpad / Keyboard / Mouse<br />
             12.6 ms/s      32.7        Process        gnome-terminal<br />
             12.6 ms/s      24.9        Process        /usr/bin/Xorg :0 -br -verbose -novtswitch -auth /var/ru<br />
              0.9 ms/s      22.4        Interrupt      [48] i915<br />
              7.6 ms/s      17.9        Process        /usr/bin/gnome-shell<br />
             29.5 ms/s      0.10        kWork          output_poll_execute<br />
            567.9 us/s       7.5        Interrupt      [6] tasklet(softirq)</p>
]]></content:encoded>
	</item>
</channel>
</rss>
