<?xml version="1.0" encoding="UTF-8"?><rss version="2.0"
	xmlns:content="http://purl.org/rss/1.0/modules/content/"
	xmlns:dc="http://purl.org/dc/elements/1.1/"
	xmlns:atom="http://www.w3.org/2005/Atom"
	xmlns:sy="http://purl.org/rss/1.0/modules/syndication/"
	
	>
<channel>
	<title>Comments on: Canon PIXMA iP1800 for Debian Lenny</title>
	<atom:link href="./index.html" rel="self" type="application/rss+xml" />
	<link>./../index.html</link>
	<description>Taro Sato&#039;s Memorandum</description>
	<lastBuildDate>Mon, 07 Jan 2019 10:59:38 +0000</lastBuildDate>
	<sy:updatePeriod>hourly</sy:updatePeriod>
	<sy:updateFrequency>1</sy:updateFrequency>
	<generator>https://wordpress.org/?v=4.4.17</generator>
	<item>
		<title>By: nomo17k</title>
		<link>./../index.html#comment-14</link>
		<dc:creator><![CDATA[nomo17k]]></dc:creator>
		<pubDate>Mon, 31 May 2010 13:09:50 +0000</pubDate>
		<guid isPermaLink="false">http://nomo17k.wordpress.com/?p=165#comment-14</guid>
		<description><![CDATA[I don&#039;t have a box running FreeBSD so I&#039;m not sure.]]></description>
		<content:encoded><![CDATA[<p>I don&#8217;t have a box running FreeBSD so I&#8217;m not sure.</p>
]]></content:encoded>
	</item>
	<item>
		<title>By: rainbow</title>
		<link>./../index.html#comment-13</link>
		<dc:creator><![CDATA[rainbow]]></dc:creator>
		<pubDate>Mon, 31 May 2010 12:54:49 +0000</pubDate>
		<guid isPermaLink="false">http://nomo17k.wordpress.com/?p=165#comment-13</guid>
		<description><![CDATA[This driver can use for freebsd??]]></description>
		<content:encoded><![CDATA[<p>This driver can use for freebsd??</p>
]]></content:encoded>
	</item>
	<item>
		<title>By: nomo17k</title>
		<link>./../index.html#comment-12</link>
		<dc:creator><![CDATA[nomo17k]]></dc:creator>
		<pubDate>Tue, 15 Dec 2009 15:25:59 +0000</pubDate>
		<guid isPermaLink="false">http://nomo17k.wordpress.com/?p=165#comment-12</guid>
		<description><![CDATA[I don&#039;t own an iP1700, so I&#039;m not sure.]]></description>
		<content:encoded><![CDATA[<p>I don&#8217;t own an iP1700, so I&#8217;m not sure.</p>
]]></content:encoded>
	</item>
	<item>
		<title>By: raul ascencio</title>
		<link>./../index.html#comment-11</link>
		<dc:creator><![CDATA[raul ascencio]]></dc:creator>
		<pubDate>Tue, 15 Dec 2009 14:20:59 +0000</pubDate>
		<guid isPermaLink="false">http://nomo17k.wordpress.com/?p=165#comment-11</guid>
		<description><![CDATA[This driver can use whit a ip1700??]]></description>
		<content:encoded><![CDATA[<p>This driver can use whit a ip1700??</p>
]]></content:encoded>
	</item>
	<item>
		<title>By: Canon IP1800 &#8211; update &#171; NiGhTHawK</title>
		<link>./../index.html#comment-10</link>
		<dc:creator><![CDATA[Canon IP1800 &#8211; update &#171; NiGhTHawK]]></dc:creator>
		<pubDate>Thu, 24 Sep 2009 09:44:40 +0000</pubDate>
		<guid isPermaLink="false">http://nomo17k.wordpress.com/?p=165#comment-10</guid>
		<description><![CDATA[[...] Taken from: http://nomo17k.wordpress.com/2009/03/22/canon-pixma-ip1800-for-debian-lenny/ [...]]]></description>
		<content:encoded><![CDATA[<p>[&#8230;] Taken from: <a href="http://nomo17k.wordpress.com/2009/03/22/canon-pixma-ip1800-for-debian-lenny/" rel="nofollow">http://nomo17k.wordpress.com/2009/03/22/canon-pixma-ip1800-for-debian-lenny/</a> [&#8230;]</p>
]]></content:encoded>
	</item>
</channel>
</rss>
