<?xml version="1.0" encoding="UTF-8"?><rss version="2.0"
	xmlns:content="http://purl.org/rss/1.0/modules/content/"
	xmlns:wfw="http://wellformedweb.org/CommentAPI/"
	xmlns:dc="http://purl.org/dc/elements/1.1/"
	xmlns:atom="http://www.w3.org/2005/Atom"
	xmlns:sy="http://purl.org/rss/1.0/modules/syndication/"
	xmlns:slash="http://purl.org/rss/1.0/modules/slash/"
	>

<channel>
	<title>bit operation &#8211; cs4bum</title>
	<atom:link href="./index.html" rel="self" type="application/rss+xml" />
	<link>./../../../index.html</link>
	<description>Algorithms, data structures, brain teasers, etc.</description>
	<lastBuildDate>Sat, 06 Oct 2012 06:38:03 +0000</lastBuildDate>
	<language>en-US</language>
	<sy:updatePeriod>hourly</sy:updatePeriod>
	<sy:updateFrequency>1</sy:updateFrequency>
	<generator>https://wordpress.org/?v=4.4.17</generator>
	<item>
		<title>Swapping integers without temporary storage</title>
		<link>./../../../2012/09/06/swapping-integers-without-temporary-storage/index.html</link>
		<comments>./../../../2012/09/06/swapping-integers-without-temporary-storage/index.html#respond</comments>
		<pubDate>Fri, 07 Sep 2012 01:27:33 +0000</pubDate>
		<dc:creator><![CDATA[okomestudio]]></dc:creator>
				<category><![CDATA[Uncategorized]]></category>
		<category><![CDATA[algorithm]]></category>
		<category><![CDATA[bit operation]]></category>
		<category><![CDATA[brain teaser]]></category>
		<category><![CDATA[Cpp]]></category>

		<guid isPermaLink="false">./../../../index.html?p=175</guid>
		<description><![CDATA[Swap two integers without using temporary variable. Use the properties of XOR bit operation. C++]]></description>
				<content:encoded><![CDATA[<blockquote><p>Swap two integers without using temporary variable.</p></blockquote>
<p>Use the properties of <a href="http://en.wikipedia.org/wiki/XOR_swap_algorithm">XOR bit operation</a>.</p>
<h3>C++</h3>
<pre class="brush: cpp; light: false; title: ; toolbar: true; notranslate">#include &lt;iostream&gt;

using namespace std;


// swap without using a temporary storage.
void swap(int &amp;a, int &amp;b)
{
  if (a != b) {
    b = a ^ b;
    a = a ^ b;
    b = a ^ b;
  }
}


// without bit operation
void swap2(int &amp;a, int &amp;b)
{
  b = a - b;
  a = a - b;
  b = b + a;
}


int main()
{
  int const A = -9, B = 2;
  int a, b;

  cout &lt;&lt; &quot;Numbers to be swapped:&quot; &lt;&lt; endl;
  cout &lt;&lt; A &lt;&lt; ' ' &lt;&lt; B &lt;&lt; endl;

  cout &lt;&lt; endl;
  cout &lt;&lt; &quot;Swapped:&quot; &lt;&lt; endl;

  a = A;
  b = B;
  swap(a, b);
  cout &lt;&lt; a &lt;&lt; ' ' &lt;&lt; b &lt;&lt; endl;

  a = A;
  b = B;
  swap2(a, b);
  cout &lt;&lt; a &lt;&lt; ' ' &lt;&lt; b &lt;&lt; endl;

  return 0;
}</pre>
]]></content:encoded>
			<wfw:commentRss>./../../../2012/09/06/swapping-integers-without-temporary-storage/feed/index.html</wfw:commentRss>
		<slash:comments>0</slash:comments>
		</item>
		<item>
		<title>Binary representation of an unsigned integer</title>
		<link>./../../../2012/09/05/binary-representation-of-an-unsigned-integer/index.html</link>
		<comments>./../../../2012/09/05/binary-representation-of-an-unsigned-integer/index.html#respond</comments>
		<pubDate>Wed, 05 Sep 2012 08:19:29 +0000</pubDate>
		<dc:creator><![CDATA[okomestudio]]></dc:creator>
				<category><![CDATA[Uncategorized]]></category>
		<category><![CDATA[bit operation]]></category>

		<guid isPermaLink="false">./../../../index.html?p=164</guid>
		<description><![CDATA[How many bits are needed to represent 1532345? The maximum unsigned integer that can be expressed by bits is given by . Then for 1532345, we have Hence we need at least 21 bits to represent 1532345.]]></description>
				<content:encoded><![CDATA[<blockquote><p>How many bits are needed to represent 1532345?</p></blockquote>
<p>The maximum unsigned integer that can be expressed by <img src='http://s0.wp.com/latex.php?latex=n&#038;bg=ffffff&#038;fg=000000&#038;s=0' alt='n' title='n' class='latex' /> bits is given by <img src='http://s0.wp.com/latex.php?latex=2%5En+-+1&#038;bg=ffffff&#038;fg=000000&#038;s=0' alt='2^n - 1' title='2^n - 1' class='latex' />.  Then for 1532345, we have<br />
<img src='http://s0.wp.com/latex.php?latex=%5Cdisplaystyle++2%5En+-+1+%3E+1532345+%5C%5C++%5Clog_%7B2%7D+%5Cleft%282%5En%5Cright%29+%3E+%5Clog_%7B2%7D+%5Cleft%281532345+-+1%5Cright%29+%5C%5C++n+%5Clog_%7B2%7D+%5Cleft%282%5Cright%29+%3E+%5Clog_%7B2%7D+%5Cleft%281532345+-+1%5Cright%29+%5C%5C++n+%3E+%5Clog_%7B2%7D+%5Cleft%281532345+-+1%5Cright%29+%5C%5C++n+%3E+20.55+%5C+.&#038;bg=ffffff&#038;fg=000000&#038;s=0' alt='\displaystyle  2^n - 1 &gt; 1532345 \\  \log_{2} \left(2^n\right) &gt; \log_{2} \left(1532345 - 1\right) \\  n \log_{2} \left(2\right) &gt; \log_{2} \left(1532345 - 1\right) \\  n &gt; \log_{2} \left(1532345 - 1\right) \\  n &gt; 20.55 \ .' title='\displaystyle  2^n - 1 &gt; 1532345 \\  \log_{2} \left(2^n\right) &gt; \log_{2} \left(1532345 - 1\right) \\  n \log_{2} \left(2\right) &gt; \log_{2} \left(1532345 - 1\right) \\  n &gt; \log_{2} \left(1532345 - 1\right) \\  n &gt; 20.55 \ .' class='latex' /><br />
Hence we need at least 21 bits to represent 1532345.</p>
]]></content:encoded>
			<wfw:commentRss>./../../../2012/09/05/binary-representation-of-an-unsigned-integer/feed/index.html</wfw:commentRss>
		<slash:comments>0</slash:comments>
		</item>
		<item>
		<title>Bit operation: Finding the max of two integers</title>
		<link>./../../../2012/09/03/bit-operation-finding-the-max-of-two-integers/index.html</link>
		<comments>./../../../2012/09/03/bit-operation-finding-the-max-of-two-integers/index.html#respond</comments>
		<pubDate>Mon, 03 Sep 2012 21:47:59 +0000</pubDate>
		<dc:creator><![CDATA[okomestudio]]></dc:creator>
				<category><![CDATA[Uncategorized]]></category>
		<category><![CDATA[algorithm]]></category>
		<category><![CDATA[bit operation]]></category>
		<category><![CDATA[C]]></category>
		<category><![CDATA[maximum]]></category>

		<guid isPermaLink="false">./../../../index.html?p=138</guid>
		<description><![CDATA[Write a function which computes the maximum of two integers without using if-else or comparison operators. Assuming integers are represented by two&#8217;s compliment, the following works, so long as the difference of two numbers (x &#8211; y) are within INT_MIN and INT_MAX (i.e., does not overflow). C]]></description>
				<content:encoded><![CDATA[<blockquote><p>Write a function which computes the maximum of two integers without using if-else or comparison operators.</p></blockquote>
<p>Assuming integers are represented by two&#8217;s compliment, the following works, so long as the difference of two numbers (x &#8211; y) are within INT_MIN and INT_MAX (i.e., does not overflow).</p>
<h3>C</h3>
<pre class="brush: cpp; light: false; title: ; toolbar: true; notranslate">#include &lt;stdio.h&gt;
#include &lt;limits.h&gt;


int maximum(x, y)
{
  return x - ((x - y) &amp; ((x - y) &gt;&gt; (sizeof(int) * CHAR_BIT - 1)));
}


int main()
{
  printf(&quot;%d\n&quot;, maximum(3, 7));
  printf(&quot;%d\n&quot;, maximum(11, 7));
  printf(&quot;%d\n&quot;, maximum(0, 0));
  printf(&quot;%d\n&quot;, maximum(-23, -3));
  printf(&quot;%d\n&quot;, maximum(-23, 7));
  printf(&quot;%d\n&quot;, maximum(2147483643, -22222222)); // overflows
  return 0;
}</pre>
]]></content:encoded>
			<wfw:commentRss>./../../../2012/09/03/bit-operation-finding-the-max-of-two-integers/feed/index.html</wfw:commentRss>
		<slash:comments>0</slash:comments>
		</item>
	</channel>
</rss>
