<?xml version="1.0" encoding="UTF-8"?><rss version="2.0"
	xmlns:content="http://purl.org/rss/1.0/modules/content/"
	xmlns:dc="http://purl.org/dc/elements/1.1/"
	xmlns:atom="http://www.w3.org/2005/Atom"
	xmlns:sy="http://purl.org/rss/1.0/modules/syndication/"
	
	>
<channel>
	<title>Comments on: Installing wxPython 2.8 on Debian Lenny</title>
	<atom:link href="./index.html" rel="self" type="application/rss+xml" />
	<link>./../index.html</link>
	<description>Taro Sato&#039;s Memorandum</description>
	<lastBuildDate>Mon, 07 Jan 2019 10:59:38 +0000</lastBuildDate>
	<sy:updatePeriod>hourly</sy:updatePeriod>
	<sy:updateFrequency>1</sy:updateFrequency>
	<generator>https://wordpress.org/?v=4.4.17</generator>
	<item>
		<title>By: Liam Gretton</title>
		<link>./../index.html#comment-34291</link>
		<dc:creator><![CDATA[Liam Gretton]]></dc:creator>
		<pubDate>Tue, 20 Aug 2013 09:02:40 +0000</pubDate>
		<guid isPermaLink="false">http://nomo17k.wordpress.com/?p=622#comment-34291</guid>
		<description><![CDATA[The LD_LIBRARY_PATH issue can be fixed by hacking &lt;i&gt;wx-config&lt;/i&gt; (pending a proper fix from the author).

Add the following line near the start:

&lt;code&gt;_rpath=&quot;-Wl,-R/usr/local/lib/wx/2.8/lib&quot;&lt;/code&gt;]]></description>
		<content:encoded><![CDATA[<p>The LD_LIBRARY_PATH issue can be fixed by hacking <i>wx-config</i> (pending a proper fix from the author).</p>
<p>Add the following line near the start:</p>
<p><code>_rpath="-Wl,-R/usr/local/lib/wx/2.8/lib"</code></p>
]]></content:encoded>
	</item>
	<item>
		<title>By: Taro</title>
		<link>./../index.html#comment-7521</link>
		<dc:creator><![CDATA[Taro]]></dc:creator>
		<pubDate>Sun, 15 Jul 2012 02:22:44 +0000</pubDate>
		<guid isPermaLink="false">http://nomo17k.wordpress.com/?p=622#comment-7521</guid>
		<description><![CDATA[Vladimir -- Thanks for the note!  The typo has been fixed.]]></description>
		<content:encoded><![CDATA[<p>Vladimir &#8212; Thanks for the note!  The typo has been fixed.</p>
]]></content:encoded>
	</item>
	<item>
		<title>By: Vladimir</title>
		<link>./../index.html#comment-7436</link>
		<dc:creator><![CDATA[Vladimir]]></dc:creator>
		<pubDate>Mon, 09 Jul 2012 14:11:18 +0000</pubDate>
		<guid isPermaLink="false">http://nomo17k.wordpress.com/?p=622#comment-7436</guid>
		<description><![CDATA[Hi, thanks a lot for this guide, it&#039;s very helpful.
Just wanted to note that:

    --enable-graphic_ctx

should be spelled as

    --enable-graphics_ctx]]></description>
		<content:encoded><![CDATA[<p>Hi, thanks a lot for this guide, it&#8217;s very helpful.<br />
Just wanted to note that:</p>
<p>    &#8211;enable-graphic_ctx</p>
<p>should be spelled as</p>
<p>    &#8211;enable-graphics_ctx</p>
]]></content:encoded>
	</item>
	<item>
		<title>By: Installing NumPy, SciPy, &#38; Matplotlib on Debian Lenny (AMD64) with Python 2.6 &#124; Biboroku</title>
		<link>./../index.html#comment-145</link>
		<dc:creator><![CDATA[Installing NumPy, SciPy, &#38; Matplotlib on Debian Lenny (AMD64) with Python 2.6 &#124; Biboroku]]></dc:creator>
		<pubDate>Sun, 09 Jan 2011 20:34:27 +0000</pubDate>
		<guid isPermaLink="false">http://nomo17k.wordpress.com/?p=622#comment-145</guid>
		<description><![CDATA[[...] installing matplotlib, I want to install wx, since I want to use it as the main GUI backend.  See this installation note if you need to build wxPython from source.  Be careful that when building against wxagg, you [...]]]></description>
		<content:encoded><![CDATA[<p>[&#8230;] installing matplotlib, I want to install wx, since I want to use it as the main GUI backend.  See this installation note if you need to build wxPython from source.  Be careful that when building against wxagg, you [&#8230;]</p>
]]></content:encoded>
	</item>
	<item>
		<title>By: Installing NumPy, SciPy, &#38; Matplotlib on Debian Lenny (AMD64) with Python 2.6 &#171; Biboroku</title>
		<link>./../index.html#comment-37</link>
		<dc:creator><![CDATA[Installing NumPy, SciPy, &#38; Matplotlib on Debian Lenny (AMD64) with Python 2.6 &#171; Biboroku]]></dc:creator>
		<pubDate>Sun, 14 Mar 2010 02:38:20 +0000</pubDate>
		<guid isPermaLink="false">http://nomo17k.wordpress.com/?p=622#comment-37</guid>
		<description><![CDATA[[...] installing matplotlib, I want to install wx, since I want to use it as the main GUI backend.  See this installation note if you need to build wxPython from source.  Be careful that when building against wxagg, you [...]]]></description>
		<content:encoded><![CDATA[<p>[&#8230;] installing matplotlib, I want to install wx, since I want to use it as the main GUI backend.  See this installation note if you need to build wxPython from source.  Be careful that when building against wxagg, you [&#8230;]</p>
]]></content:encoded>
	</item>
	<item>
		<title>By: Installing wxPython 2.8 on Debian Lenny &#124; Debian-News.net - Your one stop for news about Debian</title>
		<link>./../index.html#comment-36</link>
		<dc:creator><![CDATA[Installing wxPython 2.8 on Debian Lenny &#124; Debian-News.net - Your one stop for news about Debian]]></dc:creator>
		<pubDate>Mon, 08 Mar 2010 20:23:38 +0000</pubDate>
		<guid isPermaLink="false">http://nomo17k.wordpress.com/?p=622#comment-36</guid>
		<description><![CDATA[[...] version for Lenny. I’m adding wxPython 2.8 to Python 2.6, which I installed from source. More here I mostly followed what the official wxPython installation guide says. It was not a smooth [...]]]></description>
		<content:encoded><![CDATA[<p>[&#8230;] version for Lenny. I’m adding wxPython 2.8 to Python 2.6, which I installed from source. More here I mostly followed what the official wxPython installation guide says. It was not a smooth [&#8230;]</p>
]]></content:encoded>
	</item>
</channel>
</rss>
